#pragma once
#include <Arduino.h>

// Audio sampling rate configured in Audacity (e.g., 8000 Hz or 11025 Hz)
const uint32_t SOUND_SAMPLE_RATE = 8000;

// Train movement sound array
const uint8_t DRAM_ATTR chugSound[]  = {
  0x84, 0x85, 0x84, 0x86, 0x85, 0x84, 0x81, 0x81, 0x7e, 0x78, 0x79, 0x7f, 0x7b, 0x79, 0x7b, 0x7e, 
  0x86, 0x94, 0x95, 0x8f, 0x8a, 0x85, 0x85, 0x82, 0x84, 0x7a, 0x79, 0x7a, 0x78, 0x7f, 0x8b, 0x98, 
  0x9e, 0x9e, 0x9b, 0x94, 0x86, 0x86, 0x9a, 0xa1, 0x97, 0x82, 0x7b, 0x79, 0x57, 0x4f, 0x71, 0x76, 
  0x65, 0x70, 0x7b, 0x87, 0x97, 0x9a, 0x88, 0x92, 0xa7, 0xa9, 0xa0, 0x97, 0x93, 0x8a, 0xa1, 0xba, 
  0xa7, 0x84, 0x8a, 0x7f, 0x73, 0x6c, 0x66, 0x4e, 0x42, 0x5b, 0x82, 0x9c, 0xa8, 0xae, 0x90, 0x88, 
  0x86, 0x7c, 0x82, 0x98, 0x89, 0x87, 0x91, 0x76, 0x71, 0x6e, 0x7d, 0xab, 0x86, 0x6f, 0x86, 0x6b, 
  0x69, 0x82, 0x99, 0x4c, 0x32, 0x5a, 0x74, 0xa3, 0xcd, 0xf2, 0xce, 0xab, 0x75, 0x7b, 0x8e, 0x84, 
  0x88, 0x5e, 0x4d, 0x61, 0x84, 0x9e, 0xb3, 0x7c, 0x46, 0x5d, 0x70, 0xa1, 0xab, 0x4e, 0x17, 0x17, 
  0x0a, 0x45, 0xd6, 0xfa, 0xcf, 0x9b, 0x5c, 0x5b, 0xa9, 0xcd, 0xdd, 0xff, 0xe1, 0xcf, 0xef, 0xf5, 
  0xf5, 0xff, 0xde, 0x9d, 0x64, 0x72, 0x89, 0x63, 0x80, 0x6f, 0x52, 0x42, 0x76, 0x61, 0x25, 0x13, 
  0x25, 0x3d, 0x6d, 0xc7, 0xf4, 0xd3, 0x88, 0xa7, 0xda, 0xff, 0xff, 0xcf, 0xa6, 0xbf, 0x9d, 0x7c, 
  0xac, 0x84, 0x68, 0x5a, 0x13, 0x01, 0x0a, 0x00, 0x00, 0x57, 0x97, 0x85, 0x61, 0x8d, 0x77, 0x74, 
  0x8f, 0x71, 0x5d, 0xb8, 0xa8, 0x7f, 0xa6, 0x9e, 0x8b, 0x6e, 0x2c, 0x6b, 0x58, 0x79, 0xb2, 0xa0, 
  0xb5, 0xa7, 0xc6, 0x7b, 0x9c, 0xe4, 0xfb, 0xff, 0xeb, 0xc0, 0x7b, 0x79, 0xab, 0x6c, 0x85, 0x38, 
  0x0c, 0x12, 0x00, 0x61, 0x7b, 0xc5, 0xb5, 0x90, 0xa0, 0xc3, 0xca, 0xa4, 0x74, 0x49, 0x6a, 0x79, 
  0xcc, 0xbd, 0xa6, 0xa1, 0x78, 0x4f, 0x4b, 0x3f, 0x55, 0x80, 0xc5, 0xf6, 0xff, 0xf6, 0xe3, 0xff, 
  0xa1, 0xaa, 0xae, 0xa3, 0xca, 0xce, 0x79, 0x4b, 0x92, 0x6a, 0x39, 0x60, 0x80, 0x73, 0x69, 0x49, 
  0x00, 0x00, 0x00, 0x0e, 0x39, 0x53, 0x85, 0x89, 0xb6, 0x7c, 0x20, 0x3b, 0x76, 0xa0, 0xc8, 0xff, 
  0xd7, 0xda, 0xd6, 0x95, 0x8a, 0x8e, 0x61, 0x6e, 0xd1, 0xff, 0xff, 0xd3, 0x92, 0x74, 0x56, 0x2f, 
  0x27, 0x61, 0x96, 0x93, 0x7a, 0x71, 0x6f, 0x45, 0x6d, 0x4b, 0x40, 0x3c, 0x3d, 0x41, 0x53, 0x93, 
  0xcd, 0xff, 0xd3, 0xd2, 0xb9, 0x95, 0x6e, 0x3d, 0x7e, 0xac, 0x92, 0x63, 0x9e, 0x72, 0x39, 0x00, 
  0x00, 0x00, 0x3a, 0xe0, 0xff, 0xff, 0xff, 0xff, 0x9e, 0x8c, 0xa6, 0x8c, 0xc3, 0xe4, 0xb8, 0xa0, 
  0xb4, 0x66, 0x42, 0x50, 0x68, 0x8b, 0x79, 0x96, 0x44, 0x10, 0x00, 0x00, 0x09, 0xa0, 0xff, 0xff, 
  0xc5, 0x0f, 0x00, 0x00, 0x2c, 0x5d, 0x7a, 0xff, 0xc3, 0x78, 0x6c, 0x0c, 0x82, 0x68, 0xa5, 0xea, 
  0x8f, 0x75, 0x12, 0x00, 0x1a, 0x5c, 0x70, 0x7b, 0xc8, 0xff, 0xcc, 0xa4, 0xaa, 0x9e, 0x71, 0xdb, 
  0xff, 0xff, 0xca, 0x84, 0x00, 0x00, 0x00, 0x00, 0x52, 0x2b, 0x91, 0xa0, 0xe3, 0xbc, 0x89, 0xbe, 
  0xc3, 0xf2, 0x9c, 0x76, 0xc6, 0xf9, 0xff, 0xff, 0xff, 0xdc, 0xcd, 0x32, 0x16, 0x7e, 0xc9, 0xe8, 
  0xec, 0x7e, 0x00, 0x00, 0x00, 0x51, 0xbc, 0xff, 0xff, 0x42, 0x00, 0x00, 0x00, 0x00, 0x00, 0x00, 
  0x00, 0x00, 0x0c, 0x00, 0x15, 0xad, 0xa3, 0xff, 0xcf, 0xb6, 0xa9, 0x6a, 0xd2, 0x9e, 0xff, 0xb2, 
  0x35, 0x01, 0x08, 0x89, 0xff, 0xff, 0xff, 0xff, 0xff, 0xbd, 0x8f, 0xff, 0xff, 0xff, 0x49, 0x00, 
  0x00, 0x00, 0x29, 0xff, 0xff, 0xff, 0xff, 0xff, 0x2c, 0x00, 0x02, 0x52, 0xe8, 0xc1, 0xe1, 0x96, 
  0x65, 0x00, 0x31, 0x00, 0x00, 0x00, 0x43, 0x76, 0x88, 0xd0, 0x1d, 0x3b, 0x00, 0x00, 0x00, 0x00, 
  0x00, 0x00, 0xef, 0xff, 0xff, 0x06, 0x00, 0x5b, 0x00, 0x52, 0xd6, 0xd5, 0xff, 0x91, 0x00, 0x0d, 
  0x00, 0x41, 0x00, 0x5a, 0xbe, 0xff, 0xff, 0xff, 0xff, 0xff, 0xe3, 0x51, 0x00, 0x00, 0x00, 0x68, 
  0xff, 0xff, 0xff, 0xff, 0xff, 0xff, 0xdc, 0x98, 0x00, 0x4b, 0x21, 0x11, 0x00, 0x00, 0x00, 0x26, 
  0xa2, 0xff, 0xff, 0x95, 0x37, 0x00, 0x00, 0x00, 0x00, 0xa5, 0x96, 0x00, 0x00, 0xbf, 0xec, 0xf4, 
  0xbc, 0xd0, 0x86, 0x7a, 0x37, 0x03, 0x52, 0x75, 0x3a, 0x8f, 0xff, 0x80, 0x0e, 0x00, 0x00, 0x00, 
  0xff, 0xff, 0xff, 0xff, 0xff, 0x6f, 0xc8, 0xb9, 0xd7, 0xa8, 0xbc, 0xc8, 0xa0, 0xff, 0xff, 0xd4, 
  0x00, 0x00, 0x00, 0x00, 0x00, 0x00, 0x00, 0x00, 0x00, 0x00, 0x09, 0x5d, 0xff, 0xff, 0xff, 0xff, 
  0xff, 0xff, 0xff, 0xff, 0xff, 0x40, 0x82, 0x91, 0x5e, 0x00, 0x6f, 0x00, 0x00, 0x1a, 0xa9, 0x07, 
  0x00, 0x00, 0xc4, 0xff, 0xff, 0xff, 0xff, 0x71, 0x4c, 0x16, 0x00, 0x8f, 0x00, 0x00, 0x00, 0x00, 
  0xb1, 0xff, 0xff, 0xff, 0xff, 0xff, 0xf7, 0xff, 0xff, 0xff, 0x00, 0x00, 0x00, 0x00, 0x00, 0x00, 
  0x00, 0x00, 0x00, 0x00, 0x00, 0x00, 0x00, 0xdf, 0xd8, 0x11, 0xb6, 0x6c, 0x00, 0x4a, 0x2f, 0x00, 
  0x00, 0xfe, 0xff, 0xff, 0xff, 0xff, 0xff, 0x5c, 0x00, 0x10, 0xff, 0xff, 0xff, 0xff, 0x76, 0x00, 
  0x00, 0x00, 0x00, 0x5c, 0xff, 0xff, 0xcc, 0xc7, 0x6f, 0xff, 0xb4, 0xff, 0xff, 0xff, 0xff, 0xff, 
  0xff, 0xff, 0xe7, 0x00, 0xff, 0x01, 0x00, 0x00, 0xce, 0xa8, 0x4f, 0x1f, 0x00, 0xff, 0xff, 0x94, 
  0x00, 0x00, 0x00, 0x00, 0x00, 0x00, 0x00, 0x00, 0xff, 0x94, 0x1d, 0x00, 0x9b, 0xff, 0xff, 0xff, 
  0xff, 0xff, 0xff, 0x74, 0x03, 0x82, 0xff, 0xff, 0xff, 0xff, 0x00, 0x00, 0xb0, 0x96, 0xff, 0xff, 
  0xff, 0xff, 0xff, 0xf1, 0x6a, 0xb8, 0x1d, 0xcf, 0xa2, 0x3d, 0xff, 0xff, 0x7b, 0x00, 0x00, 0x00, 
  0x26, 0x00, 0x7f, 0xa0, 0x00, 0x6d, 0xff, 0xff, 0x3c, 0x69, 0xbb, 0xfb, 0x00, 0x00, 0x00, 0x41, 
  0xb6, 0xff, 0xff, 0xb6, 0x8d, 0x00, 0x00, 0x00, 0x00, 0x00, 0xff, 0xff, 0xff, 0xff, 0x83, 0x9d, 
  0xd4, 0xbf, 0xad, 0xd3, 0x00, 0x00, 0xda, 0xff, 0xff, 0xff, 0xff, 0xff, 0x00, 0x00, 0x00, 0x00, 
  0x90, 0x34, 0xc0, 0x3f, 0x00, 0x5d, 0xe2, 0xff, 0xb4, 0xff, 0x02, 0x1d, 0x00, 0x00, 0x9d, 0x00, 
  0x00, 0x00, 0xff, 0xff, 0xff, 0xd0, 0xff, 0xfc, 0xff, 0xff, 0xff, 0xff, 0xff, 0xff, 0x82, 0xbb, 
  0xff, 0xc8, 0x00, 0x19, 0x47, 0x00, 0x00, 0x00, 0x00, 0x00, 0x00, 0x00, 0x00, 0x00, 0x00, 0x00, 
  0x13, 0x23, 0xff, 0xff, 0xff, 0x9d, 0xfa, 0xff, 0xff, 0xff, 0xff, 0xff, 0x5d, 0x00, 0x00, 0x00, 
  0x99, 0xff, 0xff, 0x11, 0x00, 0x00, 0x00, 0x00, 0x00, 0x44, 0xd9, 0xff, 0x03, 0x00, 0x26, 0xd3, 
  0xff, 0xff, 0xff, 0xff, 0xff, 0xff, 0xff, 0x4d, 0x00, 0x00, 0xff, 0xff, 0xff, 0xff, 0xff, 0xff, 
  0xff, 0xff, 0x53, 0x74, 0x23, 0x00, 0x00, 0x00, 0x00, 0x00, 0x00, 0x00, 0x00, 0x00, 0x00, 0x00, 
  0x00, 0x00, 0x00, 0x00, 0x21, 0x3e, 0x94, 0xff, 0xff, 0xff, 0xff, 0xff, 0xff, 0xff, 0xff, 0xff, 
  0xff, 0xff, 0xff, 0xff, 0xff, 0xff, 0xff, 0x83, 0x00, 0x00, 0x00, 0x1d, 0xaf, 0xff, 0xf5, 0x6a, 
  0x00, 0x00, 0x00, 0x00, 0x00, 0x00, 0x00, 0x03, 0xe1, 0xa8, 0x55, 0x00, 0x6f, 0xff, 0x34, 0x29, 
  0xd1, 0xff, 0xfb, 0xbd, 0xff, 0xab, 0x00, 0x25, 0xdb, 0xff, 0xff, 0xff, 0xff, 0xff, 0xff, 0xde, 
  0x3f, 0x29, 0xce, 0x97, 0xb4, 0x4c, 0x06, 0x00, 0x32, 0x4d, 0x52, 0x58, 0x00, 0x00, 0x00, 0x00, 
  0x2a, 0x33, 0x68, 0x57, 0x07, 0x00, 0x00, 0x00, 0x00, 0x00, 0x00, 0x00, 0x00, 0x90, 0xff, 0xff, 
  0xff, 0xff, 0xff, 0xff, 0xff, 0xff, 0xd8, 0xff, 0xff, 0xff, 0xff, 0xff, 0xca, 0x30, 0x00, 0x53, 
  0xb7, 0xff, 0xff, 0x7b, 0xcf, 0xff, 0xff, 0xff, 0x31, 0x00, 0x00, 0x00, 0x00, 0x00, 0x00, 0x00, 
  0x75, 0x7b, 0xff, 0xff, 0xcb, 0x58, 0x25, 0x96, 0xc1, 0xcf, 0x7f, 0xa2, 0x06, 0x04, 0x00, 0x00, 
  0x7a, 0xf7, 0xce, 0xb8, 0x90, 0x00, 0x00, 0x68, 0xff, 0xb0, 0x5a, 0x00, 0x00, 0x00, 0x00, 0x9d, 
  0xff, 0xff, 0xff, 0xff, 0xff, 0xff, 0x8a, 0x85, 0x70, 0x65, 0x80, 0xe6, 0xff, 0xff, 0xff, 0xdf, 
  0x8b, 0x80, 0xff, 0xb1, 0x0f, 0x00, 0x00, 0x00, 0x00, 0x00, 0x00, 0x7e, 0xb3, 0xd6, 0x8a, 0x2a, 
  0x95, 0xff, 0xff, 0xff, 0xa9, 0x00, 0x00, 0x00, 0x00, 0x00, 0x00, 0x5b, 0x9d, 0xf4, 0xff, 0xff, 
  0xff, 0xff, 0xff, 0xff, 0xd3, 0x0a, 0x1b, 0x62, 0x6d, 0x00, 0x16, 0x00, 0x00, 0x00, 0x00, 0x27, 
  0x3d, 0x85, 0x95, 0xff, 0xff, 0xea, 0xff, 0xac, 0x75, 0x57, 0x00, 0x00, 0x34, 0x49, 0x69, 0x80, 
  0xff, 0xff, 0xff, 0xff, 0xff, 0x46, 0x71, 0xbd, 0xfa, 0xff, 0xff, 0xc5, 0x75, 0xff, 0xff, 0xff, 
  0xff, 0x99, 0x7b, 0x00, 0x00, 0x00, 0x00, 0x8c, 0x97, 0x00, 0x00, 0x00, 0x00, 0x00, 0x03, 0x0a, 
  0x00, 0x00, 0x00, 0x00, 0x00, 0x1c, 0xc7, 0xde, 0xcb, 0x47, 0x33, 0xfb, 0xff, 0xff, 0xff, 0xff, 
  0xff, 0xd5, 0x7c, 0x6c, 0xde, 0x9f, 0x81, 0xe1, 0xff, 0x99, 0x91, 0x3e, 0x52, 0x72, 0x57, 0x85, 
  0x7d, 0x4f, 0x00, 0x00, 0x00, 0x00, 0x52, 0x74, 0xc9, 0x7b, 0x8e, 0xb5, 0x6c, 0xcb, 0xff, 0xff, 
  0xff, 0xfd, 0x9d, 0xcc, 0xee, 0xe4, 0xcc, 0xd7, 0xd9, 0xa9, 0x72, 0x1a, 0x00, 0x00, 0x85, 0xaf, 
  0xff, 0xff, 0xff, 0xd2, 0x68, 0x00, 0x00, 0x00, 0x1d, 0x24, 0x00, 0x00, 0x00, 0x00, 0x0e, 0x34, 
  0x77, 0xf4, 0xff, 0xff, 0xff, 0xff, 0xff, 0xff, 0xff, 0x62, 0x00, 0x00, 0x00, 0x0b, 0x13, 0x8b, 
  0xd4, 0xb6, 0x96, 0x21, 0x00, 0x00, 0x00, 0x18, 0x70, 0x63, 0xa6, 0x71, 0x1b, 0x30, 0x14, 0x07, 
  0x7a, 0xff, 0xfd, 0xf7, 0xcd, 0xad, 0xc1, 0x98, 0xae, 0xff, 0xff, 0xed, 0xa1, 0x7f, 0x87, 0xff, 
  0xff, 0xc5, 0xf5, 0xd2, 0x62, 0x52, 0x13, 0x00, 0x17, 0x00, 0x00, 0x00, 0x00, 0x1f, 0x00, 0x01, 
  0xbd, 0xff, 0xc2, 0xc8, 0xc6, 0x6e, 0x55, 0x90, 0xff, 0xfd, 0xdd, 0x9f, 0xc5, 0xff, 0xff, 0xff, 
  0xfa, 0xff, 0xff, 0xc2, 0x3f, 0x54, 0x00, 0x00, 0x11, 0x34, 0x3e, 0x08, 0x00, 0x00, 0x00, 0x00, 
  0x05, 0x4f, 0x57, 0x19, 0x03, 0x4c, 0x52, 0x6a, 0xb6, 0xa7, 0x97, 0x75, 0x04, 0x18, 0x51, 0x9d, 
  0xec, 0xff, 0xff, 0xff, 0xff, 0xef, 0xea, 0xff, 0xfd, 0xde, 0xa4, 0x97, 0x77, 0x30, 0x0c, 0x00, 
  0x00, 0x27, 0x90, 0xb5, 0xd5, 0xbb, 0xcb, 0xbc, 0xe8, 0xff, 0xa7, 0xa6, 0x52, 0x00, 0x09, 0x46, 
  0x7d, 0xad, 0x54, 0x83, 0xb7, 0xf7, 0xde, 0x7c, 0x9b, 0x8c, 0x86, 0x5f, 0x3b, 0x46, 0x6e, 0x59, 
  0x67, 0x84, 0x60, 0x7b, 0x97, 0x3e, 0x5e, 0x0b, 0x00, 0x00, 0x00, 0x04, 0x45, 0x8f, 0x3d, 0x0d, 
  0x21, 0x61, 0x6e, 0x4a, 0x89, 0x89, 0x79, 0x5a, 0x7a, 0xea, 0xff, 0xe4, 0x91, 0xbc, 0xf4, 0xff, 
  0xff, 0xff, 0xff, 0xff, 0xff, 0xca, 0xee, 0xc6, 0x72, 0x5a, 0xac, 0xc1, 0x9e, 0x8c, 0x75, 0x41, 
  0x09, 0x25, 0x21, 0x0b, 0x30, 0x26, 0x36, 0x63, 0x28, 0x4e, 0x39, 0x43, 0x8f, 0x70, 0x35, 0x1d, 
  0x00, 0x00, 0x00, 0x16, 0x61, 0x57, 0x7a, 0x77, 0x74, 0xcc, 0xff, 0xff, 0xae, 0x4f, 0xb4, 0xff, 
  0xca, 0x74, 0x88, 0xab, 0xc5, 0xe1, 0xd4, 0xff, 0xb3, 0x60, 0x77, 0x75, 0x9a, 0x93, 0x97, 0xc3, 
  0x91, 0xac, 0xab, 0xad, 0xff, 0xca, 0x5e, 0x6b, 0x9d, 0x9b, 0x9f, 0x71, 0x22, 0x65, 0x76, 0x43, 
  0x41, 0x25, 0x2b, 0x7a, 0xa0, 0x70, 0x31, 0x26, 0x36, 0x66, 0x43, 0x00, 0x00, 0x00, 0x00, 0x00, 
  0x40, 0x9c, 0xff, 0xeb, 0x5c, 0xa9, 0x9e, 0x7c, 0x53, 0x52, 0x76, 0xe8, 0xe6, 0xe1, 0xff, 0xf0, 
  0xee, 0xe0, 0xff, 0xcd, 0xb9, 0xd7, 0xc2, 0xd9, 0xff, 0xc1, 0x97, 0x49, 0x67, 0x73, 0x0a, 0x49, 
  0x8e, 0x9a, 0x49, 0x65, 0x5f, 0x2e, 0x00, 0x00, 0x00, 0x5d, 0x8e, 0xcf, 0xeb, 0xcb, 0xa2, 0x73, 
  0x97, 0x81, 0x7d, 0x50, 0x2e, 0x7a, 0xbc, 0x57, 0x13, 0x3f, 0x5c, 0x67, 0x4e, 0x11, 0x0a, 0x09, 
  0x55, 0xae, 0xa9, 0xb2, 0xb0, 0x93, 0xaa, 0xa4, 0x65, 0x77, 0xb6, 0xa0, 0x97, 0xe0, 0xb0, 0xc4, 
  0xcd, 0x9f, 0x78, 0xa3, 0x71, 0x59, 0x7d, 0x71, 0xd3, 0x98, 0x52, 0x69, 0x3d, 0x3d, 0x4f, 0x49, 
  0xac, 0xb6, 0xbb, 0xbc, 0x9a, 0x92, 0xd3, 0x8c, 0x8d, 0x9d, 0x32, 0x24, 0x00, 0x56, 0xaf, 0xa9, 
  0x95, 0xdd, 0xff, 0xf5, 0x74, 0x2f, 0x61, 0x41, 0x18, 0x3e, 0x40, 0x5d, 0x7c, 0x00, 0x00, 0x00, 
  0x00, 0x00, 0x20, 0xb1, 0xf6, 0xc0, 0xff, 0xff, 0xff, 0xff, 0xff, 0xff, 0xe2, 0xf2, 0xb1, 0xac, 
  0xbe, 0x5a, 0x69, 0xb1, 0xa0, 0x7e, 0x70, 0x9c, 0x53, 0x7b, 0xa4, 0x68, 0x6e, 0x8b, 0xbd, 0x8a, 
  0x5a, 0x57, 0x21, 0x16, 0x2d, 0x04, 0x37, 0x4c, 0x66, 0x78, 0x70, 0x80, 0xa3, 0x60, 0x5d, 0xb8, 
  0xff, 0xff, 0xff, 0xff, 0xff, 0xff, 0xbe, 0x60, 0x45, 0x5b, 0x37, 0x02, 0x00, 0x00, 0x00, 0x00, 
  0x00, 0x00, 0x00, 0x2c, 0x00, 0x00, 0x32, 0x61, 0x96, 0x7d, 0x50, 0x46, 0x2c, 0x90, 0xc4, 0xf2, 
  0xff, 0xff, 0xff, 0xf4, 0xff, 0xff, 0xff, 0xff, 0xff, 0xff, 0x9f, 0x00, 0x00, 0x00, 0x4a, 0xa4, 
  0xf0, 0xff, 0xff, 0xe4, 0x57, 0x10, 0x00, 0x00, 0x00, 0x00, 0x00, 0x00, 0x55, 0x99, 0x94, 0x80, 
  0x1c, 0x00, 0x12, 0x48, 0x97, 0xc5, 0xbb, 0x1f, 0x1c, 0x58, 0xa8, 0xc5, 0xe1, 0xef, 0xcb, 0x4a, 
  0x31, 0xa5, 0xff, 0xff, 0xff, 0xff, 0x85, 0x4f, 0x24, 0x3a, 0x69, 0xea, 0xff, 0xeb, 0xfa, 0x9b, 
  0x78, 0x46, 0x77, 0x6b, 0x32, 0x54, 0x3e, 0x5e, 0xbd, 0x9a, 0x34, 0x93, 0x64, 0x8c, 0x9e, 0x38, 
  0x10, 0x00, 0x0b, 0x00, 0x00, 0x00, 0x00, 0x2b, 0x6e, 0x81, 0xa7, 0x3a, 0x14, 0x3f, 0x64, 0xf6, 
  0xaa, 0xff, 0xff, 0xff, 0xff, 0xff, 0xff, 0xb8, 0x03, 0x00, 0x77, 0x97, 0xcf, 0xd0, 0xef, 0xff, 
  0xff, 0xca, 0x28, 0x31, 0x00, 0x00, 0x00, 0xc9, 0xff, 0xff, 0xff, 0x0a, 0x00, 0x00, 0x00, 0x00, 
  0x00, 0x00, 0x00, 0x00, 0x00, 0x00, 0x00, 0x52, 0x91, 0x00, 0x00, 0x00, 0xbb, 0xff, 0xff, 0xff, 
  0xff, 0xff, 0xff, 0xff, 0xff, 0xff, 0xff, 0xff, 0xff, 0xff, 0xff, 0xff, 0xff, 0xff, 0xff, 0xfb, 
  0x00, 0x00, 0x00, 0x00, 0x00, 0x00, 0x00, 0x00, 0x00, 0x00, 0x34, 0x4f, 0xb3, 0x00, 0x00, 0x2a, 
  0x48, 0x9a, 0xff, 0xff, 0xff, 0xff, 0xff, 0xff, 0xff, 0xef, 0xff, 0xff, 0xff, 0xff, 0xf9, 0x20, 
  0x00, 0x00, 0x00, 0x00, 0x00, 0x00, 0x00, 0x00, 0x00, 0x00, 0x00, 0x00, 0x74, 0xc9, 0xff, 0xff, 
  0x50, 0xc4, 0xdf, 0xff, 0xff, 0xff, 0xff, 0xff, 0xff, 0xff, 0xff, 0xff, 0xff, 0xff, 0xff, 0x84, 
  0x63, 0x00, 0x00, 0x00, 0x3e, 0x81, 0x00, 0x00, 0x42, 0x19, 0x00, 0x00, 0x00, 0x00, 0x00, 0x00, 
  0x00, 0xc1, 0xff, 0xff, 0xff, 0xff, 0x85, 0x00, 0x00, 0x9b, 0xff, 0x93, 0xff, 0xff, 0xf6, 0xff, 
  0xff, 0xff, 0xef, 0xc3, 0x42, 0x45, 0x00, 0x00, 0x27, 0xff, 0xc6, 0x6e, 0x78, 0x1d, 0x08, 0xde, 
  0xff, 0xff, 0xce, 0x39, 0xd0, 0xa5, 0xa7, 0x03, 0xb0, 0xa4, 0x10, 0x00, 0x55, 0xf1, 0xc9, 0x4f, 
  0x00, 0x00, 0x00, 0x00, 0x9e, 0xff, 0xff, 0xff, 0x65, 0x0b, 0x00, 0x00, 0x00, 0xda, 0xe7, 0xff, 
  0xff, 0xff, 0xff, 0xff, 0xff, 0xff, 0xe2, 0xfa, 0xcf, 0x69, 0x0f, 0xd8, 0xff, 0x80, 0xd0, 0xff, 
  0x00, 0x00, 0x00, 0x12, 0x00, 0x00, 0x00, 0x00, 0x00, 0x00, 0x00, 0x00, 0x90, 0xae, 0x92, 0x60, 
  0x03, 0x3d, 0x61, 0xb2, 0xff, 0xff, 0xff, 0xff, 0xfd, 0xff, 0xff, 0xff, 0xff, 0xff, 0x37, 0x41, 
  0x00, 0xe0, 0xff, 0xff, 0xff, 0xdb, 0x6a, 0x00, 0x00, 0x0d, 0x00, 0x00, 0x00, 0x00, 0x00, 0x00, 
  0x10, 0x00, 0x08, 0xff, 0xff, 0xff, 0xff, 0xff, 0xff, 0xff, 0xff, 0xff, 0xd5, 0xcd, 0xff, 0xf5, 
  0xbf, 0xa9, 0xd8, 0x83, 0x4e, 0x13, 0x00, 0x00, 0x2e, 0x00, 0x00, 0x00, 0x00, 0x00, 0x00, 0x00, 
  0x00, 0x00, 0x00, 0x00, 0x00, 0x00, 0x00, 0x57, 0xff, 0xff, 0xff, 0xff, 0xff, 0xff, 0xff, 0xff, 
  0xff, 0xff, 0xff, 0xff, 0xff, 0xff, 0x69, 0xa5, 0x89, 0xff, 0x94, 0x00, 0x00, 0x00, 0x00, 0x00, 
  0x00, 0x5d, 0x36, 0x4c, 0x00, 0x00, 0x00, 0x00, 0xa0, 0xa9, 0xff, 0xff, 0xff, 0xff, 0xff, 0xff, 
  0xff, 0xff, 0xff, 0xff, 0xff, 0xff, 0xff, 0xf6, 0x51, 0x00, 0x00, 0x00, 0x00, 0x00, 0x00, 0x00, 
  0x00, 0x00, 0x00, 0x00, 0x00, 0x00, 0x00, 0x00, 0x00, 0x00, 0x51, 0xff, 0xff, 0xff, 0xff, 0xff, 
  0xff, 0xff, 0xff, 0xff, 0xec, 0xff, 0xb0, 0x64, 0x9b, 0xff, 0xff, 0xff, 0xff, 0xff, 0x9f, 0x43, 
  0x97, 0x7d, 0x0f, 0x79, 0xee, 0xf5, 0xca, 0xff, 0x77, 0x2d, 0x40, 0x7b, 0x7c, 0x16, 0x30, 0x00, 
  0x00, 0x93, 0xff, 0xff, 0xff, 0xff, 0xff, 0x66, 0x00, 0x68, 0x18, 0x36, 0xa8, 0xd9, 0x00, 0x00, 
  0x00, 0x00, 0x00, 0x00, 0x45, 0x8a, 0xd4, 0xe8, 0x62, 0x4c, 0x80, 0xff, 0xff, 0xff, 0xff, 0xa0, 
  0x00, 0x00, 0x00, 0x72, 0xeb, 0xff, 0xff, 0xff, 0xff, 0x61, 0x00, 0x00, 0x00, 0x00, 0xa9, 0x74, 
  0x1d, 0x00, 0x68, 0xff, 0xdd, 0x6e, 0x82, 0xe2, 0xff, 0xf1, 0x50, 0x6c, 0x00, 0x00, 0x20, 0x87, 
  0xff, 0xff, 0xff, 0xff, 0xff, 0xff, 0xff, 0xff, 0xd5, 0x7a, 0x00, 0xd1, 0xf1, 0xde, 0x1b, 0x00, 
  0x00, 0x00, 0x00, 0x00, 0x13, 0x14, 0x07, 0x0c, 0xa1, 0x6d, 0x90, 0x85, 0x2f, 0x74, 0xaa, 0x89, 
  0xff, 0xff, 0xff, 0xff, 0x80, 0x62, 0x00, 0x00, 0x00, 0x00, 0x00, 0x2e, 0x86, 0xcb, 0xf2, 0x9c, 
  0x44, 0x0e, 0x00, 0x00, 0x00, 0x00, 0x00, 0x60, 0x70, 0x00, 0x00, 0x35, 0xd4, 0xff, 0xff, 0xff, 
  0xff, 0xff, 0xff, 0xff, 0xff, 0xff, 0xff, 0xff, 0xff, 0xff, 0xff, 0xee, 0xc4, 0x8e, 0x64, 0x00, 
  0x00, 0x00, 0x00, 0x00, 0x00, 0x00, 0x00, 0x00, 0x00, 0x00, 0x00, 0x33, 0x7f, 0x60, 0x24, 0x00, 
  0x29, 0xbb, 0xe9, 0xc6, 0xff, 0xff, 0xff, 0xff, 0xff, 0x70, 0x38, 0x79, 0xff, 0xff, 0xf1, 0xba, 
  0x6a, 0x97, 0xd8, 0xaa, 0x84, 0x87, 0x25, 0x3f, 0x52, 0x94, 0x96, 0x68, 0x51, 0x03, 0x00, 0x00, 
  0x04, 0x05, 0x1d, 0x26, 0x00, 0x00, 0xab, 0xe9, 0xdf, 0xba, 0xda, 0xe7, 0x95, 0x2a, 0x40, 0x85, 
  0x5a, 0x95, 0x99, 0x7f, 0xd2, 0xff, 0xff, 0xdc, 0x7e, 0x3f, 0x02, 0x71, 0xd3, 0xd3, 0xc5, 0xa2, 
  0xff, 0xfc, 0xdf, 0xb8, 0xcf, 0xc7, 0x5f, 0xa9, 0xcc, 0x9d, 0x65, 0x6e, 0x7c, 0xc9, 0xef, 0x50, 
  0x35, 0x00, 0x00, 0x3c, 0x3d, 0x20, 0x0e, 0x00, 0x11, 0x56, 0x2b, 0x4f, 0x2f, 0x3a, 0x22, 0x1b, 
  0x21, 0x08, 0x3a, 0x21, 0x00, 0x00, 0x0b, 0xa3, 0xff, 0xff, 0xff, 0xff, 0xae, 0xb0, 0x65, 0x1a, 
  0x00, 0x00, 0x18, 0xc5, 0xff, 0xff, 0xff, 0xff, 0xc2, 0x8d, 0xd8, 0xff, 0xb4, 0xaa, 0xff, 0xc4, 
  0xb6, 0x46, 0x00, 0x00, 0x44, 0xb2, 0xff, 0xff, 0xde, 0xff, 0xff, 0xff, 0x99, 0x1d, 0x00, 0x09, 
  0x14, 0x6a, 0x1e, 0x42, 0xa1, 0xa7, 0x9c, 0x1e, 0x23, 0x0e, 0x09, 0x1d, 0x00, 0x00, 0x00, 0x00, 
  0x00, 0x00, 0x00, 0x00, 0x00, 0x00, 0x0f, 0x46, 0xa5, 0xc3, 0xda, 0xb1, 0xd2, 0xc7, 0xff, 0xff, 
  0xff, 0xff, 0xff, 0xff, 0xff, 0xff, 0xff, 0xff, 0xff, 0xff, 0xff, 0xcd, 0x60, 0x64, 0x51, 0x14, 
  0x3b, 0x5b, 0x93, 0x3d, 0x00, 0x00, 0x00, 0x00, 0x00, 0x00, 0x00, 0x30, 0x12, 0x2b, 0x57, 0x2f, 
  0x00, 0x00, 0x4b, 0xc2, 0xff, 0xff, 0xff, 0xea, 0xf7, 0x7b, 0x89, 0xe6, 0xff, 0xff, 0xfe, 0xff, 
  0xe1, 0xb1, 0x36, 0x19, 0x18, 0x6f, 0x5d, 0x88, 0xe4, 0xe5, 0xa1, 0x84, 0x52, 0x04, 0x16, 0x00, 
  0x00, 0x36, 0x16, 0x14, 0x3a, 0x68, 0x8f, 0xe4, 0xfa, 0xb1, 0x84, 0x98, 0x4f, 0x50, 0x95, 0x96, 
  0x12, 0x00, 0x09, 0x29, 0x42, 0x84, 0xff, 0xd2, 0xd3, 0xfc, 0xff, 0xff, 0xff, 0xd7, 0xc0, 0xff, 
  0xe3, 0x90, 0xbb, 0xff, 0xf7, 0xbf, 0xb0, 0x76, 0x6e, 0x38, 0x49, 0x96, 0x81, 0x32, 0x00, 0x00, 
  0x00, 0x00, 0x00, 0x34, 0xd3, 0xd8, 0xf4, 0xe3, 0xb1, 0x60, 0x00, 0x86, 0x3f, 0x20, 0x78, 0x17, 
  0x18, 0x01, 0x19, 0x41, 0x70, 0x8f, 0xcd, 0xc9, 0x42, 0x44, 0x33, 0x57, 0x69, 0x54, 0xaa, 0x90, 
  0x95, 0x4d, 0x20, 0x5b, 0x65, 0x81, 0x5e, 0x79, 0x5a, 0x50, 0x96, 0xeb, 0xe0, 0xff, 0xff, 0xff, 
  0xe7, 0xff, 0xff, 0xaf, 0xd6, 0xe2, 0xd9, 0xc0, 0xd8, 0xe9, 0xc5, 0x86, 0x3d, 0x00, 0x00, 0x11, 
  0x3e, 0x61, 0xbc, 0xc8, 0x80, 0x42, 0x4f, 0x3e, 0x00, 0x3e, 0x45, 0x9d, 0xb0, 0x8d, 0x4f, 0x48, 
  0x4e, 0x00, 0x4e, 0xc6, 0xef, 0xdd, 0xdc, 0xd0, 0xa1, 0x3b, 0x12, 0x56, 0xb0, 0x9a, 0xa9, 0x29, 
  0x16, 0x1c, 0x00, 0x20, 0x13, 0x38, 0x51, 0xe9, 0xf9, 0x8a, 0x8a, 0xff, 0xff, 0xef, 0xe5, 0xbc, 
  0xab, 0x7e, 0x28, 0x0e, 0x8b, 0x7e, 0x5c, 0x4c, 0x8d, 0xcb, 0xad, 0x88, 0x79, 0x3c, 0x00, 0x00, 
  0x45, 0x4d, 0x00, 0x00, 0x4d, 0x8f, 0x86, 0x9b, 0xb7, 0xd4, 0xe8, 0xe7, 0xe8, 0xb8, 0xb2, 0xc3, 
  0xa3, 0xba, 0x75, 0x60, 0x5d, 0x48, 0x58, 0x58, 0x3c, 0x5c, 0x9f, 0x88, 0x41, 0x77, 0xc9, 0xfd, 
  0xff, 0xd7, 0xce, 0x68, 0x60, 0x6e, 0x1a, 0x07, 0x30, 0x42, 0x59, 0x49, 0x87, 0x80, 0x92, 0xb7, 
  0xb1, 0xf1, 0xb7, 0x52, 0x4d, 0x70, 0x7e, 0x8b, 0x44, 0x2c, 0x2f, 0x4a, 0x72, 0x83, 0x6d, 0x6c, 
  0x4a, 0x31, 0x37, 0x25, 0x9c, 0xd7, 0x81, 0x79, 0xe5, 0xf9, 0xff, 0xff, 0xff, 0xff, 0xc5, 0x4f, 
  0x00, 0x28, 0x39, 0x32, 0x48, 0x45, 0x64, 0x55, 0x26, 0x74, 0x66, 0x6a, 0x91, 0x3f, 0x33, 0x23, 
  0x37, 0x34, 0x25, 0x3e, 0x66, 0x6e, 0x83, 0xb8, 0xc0, 0xd5, 0xf9, 0xf9, 0xa9, 0x99, 0xce, 0xea, 
  0xc8, 0xc3, 0xc1, 0xc3, 0xe5, 0xcd, 0xab, 0x7f, 0x5d, 0x59, 0x63, 0x90, 0x7e, 0x47, 0x52, 0x9a, 
  0xa0, 0x7a, 0x91, 0x9e, 0x6c, 0x5f, 0x4d, 0x16, 0x31, 0x4c, 0x4e, 0x15, 0x30, 0x3b, 0x47, 0x79, 
  0x83, 0x92, 0xc4, 0xf3, 0xbf, 0xb8, 0x97, 0x88, 0x9b, 0x8f, 0x80, 0xab, 0xcd, 0xc6, 0xde, 0xe4, 
  0x99, 0x57, 0x5a, 0x0e, 0x00, 0x00, 0x4b, 0x59, 0x5f, 0x64, 0x4b, 0x46, 0x22, 0x60, 0x7c, 0x6e, 
  0x7b, 0x53, 0x54, 0xa3, 0xcd, 0xd5, 0xf0, 0xc8, 0x87, 0x9a, 0xba, 0xab, 0xba, 0xed, 0xfd, 0xf8, 
  0xd1, 0xbf, 0xbe, 0xb4, 0xb7, 0x92, 0x4a, 0x00, 0x02, 0x11, 0x26, 0x27, 0x1f, 0x2c, 0x74, 0x98, 
  0x6c, 0x9d, 0x80, 0x49, 0x56, 0x71, 0x96, 0xff, 0xff, 0xeb, 0xc2, 0x9f, 0xc0, 0xff, 0xe8, 0xff, 
  0xff, 0xc0, 0x6a, 0x23, 0x39, 0x44, 0x10, 0x00, 0x00, 0x1b, 0x35, 0x24, 0x19, 0x19, 0x27, 0x49, 
  0x74, 0x4c, 0x16, 0x19, 0x0d, 0x58, 0x7c, 0x8a, 0xa4, 0xdb, 0xff, 0xff, 0xff, 0xd2, 0x90, 0x86, 
  0x60, 0x6c, 0x3e, 0x91, 0xd3, 0xd2, 0xcd, 0xfa, 0xff, 0xff, 0xf3, 0xa8, 0x56, 0x3d, 0x59, 0x64, 
  0x58, 0x00, 0x00, 0x13, 0x4d, 0x53, 0x62, 0x6c, 0x38, 0x82, 0xe7, 0x82, 0x67, 0x0d, 0x00, 0x14, 
  0x06, 0x34, 0x45, 0xaf, 0x86, 0x55, 0x6f, 0xbc, 0xbe, 0xc2, 0xa9, 0xa4, 0xe9, 0xe7, 0xff, 0xb5, 
  0x99, 0xca, 0xc4, 0xb0, 0xe1, 0xde, 0xc5, 0xc8, 0xb8, 0x95, 0x56, 0x00, 0x00, 0x00, 0x1d, 0x72, 
  0xa6, 0xb0, 0xd1, 0x6c, 0x61, 0xd1, 0xff, 0xff, 0xde, 0xfb, 0xae, 0x19, 0x29, 0x0d, 0x00, 0x00, 
  0x39, 0x61, 0x72, 0xb6, 0x92, 0x78, 0x95, 0x64, 0x4d, 0x2b, 0x00, 0x00, 0x00, 0x16, 0x18, 0x62, 
  0x6a, 0x4d, 0xdf, 0xff, 0xff, 0xff, 0xff, 0x8a, 0x30, 0x2e, 0x86, 0x9e, 0xef, 0xff, 0xff, 0xb3, 
  0xcf, 0x81, 0x04, 0x00, 0x00, 0x14, 0xb7, 0xa3, 0xd5, 0xa2, 0xb6, 0xdf, 0x21, 0x2c, 0x1d, 0x5c, 
  0xa6, 0xff, 0xa9, 0xb8, 0x6f, 0x78, 0xfc, 0xde, 0xff, 0xc7, 0x1b, 0x00, 0x00, 0x00, 0x4c, 0x55, 
  0xff, 0xbf, 0x22, 0x00, 0x00, 0x73, 0xde, 0xf4, 0x84, 0xcb, 0x88, 0xbb, 0xc6, 0x79, 0x0d, 0x8d, 
  0x54, 0x5c, 0x84, 0xe6, 0xff, 0x9d, 0xf0, 0xff, 0xff, 0xff, 0xff, 0x91, 0xb8, 0x00, 0x2d, 0x00, 
  0x00, 0x00, 0x00, 0x83, 0xe8, 0xff, 0xa0, 0x3b, 0x00, 0x00, 0x00, 0x00, 0x25, 0x89, 0xc7, 0xd0, 
  0x86, 0x00, 0x00, 0x57, 0x00, 0x1a, 0x00, 0xb6, 0xff, 0xff, 0xff, 0xff, 0xff, 0xff, 0xbf, 0x00, 
  0x00, 0x00, 0x7e, 0xcc, 0xff, 0xff, 0xff, 0xaf, 0x00, 0x00, 0x00, 0x00, 0x00, 0x00, 0x00, 0x26, 
  0x78, 0x6e, 0xff, 0xff, 0xf2, 0xb1, 0x88, 0x78, 0x65, 0x4b, 0x00, 0xb9, 0xff, 0xff, 0xf9, 0xff, 
  0x79, 0x2d, 0x70, 0x64, 0xff, 0xff, 0xff, 0xcd, 0xe2, 0xd5, 0xef, 0xff, 0xff, 0xaf, 0x00, 0x00, 
  0x00, 0x00, 0x08, 0xc4, 0xff, 0xa1, 0x94, 0xc4, 0x6f, 0x8d, 0x52, 0xb9, 0x88, 0x63, 0x00, 0x00, 
  0x00, 0x00, 0x47, 0x46, 0x0b, 0x60, 0x53, 0xce, 0x35, 0x23, 0xcd, 0x66, 0xff, 0xff, 0xff, 0xff, 
  0xfa, 0x87, 0x21, 0xb5, 0xcd, 0xe5, 0x88, 0x00, 0x00, 0xa9, 0xa3, 0x90, 0x58, 0x55, 0xc6, 0xff, 
  0xc3, 0x95, 0x19, 0x00, 0x00, 0xea, 0xff, 0xff, 0xff, 0xf7, 0x88, 0xfe, 0xff, 0xff, 0xc0, 0x00, 
  0x00, 0x00, 0x00, 0x00, 0xf9, 0xff, 0xd4, 0x5e, 0x00, 0x93, 0xff, 0xff, 0xff, 0xff, 0xff, 0xff, 
  0x88, 0x46, 0x98, 0xc0, 0xba, 0x00, 0x00, 0x00, 0x38, 0xff, 0xf7, 0x37, 0x0d, 0x00, 0x00, 0x00, 
  0x00, 0x1b, 0x00, 0x00, 0x00, 0x00, 0x00, 0x1b, 0x59, 0xff, 0xc9, 0x2e, 0x00, 0x00, 0x16, 0x2f, 
  0xce, 0xfa, 0xff, 0xff, 0xff, 0xff, 0xff, 0xff, 0xff, 0xff, 0xff, 0xff, 0xff, 0x00, 0x00, 0x00, 
  0x00, 0x00, 0x00, 0x10, 0x00, 0x2d, 0x56, 0x00, 0x00, 0x00, 0x80, 0xfa, 0x4c, 0x00, 0x00, 0x00, 
  0x71, 0x7f, 0x8c, 0xdc, 0xff, 0xff, 0xe8, 0xfb, 0xff, 0xff, 0xff, 0xff, 0xff, 0xff, 0xff, 0xff, 
  0xff, 0xff, 0xd0, 0x43, 0x00, 0xde, 0xe5, 0x86, 0x06, 0x00, 0x00, 0x00, 0x00, 0x00, 0x00, 0x00, 
  0x00, 0x00, 0x00, 0x00, 0x00, 0x10, 0xda, 0xff, 0xff, 0xff, 0xff, 0xff, 0xff, 0xff, 0xcc, 0x10, 
  0x51, 0xfe, 0xff, 0xff, 0xff, 0xff, 0xbc, 0xf6, 0x85, 0x72, 0x00, 0x00, 0x00, 0x47, 0x81, 0xc7, 
  0xa4, 0x00, 0x00, 0x00, 0x00, 0x00, 0x21, 0xe8, 0xff, 0xff, 0xff, 0xbe, 0x29, 0x1c, 0x5c, 0xc4, 
  0x8c, 0xfd, 0xbc, 0xd1, 0xff, 0xff, 0xff, 0xff, 0xff, 0xff, 0xff, 0xff, 0xff, 0xf6, 0xa9, 0x00, 
  0x00, 0x00, 0x00, 0x00, 0x69, 0xc4, 0xb0, 0x3d, 0x6c, 0x88, 0xa2, 0xc0, 0x37, 0x8a, 0xc3, 0x8d, 
  0x6f, 0xce, 0xb8, 0x3c, 0x55, 0x81, 0x0d, 0xa1, 0xd4, 0x7e, 0xc8, 0x71, 0x77, 0x5b, 0x2e, 0x05, 
  0x00, 0x0f, 0x00, 0x00, 0x00, 0x00, 0x00, 0x39, 0xa7, 0x77, 0x9d, 0xff, 0xff, 0xff, 0xff, 0xff, 
  0xff, 0xd2, 0x9c, 0x61, 0xa4, 0x00, 0x67, 0x6e, 0x9d, 0xff, 0xff, 0xb7, 0xff, 0xff, 0xff, 0xff, 
  0xb4, 0x9e, 0x00, 0x00, 0x00, 0x0d, 0x37, 0x3d, 0x32, 0x00, 0x00, 0x4c, 0x39, 0x3f, 0xbd, 0x2b, 
  0xb9, 0xdb, 0xdc, 0x92, 0x6d, 0x6a, 0xff, 0xff, 0x7f, 0x33, 0x00, 0x64, 0x83, 0xba, 0x05, 0x1e, 
  0x12, 0x06, 0x96, 0xcd, 0x8e, 0x63, 0xb9, 0xaa, 0xed, 0xc2, 0xa8, 0x4b, 0x8a, 0x88, 0xc8, 0xa7, 
  0x5f, 0xe4, 0xbc, 0xa2, 0x38, 0x73, 0x00, 0x0b, 0x4e, 0x9f, 0xff, 0xff, 0xff, 0xc3, 0x00, 0x00, 
  0x00, 0x00, 0x00, 0x00, 0x60, 0xb6, 0xea, 0xde, 0xff, 0xff, 0xff, 0xff, 0xff, 0xff, 0xff, 0xed, 
  0x64, 0x55, 0x00, 0x25, 0x78, 0x0f, 0x00, 0x00, 0x00, 0x29, 0x56, 0x7b, 0x4e, 0x00, 0x00, 0x00, 
  0x00, 0x00, 0x00, 0x54, 0xaa, 0x76, 0x2d, 0x1f, 0x8c, 0x86, 0x75, 0x8f, 0xff, 0xda, 0xff, 0xff, 
  0xff, 0xff, 0xff, 0xff, 0xff, 0xff, 0xf9, 0xae, 0x3a, 0x49, 0x70, 0x86, 0xaf, 0xb7, 0xba, 0x83, 
  0x60, 0x2b, 0x04, 0x00, 0x44, 0x6a, 0x8a, 0x60, 0x51, 0x54, 0x20, 0x83, 0x44, 0x20, 0x00, 0x00, 
  0x00, 0x11, 0x4f, 0x4f, 0x00, 0x2a, 0x95, 0xee, 0xff, 0xff, 0xff, 0xe0, 0x57, 0x00, 0x3e, 0xa5, 
  0x96, 0xff, 0xff, 0xe9, 0x70, 0x00, 0x00, 0x00, 0x0b, 0x80, 0x9f, 0x84, 0x91, 0xb9, 0x9f, 0x94, 
  0x16, 0x03, 0x39, 0xa6, 0x7a, 0x0b, 0x32, 0x00, 0x00, 0x02, 0x3a, 0xe0, 0xff, 0xff, 0xf0, 0xdf, 
  0x6f, 0x00, 0x4a, 0x83, 0xd8, 0xff, 0xff, 0xe1, 0x54, 0x74, 0x5f, 0x8c, 0xff, 0xff, 0xbf, 0x62, 
  0x79, 0x40, 0x9f, 0xff, 0xab, 0xd8, 0xee, 0x70, 0x46, 0x39, 0x32, 0x00, 0x00, 0x00, 0x00, 0x00, 
  0x00, 0x00, 0x00, 0x41, 0x2b, 0x00, 0x00, 0x00, 0x52, 0xd5, 0xff, 0xff, 0xff, 0xdb, 0xdc, 0x65, 
  0x50, 0xb2, 0xbd, 0xdd, 0xed, 0xd2, 0xf6, 0xff, 0xff, 0xff, 0xb5, 0xde, 0xff, 0xf4, 0xbc, 0x44, 
  0x00, 0x0f, 0x52, 0x0d, 0x00, 0x35, 0x00, 0x00, 0x00, 0x00, 0x00, 0x8a, 0xad, 0xff, 0xc3, 0xa3, 
  0xbd, 0xf0, 0x7e, 0x3f, 0x66, 0x78, 0x96, 0x79, 0x76, 0x5b, 0x68, 0x9d, 0xff, 0xe5, 0xbf, 0xd2, 
  0xd2, 0xa2, 0x46, 0x00, 0x00, 0x00, 0x00, 0x00, 0x00, 0x58, 0x86, 0xd5, 0xff, 0xff, 0xff, 0xff, 
  0xff, 0xff, 0xec, 0xa4, 0x9b, 0x67, 0x99, 0xa8, 0x1f, 0xaf, 0x33, 0x00, 0x4b, 0x6e, 0x5e, 0x00, 
  0x00, 0x00, 0x4e, 0x83, 0xb8, 0xdc, 0xef, 0xa9, 0x73, 0x94, 0xb9, 0x6f, 0x8f, 0x44, 0x36, 0x62, 
  0x1d, 0xc5, 0xf1, 0xff, 0xff, 0xff, 0x93, 0x72, 0x5a, 0x6b, 0x70, 0x65, 0x8e, 0x3f, 0x65, 0x35, 
  0x00, 0x22, 0x1b, 0x00, 0x16, 0x00, 0x2d, 0x65, 0x84, 0xa2, 0x83, 0xa3, 0xd7, 0xc8, 0xa1, 0x98, 
  0x95, 0x65, 0x6e, 0x9e, 0xc0, 0xc5, 0x88, 0xec, 0xff, 0xe1, 0xff, 0xd5, 0x68, 0x81, 0xad, 0xa8, 
  0x79, 0x3a, 0x09, 0x15, 0x14, 0x35, 0x99, 0xbb, 0xb6, 0x80, 0xb1, 0xb7, 0x3f, 0x15, 0x00, 0x05, 
  0x3e, 0x61, 0xb3, 0xa5, 0x94, 0xb2, 0x8f, 0x66, 0xe0, 0xff, 0xff, 0xdb, 0xa1, 0x29, 0x00, 0x00, 
  0x00, 0x81, 0xa7, 0xb2, 0xbf, 0xa8, 0xae, 0xda, 0xc9, 0xbb, 0xa5, 0xba, 0xcb, 0xea, 0xff, 0xc3, 
  0xb0, 0x5f, 0x00, 0x00, 0x22, 0x75, 0x9d, 0xe4, 0xff, 0x9e, 0x95, 0x8a, 0x47, 0x3b, 0x79, 0xac, 
  0x3a, 0x0b, 0x4f, 0x51, 0x52, 0x39, 0x48, 0xb8, 0xc0, 0x99, 0xa0, 0x94, 0xad, 0xc1, 0xc1, 0xe9, 
  0x9e, 0x5f, 0x58, 0x91, 0x9b, 0xa3, 0xa7, 0x46, 0x41, 0x1e, 0x49, 0x27, 0x2b, 0x7e, 0xb4, 0xff, 
  0xfd, 0xe7, 0x9b, 0x5b, 0x5e, 0x3d, 0x22, 0x24, 0x31, 0x00, 0x69, 0xcd, 0x80, 0xa1, 0xb7, 0xe5, 
  0xf5, 0xd0, 0x50, 0x4b, 0x7b, 0xb5, 0xe7, 0xd1, 0xe9, 0xb1, 0x7b, 0x57, 0x9b, 0xdb, 0xd0, 0xb5, 
  0xa5, 0xa2, 0xb1, 0xdc, 0xf1, 0xc6, 0x9d, 0x90, 0x99, 0x7a, 0x98, 0xaf, 0x74, 0x60, 0x3f, 0x74, 
  0x71, 0xbf, 0xa0, 0x2d, 0x67, 0x66, 0x58, 0x3a, 0x52, 0x41, 0x00, 0x00, 0x00, 0x03, 0x6b, 0x94, 
  0x00, 0x00, 0x59, 0x48, 0x2a, 0x0c, 0x03, 0x56, 0x9d, 0xce, 0xff, 0xff, 0xff, 0xff, 0xff, 0xff, 
  0xff, 0xff, 0xff, 0xff, 0xff, 0xff, 0xed, 0xff, 0xff, 0xff, 0xff, 0xff, 0x9b, 0x14, 0x2b, 0x00, 
  0x00, 0x00, 0x00, 0x00, 0x00, 0x00, 0x1a, 0x18, 0x32, 0x0e, 0x3a, 0x4e, 0x27, 0x3e, 0x30, 0x56, 
  0x90, 0xff, 0xff, 0xfd, 0xff, 0xff, 0xff, 0xff, 0xb0, 0xc3, 0x76, 0x59, 0x3c, 0x59, 0x91, 0x9f, 
  0xb9, 0xb4, 0x4d, 0x53, 0x96, 0x8a, 0x9e, 0x91, 0x6c, 0x46, 0x85, 0x98, 0xcc, 0xbb, 0xc1, 0x8b, 
  0xb1, 0xb1, 0x79, 0x94, 0xb7, 0x7b, 0x55, 0xbb, 0xcb, 0xaf, 0x56, 0x36, 0x00, 0x13, 0x2d, 0x60, 
  0x83, 0x7a, 0x88, 0x5d, 0x36, 0x13, 0x85, 0x6d, 0x66, 0x73, 0x65, 0x74, 0x97, 0xc5, 0xf6, 0xbd, 
  0x7b, 0x85, 0x9e, 0x59, 0x83, 0xcb, 0x8e, 0xa2, 0xb8, 0x88, 0x73, 0xad, 0x81, 0x6f, 0x60, 0x2f, 
  0x00, 0x14, 0x38, 0x82, 0x94, 0x54, 0x61, 0x6f, 0xbe, 0x6f, 0x35, 0x4c, 0xb5, 0xd8, 0xd8, 0xc0, 
  0xc2, 0xe9, 0xf3, 0xff, 0xff, 0xd4, 0x94, 0x7f, 0x5b, 0x7c, 0xbd, 0xbe, 0x7a, 0x4c, 0x48, 0x2b, 
  0x1d, 0x00, 0x00, 0x03, 0x08, 0x00, 0x0f, 0x33, 0x06, 0x08, 0x65, 0x86, 0xa1, 0xae, 0xe0, 0xd6, 
  0xb8, 0xeb, 0xde, 0xf1, 0xe2, 0xe5, 0xc6, 0xc4, 0xff, 0xff, 0xcd, 0xac, 0xbc, 0x8c, 0x53, 0x34, 
  0x26, 0x43, 0x48, 0x25, 0x00, 0x00, 0x00, 0x00, 0x23, 0x48, 0x62, 0x57, 0x36, 0x31, 0x38, 0x6f, 
  0x76, 0xc0, 0xc4, 0xab, 0x91, 0x8b, 0xbb, 0xe4, 0xf2, 0xe7, 0xeb, 0xce, 0xd0, 0xca, 0xbf, 0xa1, 
  0x98, 0x8a, 0x80, 0x36, 0x58, 0x96, 0x28, 0x09, 0x22, 0x41, 0x13, 0x2f, 0x42, 0x8a, 0xa1, 0x46, 
  0x46, 0x56, 0x62, 0x54, 0x93, 0xe6, 0xff, 0xd9, 0xe4, 0xb8, 0x92, 0x71, 0x59, 0x90, 0x93, 0xab, 
  0x7a, 0x4b, 0x53, 0x46, 0x3c, 0x79, 0xa3, 0x98, 0x8e, 0x82, 0x50, 0x0a, 0x00, 0x0d, 0x36, 0x50, 
  0x6d, 0x71, 0x8e, 0x6e, 0x4f, 0x93, 0x89, 0xb4, 0xf7, 0xff, 0xed, 0xe9, 0xaf, 0x7a, 0x72, 0x35, 
  0x2d, 0x00, 0x00, 0x36, 0x63, 0x9b, 0xaf, 0xc2, 0xc7, 0xd4, 0x98, 0x82, 0x95, 0x64, 0x83, 0xa1, 
  0x84, 0x63, 0x16, 0x0e, 0x21, 0x32, 0x41, 0x77, 0xa9, 0xaa, 0xe4, 0xff, 0xff, 0xff, 0xff, 0xff, 
  0xfe, 0x8f, 0x6c, 0x45, 0x00, 0x00, 0x00, 0x00, 0x31, 0x41, 0x4a, 0x5a, 0x4b, 0x50, 0x4c, 0x2a, 
  0x28, 0x23, 0x17, 0x2d, 0x49, 0x51, 0x68, 0xa8, 0xd4, 0xaa, 0x90, 0x89, 0x6c, 0x57, 0x4b, 0x87, 
  0xc9, 0xd4, 0xc4, 0xbf, 0xa2, 0x7f, 0x6f, 0x42, 0x0d, 0x03, 0x52, 0x82, 0x80, 0xec, 0xff, 0xf7, 
  0xfa, 0xd1, 0xad, 0xc5, 0xf2, 0xfe, 0xbe, 0x9f, 0xb8, 0xdc, 0xbe, 0x90, 0x75, 0x37, 0x2c, 0x1c, 
  0x5d, 0xcb, 0xe3, 0xbb, 0x5d, 0x1a, 0x00, 0x00, 0x00, 0x00, 0x30, 0x4f, 0x1b, 0x00, 0x35, 0x4d, 
  0x4e, 0x8e, 0xad, 0xca, 0xb8, 0x93, 0x63, 0x78, 0x76, 0xb5, 0xe0, 0xff, 0xd5, 0x4d, 0x2e, 0x11, 
  0x28, 0x5e, 0xa7, 0x9d, 0xc0, 0xc6, 0xba, 0xe5, 0xf2, 0xdb, 0xbf, 0xb0, 0xc7, 0xab, 0x86, 0x83, 
  0x31, 0x05, 0x00, 0x00, 0x07, 0x22, 0x3b, 0x3e, 0x27, 0x29, 0x35, 0x59, 0xd1, 0x8f, 0x6a, 0x88, 
  0x99, 0xdd, 0xff, 0xff, 0xff, 0xf9, 0x8e, 0x65, 0xa0, 0xff, 0xff, 0xff, 0xff, 0xff, 0xe4, 0x94, 
  0xa9, 0x49, 0x3f, 0x9b, 0xa1, 0x82, 0x4d, 0x29, 0x15, 0x18, 0x00, 0x16, 0x9a, 0x99, 0x2b, 0x00, 
  0x00, 0x00, 0x7f, 0xf8, 0xff, 0xff, 0xb8, 0x8a, 0x3e, 0x28, 0x1e, 0x2b, 0x2c, 0x00, 0x00, 0x00, 
  0x6b, 0xaf, 0x77, 0x4b, 0x28, 0x00, 0x4a, 0x48, 0x31, 0x79, 0xfa, 0xbf, 0xe9, 0xff, 0xff, 0xff, 
  0xff, 0xff, 0xff, 0xff, 0xff, 0xe9, 0xff, 0xff, 0x5e, 0x11, 0x47, 0x2a, 0xff, 0xff, 0x8b, 0x00, 
  0x00, 0x00, 0x00, 0x05, 0x00, 0x0c, 0x4e, 0xcb, 0xdc, 0xbd, 0xf3, 0xe5, 0x67, 0x00, 0x00, 0x00, 
  0x00, 0x54, 0xf9, 0xff, 0xff, 0xd9, 0x7f, 0x28, 0x73, 0xff, 0xff, 0xff, 0xff, 0xff, 0xff, 0xff, 
  0xff, 0x00, 0x00, 0x00, 0x00, 0x00, 0x00, 0x00, 0x00, 0x00, 0x00, 0x00, 0x00, 0x00, 0x00, 0x00, 
  0x00, 0x00, 0x00, 0x52, 0xff, 0xff, 0xff, 0xff, 0xec, 0x21, 0x2b, 0x83, 0xea, 0xc6, 0x05, 0x00, 
  0x00, 0x8f, 0xe7, 0xff, 0xff, 0xff, 0xff, 0xff, 0xff, 0xff, 0xbc, 0xd4, 0x2c, 0x00, 0x00, 0x00, 
  0x4f, 0xf4, 0xff, 0xba, 0x00, 0x00, 0x00, 0x00, 0x00, 0x0f, 0xff, 0xff, 0xff, 0x5a, 0x00, 0x00, 
  0x00, 0x00, 0x00, 0xec, 0xff, 0xff, 0xff, 0xff, 0xff, 0xff, 0x6f, 0x25, 0xff, 0xff, 0xff, 0xff, 
  0xff, 0xff, 0xff, 0xff, 0xff, 0x2e, 0x00, 0x00, 0x00, 0x00, 0x00, 0x00, 0x00, 0x00, 0x00, 0x00, 
  0x89, 0xf4, 0xff, 0xff, 0xff, 0x82, 0x00, 0x00, 0x11, 0x93, 0xda, 0x9d, 0x12, 0x00, 0x00, 0x9c, 
  0x80, 0x44, 0x00, 0xf5, 0xff, 0xff, 0xff, 0x66, 0x00, 0x00, 0x00, 0x00, 0x00, 0x00, 0x00, 0x5b, 
  0xff, 0xff, 0xff, 0xff, 0xff, 0xff, 0xcb, 0x75, 0x00, 0x93, 0xff, 0xbc, 0xdf, 0x90, 0xf7, 0xd5, 
  0xa0, 0x89, 0x94, 0x0c, 0xf2, 0xff, 0xff, 0xaa, 0x00, 0x00, 0x00, 0x00, 0x00, 0x42, 0x00, 0x00, 
  0x42, 0xff, 0xc9, 0xff, 0xff, 0x26, 0x00, 0x61, 0xca, 0xff, 0xff, 0xff, 0xff, 0x00, 0x00, 0x00, 
  0x00, 0x32, 0xff, 0xff, 0xff, 0xff, 0x00, 0x00, 0x00, 0x00, 0xff, 0xff, 0xff, 0xff, 0x89, 0x00, 
  0x00, 0x00, 0x00, 0x35, 0xad, 0xb1, 0xb4, 0xff, 0xff, 0xff, 0x81, 0xff, 0xff, 0xff, 0xff, 0x8a, 
  0x00, 0x00, 0x00, 0x20, 0xff, 0xff, 0xfe, 0xc1, 0x36, 0x00, 0x00, 0xff, 0xff, 0xff, 0xff, 0x67, 
  0x00, 0x00, 0x00, 0x44, 0x8a, 0x5e, 0x58, 0x00, 0x00, 0x00, 0x36, 0xa5, 0xff, 0xff, 0x61, 0x00, 
  0x00, 0x76, 0xdc, 0xed, 0xff, 0x86, 0x00, 0x19, 0x53, 0xff, 0xed, 0x78, 0x00, 0x00, 0x00, 0x00, 
  0x00, 0x00, 0x36, 0x00, 0x46, 0x97, 0xde, 0x70, 0xa5, 0xff, 0xe9, 0xca, 0xff, 0xff, 0xff, 0xff, 
  0xff, 0xff, 0xff, 0xff, 0xff, 0xff, 0xff, 0xa4, 0xd3, 0x8b, 0xff, 0x51, 0x00, 0x00, 0x00, 0x00, 
  0x00, 0x96, 0x00, 0x00, 0x70, 0x1c, 0x00, 0x00, 0x00, 0x00, 0x65, 0xd3, 0x13, 0x00, 0x00, 0x00, 
  0x37, 0xc7, 0xa3, 0x85, 0xaa, 0x28, 0x14, 0x70, 0x6d, 0x00, 0x00, 0x00, 0x00, 0x00, 0x00, 0x4f, 
  0x85, 0xff, 0xff, 0xff, 0xff, 0xff, 0xff, 0xff, 0xff, 0xff, 0xff, 0x74, 0x36, 0x9b, 0xff, 0xff, 
  0xff, 0xff, 0xff, 0xa7, 0x89, 0x00, 0x00, 0x1e, 0x9d, 0x00, 0x00, 0x00, 0x00, 0x00, 0x00, 0x00, 
  0x00, 0x00, 0x00, 0x2c, 0x71, 0xff, 0xff, 0xff, 0xff, 0xff, 0xff, 0xff, 0xff, 0xf1, 0xb2, 0x9f, 
  0xff, 0xff, 0xff, 0xff, 0xb1, 0xcc, 0x00, 0x00, 0x00, 0x00, 0x00, 0x00, 0x00, 0x00, 0x00, 0x73, 
  0x73, 0x99, 0x6e, 0x44, 0x00, 0x00, 0x00, 0x2d, 0x52, 0xff, 0xff, 0xff, 0xff, 0xff, 0xff, 0xff, 
  0xff, 0xc2, 0x93, 0x6b, 0xa6, 0xff, 0xff, 0xff, 0xfc, 0x76, 0x4a, 0xb6, 0x93, 0x72, 0xb8, 0xad, 
  0xff, 0xff, 0x3f, 0x00, 0x00, 0x00, 0x00, 0x00, 0x00, 0x00, 0x63, 0x44, 0x6d, 0x00, 0x00, 0x00, 
  0x00, 0x00, 0x00, 0x00, 0x00, 0x78, 0xe6, 0xff, 0xff, 0xf5, 0xb6, 0xff, 0xff, 0xff, 0xff, 0xff, 
  0xfe, 0x40, 0x71, 0xf7, 0xff, 0xff, 0xff, 0xff, 0xff, 0xd6, 0x79, 0x00, 0x23, 0x61, 0xa3, 0x6d, 
  0x10, 0x00, 0xad, 0xff, 0xff, 0xff, 0xff, 0xff, 0xa3, 0x00, 0x00, 0x35, 0xff, 0xe7, 0xb7, 0x00, 
  0x00, 0x03, 0x09, 0x58, 0x33, 0x54, 0x00, 0x00, 0x00, 0x00, 0x00, 0x00, 0x00, 0x00, 0x55, 0x7d, 
  0xb1, 0xbf, 0xcb, 0xb5, 0x6e, 0x84, 0x9a, 0x8b, 0x80, 0x43, 0x3c, 0x0c, 0x69, 0x1e, 0x00, 0x68, 
  0xbf, 0xe9, 0xff, 0xff, 0xff, 0xff, 0x8b, 0x00, 0x00, 0x58, 0x66, 0xd5, 0xff, 0xd6, 0xd0, 0xdb, 
  0xaa, 0xc8, 0xe5, 0xb7, 0xb8, 0x9b, 0x9e, 0xc7, 0xff, 0xff, 0xff, 0xff, 0xa8, 0x08, 0x00, 0x14, 
  0x22, 0xff, 0xff, 0xeb, 0xd5, 0x00, 0x00, 0x00, 0x00, 0x00, 0xa8, 0xe2, 0x88, 0x65, 0x2e, 0x37, 
  0xff, 0xff, 0xff, 0x31, 0x00, 0x00, 0x00, 0x00, 0x00, 0x00, 0x00, 0x00, 0x00, 0x2d, 0x00, 0x00, 
  0x29, 0xff, 0xff, 0xff, 0xda, 0x66, 0x22, 0x4b, 0xff, 0xff, 0xff, 0xff, 0xff, 0xff, 0xff, 0xff, 
  0xff, 0xff, 0xff, 0xff, 0xff, 0xff, 0xe4, 0x45, 0x00, 0x00, 0x00, 0x77, 0x93, 0x1b, 0x3a, 0x41, 
  0x2c, 0x00, 0x00, 0x00, 0x29, 0x65, 0x84, 0xff, 0xff, 0xff, 0xb2, 0x17, 0x00, 0x00, 0x00, 0x25, 
  0x54, 0x46, 0x1d, 0x00, 0x07, 0x54, 0x35, 0x21, 0x46, 0x7e, 0x6b, 0x45, 0x4d, 0x23, 0x00, 0x00, 
  0x00, 0x00, 0x59, 0xca, 0xe9, 0xd2, 0xa8, 0xbb, 0x8a, 0xab, 0xff, 0xff, 0xff, 0xdf, 0x9c, 0xe7, 
  0xdf, 0xe6, 0x65, 0x00, 0x30, 0x87, 0xdb, 0xf3, 0xf8, 0xff, 0xff, 0xff, 0xd3, 0x68, 0x00, 0x00, 
  0x62, 0x4b, 0x7d, 0x72, 0x0f, 0x14, 0x3d, 0x09, 0x00, 0x4a, 0x2c, 0x3d, 0x56, 0x71, 0x88, 0x80, 
  0xa9, 0x87, 0x69, 0xba, 0xff, 0xff, 0xff, 0xff, 0x87, 0x30, 0x0e, 0x00, 0x11, 0x89, 0xff, 0xff, 
  0xff, 0xd6, 0xae, 0x68, 0x15, 0x19, 0x00, 0x1e, 0x70, 0xff, 0xd1, 0x78, 0x56, 0x20, 0x00, 0x00, 
  0x42, 0x33, 0x14, 0x2d, 0xa4, 0xb3, 0x6b, 0x48, 0xab, 0x8d, 0x93, 0x86, 0x4d, 0x6f, 0x43, 0x9e, 
  0xce, 0xe2, 0xea, 0xd4, 0xca, 0xa7, 0xc4, 0x9f, 0x6e, 0xd4, 0xff, 0xff, 0xff, 0xe8, 0x7b, 0x54, 
  0x6a, 0x9e, 0xe4, 0xff, 0xff, 0xff, 0xa1, 0x97, 0x89, 0x61, 0x82, 0x89, 0x6a, 0x50, 0x31, 0x00, 
  0x00, 0x00, 0x00, 0x00, 0x02, 0x76, 0x65, 0x10, 0x00, 0x00, 0x00, 0x00, 0x39, 0xf1, 0xff, 0xff, 
  0xff, 0xff, 0xff, 0xff, 0xff, 0xff, 0xff, 0xff, 0xb5, 0x77, 0x4e, 0x18, 0x06, 0x0d, 0x48, 0x54, 
  0xa2, 0x5d, 0x00, 0x90, 0xeb, 0xc1, 0x94, 0x7e, 0xb5, 0xcc, 0xc7, 0x96, 0x8f, 0xbe, 0x99, 0x90, 
  0x5b, 0x45, 0x04, 0x14, 0x39, 0x5a, 0x49, 0x21, 0x0d, 0x58, 0xc5, 0xff, 0xfa, 0x57, 0x1a, 0x00, 
  0x00, 0x00, 0x61, 0xa8, 0xfb, 0xdc, 0x97, 0x57, 0x00, 0x00, 0x00, 0x40, 0xff, 0xff, 0xff, 0xff, 
  0xff, 0xf4, 0xda, 0xca, 0xc8, 0xef, 0xc4, 0xff, 0xff, 0xb1, 0x98, 0x60, 0x1d, 0x00, 0x00, 0x00, 
  0x00, 0x00, 0x35, 0x00, 0x2e, 0x76, 0x1f, 0x36, 0x60, 0x9f, 0xdf, 0xd5, 0xac, 0x80, 0x92, 0xaf, 
  0x9f, 0x5c, 0x98, 0xc4, 0x8e, 0xff, 0xff, 0xff, 0xff, 0xff, 0xff, 0x47, 0x3e, 0x4e, 0x56, 0x32, 
  0x5c, 0xd2, 0xff, 0xcc, 0x56, 0x42, 0x00, 0x33, 0x50, 0x22, 0x00, 0x00, 0x2f, 0x63, 0x43, 0x67, 
  0x8d, 0x1d, 0x0c, 0x00, 0x00, 0x3e, 0xa7, 0xac, 0xf8, 0xff, 0xff, 0xff, 0xbe, 0x9e, 0x5a, 0x2d, 
  0x82, 0x92, 0x69, 0x68, 0x81, 0x36, 0x35, 0x16, 0x61, 0xab, 0xdc, 0xdf, 0xb0, 0xc4, 0xaf, 0x92, 
  0x70, 0x46, 0x3d, 0xa1, 0xbe, 0xd2, 0xaf, 0xad, 0x85, 0x2e, 0x04, 0x11, 0x06, 0x00, 0x7f, 0xa1, 
  0xc0, 0xea, 0x9d, 0x6a, 0x57, 0x8b, 0xf4, 0xe6, 0xd6, 0xeb, 0xd2, 0x5e, 0x2c, 0x23, 0x14, 0x1a, 
  0x27, 0x6c, 0xdf, 0xff, 0xa5, 0x66, 0x66, 0x66, 0x55, 0x3b, 0x46, 0x61, 0x57, 0x90, 0x80, 0x65, 
  0x77, 0x39, 0x2f, 0x63, 0x6a, 0x98, 0xe7, 0xf8, 0xe6, 0xb0, 0x91, 0x6c, 0x8d, 0x8e, 0xa9, 0x8a, 
  0x9d, 0xaf, 0xbe, 0xeb, 0x7a, 0x6b, 0x95, 0xa0, 0x98, 0x85, 0x3d, 0x1c, 0x00, 0x00, 0x00, 0x00, 
  0x44, 0x8b, 0xae, 0x7a, 0x91, 0x82, 0x89, 0xc1, 0xff, 0xf1, 0xbb, 0x8b, 0x2b, 0x18, 0x42, 0x76, 
  0xa7, 0x85, 0xb8, 0xc6, 0x9c, 0x81, 0x72, 0x68, 0x5b, 0x8f, 0x87, 0xd3, 0xfc, 0x8d, 0x99, 0xa5, 
  0x57, 0x61, 0x6c, 0x95, 0x93, 0x9e, 0x74, 0x6c, 0x7a, 0x4c, 0x89, 0x70, 0x40, 0x6d, 0x77, 0x4c, 
  0x93, 0xa3, 0x94, 0x7e, 0x4b, 0x1d, 0x11, 0x3e, 0x32, 0x00, 0x56, 0x6e, 0x2e, 0x5e, 0x75, 0x87, 
  0x95, 0xc9, 0xb9, 0xfb, 0xff, 0xd8, 0xe1, 0xff, 0xff, 0xff, 0xff, 0xc5, 0xd0, 0xe8, 0xab, 0x8d, 
  0x8e, 0x67, 0x51, 0x6d, 0x87, 0x11, 0x00, 0x00, 0x00, 0x00, 0x00, 0x1f, 0x40, 0x44, 0x28, 0x2d, 
  0x77, 0x8b, 0x5d, 0x49, 0x49, 0x6b, 0xaa, 0xf4, 0xff, 0xff, 0xeb, 0xda, 0xff, 0xff, 0xff, 0xf5, 
  0xff, 0xed, 0xc3, 0xff, 0xff, 0xb7, 0x4c, 0x01, 0x00, 0x00, 0x00, 0x00, 0x00, 0x00, 0x00, 0x00, 
  0x00, 0x00, 0x26, 0x59, 0x71, 0x5d, 0x68, 0xaa, 0xc1, 0xa0, 0xba, 0xff, 0xf6, 0xeb, 0xdd, 0xff, 
  0xff, 0xff, 0xf3, 0xe8, 0xe0, 0xad, 0xb6, 0xfc, 0xcd, 0xc4, 0xff, 0xb7, 0xcf, 0x92, 0x6c, 0x56, 
  0x00, 0x00, 0x2f, 0x20, 0x17, 0x00, 0x00, 0x17, 0x49, 0x62, 0x2e, 0x48, 0x50, 0x92, 0xb1, 0xb9, 
  0xb3, 0x7c, 0x82, 0x98, 0x55, 0x2a, 0x25, 0x51, 0x74, 0x4f, 0x98, 0xa0, 0x52, 0x4d, 0x4b, 0x36, 
  0x40, 0x31, 0x66, 0x84, 0x8c, 0x98, 0xd0, 0xde, 0xaa, 0xcb, 0xdc, 0xe1, 0xca, 0xb0, 0xf1, 0xff, 
  0xff, 0xff, 0xc0, 0xfb, 0xea, 0xff, 0xff, 0xee, 0xed, 0xbb, 0xc4, 0x42, 0x03, 0x00, 0x00, 0x00, 
  0x00, 0x00, 0x00, 0x00, 0x00, 0x00, 0x00, 0x00, 0x00, 0x43, 0x5f, 0x7b, 0x98, 0xcd, 0xb6, 0xad, 
  0xce, 0xd9, 0xbc, 0xeb, 0xff, 0xff, 0xf2, 0xe3, 0x7e, 0xe1, 0xce, 0x73, 0x7b, 0x7c, 0x62, 0x4f, 
  0x49, 0x46, 0x87, 0x8f, 0x59, 0x40, 0x44, 0x76, 0x8d, 0x5a, 0x3e, 0x11, 0x43, 0x5b, 0xb1, 0xa8, 
  0xaa, 0xff, 0xc8, 0xff, 0xf6, 0xfb, 0xff, 0xff, 0xff, 0xff, 0xb9, 0x6b, 0x60, 0x45, 0x07, 0x00, 
  0x00, 0x00, 0x00, 0x09, 0x74, 0x5d, 0x4d, 0x24, 0x43, 0x41, 0x39, 0x4a, 0x81, 0x9c, 0xd4, 0xff, 
  0xf0, 0xe3, 0xbf, 0xdc, 0x83, 0x83, 0x85, 0x4f, 0x46, 0x70, 0x9e, 0xaa, 0xdd, 0xc8, 0x9f, 0x83, 
  0xaf, 0xb3, 0xc8, 0xd1, 0x8d, 0x20, 0x00, 0x36, 0x66, 0xa8, 0x98, 0x2f, 0x08, 0x2a, 0x86, 0xaa, 
  0xb0, 0xf9, 0xf2, 0xb0, 0xb6, 0xae, 0x79, 0xbb, 0x83, 0x26, 0x68, 0xa5, 0x55, 0x5d, 0x78, 0x55, 
  0xa0, 0x3d, 0x33, 0x1b, 0x0d, 0x32, 0x00, 0x27, 0x0d, 0x49, 0x6c, 0x95, 0xf4, 0xe2, 0xff, 0xe1, 
  0x85, 0x6c, 0xc4, 0xff, 0xff, 0xff, 0xff, 0xeb, 0x4b, 0x00, 0x00, 0x2c, 0x60, 0x5d, 0x7d, 0x66, 
  0x41, 0x00, 0xf0, 0xff, 0xff, 0xf0, 0x00, 0x00, 0x00, 0x00, 0x27, 0xe0, 0xfd, 0xdb, 0x97, 0xff, 
  0xff, 0xff, 0xff, 0x69, 0xa0, 0x91, 0x56, 0x16, 0x98, 0x7d, 0x6d, 0xfe, 0xba, 0x83, 0x00, 0x00, 
  0x1d, 0x95, 0xff, 0xff, 0xc0, 0xb0, 0x26, 0x00, 0x6c, 0x29, 0x00, 0x00, 0x00, 0x29, 0x80, 0x00, 
  0x28, 0x60, 0xef, 0xf7, 0xff, 0xe9, 0xb9, 0xa5, 0x99, 0xff, 0xff, 0xce, 0x22, 0x5b, 0xfe, 0xff, 
  0xff, 0xb6, 0x12, 0x00, 0x00, 0x00, 0x42, 0xbb, 0xcb, 0x90, 0xff, 0xff, 0x91, 0x22, 0x00, 0x00, 
  0x1d, 0x7b, 0xff, 0xff, 0x90, 0x00, 0x1c, 0x45, 0xb2, 0xff, 0xff, 0xee, 0x4c, 0x00, 0x00, 0x00, 
  0xff, 0xff, 0xff, 0x0c, 0x00, 0x00, 0x00, 0xbd, 0xff, 0xff, 0xff, 0xff, 0xff, 0x9a, 0x7d, 0x63, 
  0x79, 0x5e, 0x00, 0x00, 0x00, 0x00, 0x00, 0xab, 0xff, 0xff, 0xff, 0xec, 0xff, 0xff, 0xe4, 0xa2, 
  0x36, 0x00, 0x51, 0x34, 0x7d, 0xca, 0xff, 0xff, 0xd7, 0x83, 0x19, 0x00, 0x00, 0x00, 0x00, 0x00, 
  0x00, 0x00, 0x38, 0xe0, 0xc0, 0xff, 0xff, 0xff, 0xff, 0xff, 0xff, 0xff, 0xff, 0x00, 0x00, 0x00, 
  0x00, 0x00, 0x00, 0xfa, 0xbc, 0x93, 0x00, 0x24, 0xff, 0xff, 0xff, 0xde, 0x00, 0x00, 0x00, 0x00, 
  0x00, 0x00, 0x00, 0x00, 0x00, 0x00, 0xdf, 0xff, 0xff, 0xff, 0xff, 0xff, 0xff, 0xd6, 0x00, 0x00, 
  0x00, 0x2b, 0xff, 0xff, 0xff, 0xff, 0xd2, 0x00, 0x00, 0xef, 0xdc, 0x35, 0x4b, 0xff, 0xac, 0x5d, 
  0x00, 0x00, 0x85, 0xff, 0xff, 0xb9, 0x00, 0x00, 0x41, 0xff, 0xff, 0x68, 0x00, 0xf0, 0xff, 0xff, 
  0xff, 0x65, 0x27, 0x00, 0x00, 0xa5, 0xff, 0x00, 0x00, 0x00, 0x00, 0x00, 0x2a, 0x5d, 0x00, 0x00, 
  0x00, 0x00, 0xff, 0xff, 0xff, 0xff, 0xff, 0xff, 0xff, 0xd2, 0x3e, 0x34, 0x00, 0x39, 0xe9, 0x57, 
  0x00, 0x00, 0x00, 0x49, 0xff, 0xff, 0xff, 0x32, 0x00, 0x00, 0x00, 0x74, 0x35, 0x23, 0xec, 0xff, 
  0xff, 0xff, 0xff, 0xff, 0x1c, 0xff, 0xff, 0xff, 0xff, 0xff, 0xff, 0xff, 0xff, 0x41, 0x05, 0xff, 
  0xff, 0x62, 0xbc, 0xff, 0xff, 0xff, 0xff, 0x66, 0x00, 0x00, 0x00, 0x00, 0x00, 0x00, 0x00, 0x00, 
  0x00, 0x00, 0x00, 0x00, 0x00, 0x00, 0x00, 0x00, 0x00, 0x00, 0x80, 0x90, 0x9d, 0x20, 0x00, 0x00, 
  0xff, 0xff, 0xff, 0xff, 0xff, 0xff, 0xff, 0x0a, 0x00, 0x00, 0x6a, 0xff, 0xff, 0xff, 0xff, 0xff, 
  0xfc, 0xbb, 0x44, 0xff, 0xff, 0xff, 0xff, 0xff, 0x84, 0x80, 0xff, 0xf7, 0x00, 0x00, 0x00, 0x00, 
  0x00, 0x00, 0x00, 0x00, 0x00, 0x98, 0xff, 0xff, 0xff, 0xff, 0xff, 0xff, 0xff, 0xff, 0xff, 0xff, 
  0x97, 0x29, 0x00, 0x73, 0x32, 0x00, 0x00, 0x00, 0x00, 0x6a, 0xff, 0xff, 0xff, 0xff, 0xff, 0x5f, 
  0x00, 0x00, 0x00, 0x00, 0x00, 0x00, 0x00, 0x00, 0x00, 0x21, 0xd1, 0x2c, 0x00, 0x00, 0x00, 0x00, 
  0x00, 0x00, 0x00, 0x00, 0x00, 0x87, 0x90, 0x3a, 0x78, 0xff, 0xff, 0xff, 0xff, 0xff, 0xff, 0xff, 
  0xff, 0xff, 0xff, 0xff, 0xff, 0x00, 0x00, 0x58, 0xd8, 0xff, 0xff, 0xff, 0xcb, 0xe8, 0xff, 0x87, 
  0x00, 0x00, 0x00, 0x00, 0x58, 0xff, 0xff, 0x7f, 0x1c, 0x00, 0x00, 0x00, 0x21, 0x82, 0x00, 0x00, 
  0x00, 0x3f, 0x6b, 0xff, 0xff, 0xff, 0x1b, 0x2b, 0xa1, 0xdc, 0xc0, 0xfd, 0x7a, 0x20, 0xac, 0x58, 
  0x0f, 0x00, 0x00, 0x00, 0x77, 0x00, 0x0f, 0x43, 0xff, 0xff, 0xc6, 0xe9, 0xaf, 0xd3, 0xff, 0xff, 
  0x10, 0x21, 0xec, 0xdd, 0x64, 0x34, 0x02, 0x00, 0x00, 0x00, 0x00, 0xff, 0xff, 0xff, 0x75, 0x00, 
  0x00, 0xa0, 0xff, 0xff, 0xff, 0x1b, 0x00, 0x00, 0x61, 0x91, 0x33, 0x60, 0xc8, 0x00, 0x00, 0xa1, 
  0xff, 0xff, 0xff, 0xff, 0xff, 0xfa, 0x8c, 0xc3, 0x80, 0xa8, 0xff, 0x59, 0x00, 0x00, 0x00, 0x00, 
  0x00, 0x00, 0x00, 0x00, 0x00, 0xbf, 0xff, 0xff, 0xff, 0xff, 0xff, 0xff, 0xff, 0xff, 0xff, 0xff, 
  0x70, 0x28, 0x31, 0xac, 0x50, 0xff, 0xff, 0xdb, 0xcb, 0x9b, 0x00, 0x65, 0x68, 0x00, 0x00, 0x00, 
  0x00, 0x00, 0xeb, 0xff, 0x8e, 0x8c, 0x73, 0x62, 0x1f, 0xff, 0xff, 0xff, 0xbb, 0x59, 0x07, 0x2b, 
  0x00, 0x00, 0x00, 0x21, 0xa1, 0xf9, 0xef, 0xf2, 0xcf, 0xff, 0xff, 0xb3, 0xdc, 0x82, 0x00, 0x08, 
  0x00, 0x00, 0x00, 0xd7, 0xe4, 0xf1, 0xd5, 0x9d, 0x00, 0x00, 0x00, 0x4c, 0xff, 0xff, 0xff, 0x74, 
  0x74, 0xff, 0xff, 0xf2, 0xff, 0xff, 0xff, 0x19, 0x00, 0x00, 0x00, 0x9c, 0xdd, 0x00, 0x00, 0x00, 
  0x00, 0x00, 0x00, 0xc9, 0xff, 0xff, 0xff, 0x9a, 0x2c, 0x00, 0x00, 0x5d, 0x94, 0xab, 0xff, 0xff, 
  0xff, 0xdb, 0x6a, 0xff, 0xff, 0xff, 0xff, 0xff, 0xff, 0x77, 0x00, 0x00, 0x00, 0x7c, 0xb5, 0x96, 
  0x9c, 0x67, 0xcd, 0xff, 0xff, 0xff, 0x7e, 0x00, 0x00, 0x00, 0x00, 0x00, 0x7e, 0xff, 0xff, 0xed, 
  0x99, 0x57, 0x17, 0x05, 0x92, 0x4c, 0x00, 0x03, 0x00, 0x00, 0x00, 0x00, 0x00, 0x00, 0x00, 0x00, 
  0x00, 0xb6, 0x86, 0xe4, 0xff, 0xff, 0xff, 0xff, 0x65, 0x00, 0x00, 0x00, 0x00, 0x4a, 0xff, 0xff, 
  0xff, 0xff, 0xff, 0xff, 0xc6, 0x54, 0x96, 0x7b, 0xac, 0xc9, 0xde, 0xee, 0xf8, 0xaa, 0x2b, 0x13, 
  0x2a, 0xd0, 0x4b, 0x3d, 0x83, 0xff, 0x78, 0x00, 0x00, 0x84, 0xff, 0xff, 0xff, 0x8a, 0xd1, 0xf6, 
  0x3e, 0x17, 0xbb, 0xff, 0xf8, 0xe2, 0x7b, 0x00, 0x00, 0x00, 0x06, 0x4f, 0x49, 0x96, 0x16, 0x00, 
  0x2e, 0x31, 0x78, 0x63, 0x9f, 0x77, 0x00, 0x00, 0x03, 0x62, 0x64, 0xc2, 0xff, 0xff, 0xf3, 0xbf, 
  0x00, 0x24, 0xc0, 0x9b, 0x00, 0x00, 0x00, 0x00, 0xa0, 0xff, 0xe6, 0xc6, 0xfc, 0xaa, 0x9e, 0xbb, 
  0xf2, 0xff, 0xff, 0xd0, 0x8f, 0x62, 0x0d, 0x42, 0x72, 0xd7, 0x9e, 0xd4, 0xd8, 0xff, 0xbb, 0xad, 
  0xb6, 0x60, 0xc7, 0xa6, 0xa5, 0x62, 0x62, 0xbb, 0xb0, 0x34, 0x08, 0x00, 0x00, 0x00, 0x00, 0x00, 
  0x1f, 0xea, 0xff, 0xff, 0xff, 0xff, 0xfd, 0xe3, 0x82, 0x94, 0x45, 0x8a, 0xd6, 0xaa, 0xbc, 0x91, 
  0x9f, 0x3c, 0x05, 0x1b, 0x16, 0x00, 0x63, 0xa0, 0x92, 0x6a, 0x6a, 0xbd, 0x7d, 0x5f, 0x6d, 0x78, 
  0x55, 0x0e, 0x04, 0x14, 0x00, 0x00, 0x9b, 0xb0, 0xff, 0xff, 0x92, 0x44, 0x38, 0x1e, 0x18, 0x4a, 
  0xce, 0xff, 0xd2, 0x6b, 0x32, 0x58, 0x98, 0xff, 0xff, 0xc0, 0x7b, 0x95, 0xb7, 0xa7, 0xe7, 0xe2, 
  0xf3, 0xd4, 0xc8, 0x57, 0x22, 0x34, 0x3c, 0x28, 0x3b, 0x7b, 0x85, 0xc9, 0xff, 0xa5, 0x1a, 0x96, 
  0x7b, 0xd9, 0xff, 0xb3, 0x9a, 0x91, 0x73, 0x53, 0x3d, 0x55, 0x79, 0x1d, 0x00, 0x00, 0x00, 0x00, 
  0x00, 0x0e, 0x51, 0xd1, 0xb2, 0x3a, 0x79, 0xff, 0xee, 0xaa, 0x7f, 0x94, 0x5c, 0xc9, 0xff, 0xff, 
  0xff, 0xff, 0xff, 0xff, 0xff, 0xff, 0xac, 0x00, 0x1c, 0x5a, 0x69, 0xeb, 0xeb, 0xa2, 0x4a, 0x00, 
  0x00, 0x19, 0x00, 0x00, 0x00, 0x00, 0x00, 0x00, 0x00, 0x00, 0x00, 0x00, 0x82, 0x59, 0x61, 0x6d, 
  0xe4, 0xff, 0xff, 0xff, 0xff, 0xff, 0xf3, 0xff, 0xff, 0xff, 0xd4, 0x8d, 0x88, 0xa7, 0x3f, 0x66, 
  0x83, 0xa5, 0xb6, 0x38, 0x19, 0x11, 0x50, 0x74, 0xb7, 0xd2, 0xb0, 0x53, 0x57, 0x42, 0x24, 0x48, 
  0xae, 0xff, 0xb8, 0xaf, 0x8c, 0x90, 0x2c, 0x04, 0x4d, 0xbe, 0xc6, 0x7d, 0x5e, 0x43, 0x00, 0x00, 
  0x3a, 0x26, 0x88, 0xff, 0xff, 0xa1, 0xb1, 0x8d, 0x99, 0xff, 0xff, 0xff, 0xbb, 0x89, 0x56, 0x3e, 
  0x85, 0xff, 0xff, 0xe3, 0x4e, 0x3f, 0x4a, 0x3d, 0x51, 0x45, 0x4f, 0x00, 0x00, 0x00, 0x30, 0x75, 
  0x2e, 0x00, 0x00, 0x00, 0x00, 0x00, 0x09, 0x6d, 0x5f, 0x63, 0xc3, 0xcf, 0xeb, 0x93, 0xa2, 0xff, 
  0xfa, 0xff, 0xff, 0xff, 0xff, 0xff, 0xfc, 0xff, 0xda, 0xa2, 0xda, 0xe7, 0x7b, 0x6c, 0x96, 0x46, 
  0x4e, 0x83, 0x55, 0x1f, 0x45, 0x64, 0x39, 0x1d, 0x4a, 0x2b, 0x17, 0x02, 0x19, 0x49, 0x56, 0x7b, 
  0x5b, 0xab, 0xff, 0xff, 0xe5, 0xff, 0xf8, 0xc4, 0xec, 0xd3, 0xb0, 0x9f, 0x94, 0x71, 0x1e, 0x19, 
  0x00, 0x00, 0x00, 0x00, 0x00, 0x00, 0x00, 0x00, 0x71, 0xa5, 0xa5, 0xed, 0xde, 0xa4, 0x8c, 0x88, 
  0x79, 0xce, 0xeb, 0xba, 0x89, 0x70, 0x7b, 0x74, 0x85, 0x72, 0xb0, 0xfd, 0xff, 0xff, 0xff, 0xd5, 
  0x60, 0x8e, 0xd2, 0xb8, 0xa0, 0x4a, 0x4f, 0x6e, 0xba, 0xae, 0x8d, 0xd5, 0xc2, 0x98, 0x9a, 0x6a, 
  0x5a, 0x9d, 0x62, 0x45, 0x4a, 0x8d, 0x7e, 0x5f, 0x70, 0x3f, 0x5f, 0x7c, 0x98, 0x50, 0x52, 0x5e, 
  0x56, 0x73, 0x5a, 0x5b, 0x88, 0x61, 0x49, 0x44, 0x0f, 0x00, 0x00, 0x53, 0xa4, 0xff, 0xff, 0xff, 
  0xff, 0xcd, 0xc0, 0xe3, 0xff, 0xff, 0x9d, 0x50, 0x57, 0x54, 0x82, 0x49, 0x00, 0x00, 0x00, 0x00, 
  0x00, 0x00, 0x34, 0x3e, 0x39, 0x75, 0x7c, 0x40, 0x85, 0x5f, 0x5a, 0x91, 0xb6, 0xde, 0xaf, 0xbe, 
  0x90, 0xe0, 0xf4, 0xfd, 0xff, 0xff, 0xff, 0xff, 0xff, 0xdb, 0xf3, 0xc2, 0xc0, 0xd3, 0xb6, 0x4e, 
  0x00, 0x1a, 0x00, 0x30, 0x20, 0x2f, 0x4c, 0x0d, 0x00, 0x00, 0x76, 0x97, 0x80, 0x4c, 0x6c, 0xee, 
  0xcf, 0xbf, 0xec, 0xb3, 0x68, 0x06, 0x00, 0x00, 0x00, 0x53, 0x81, 0x51, 0x54, 0x91, 0xb8, 0xc0, 
  0xff, 0xff, 0xe2, 0xb0, 0xd0, 0xdf, 0xff, 0xff, 0xff, 0xd7, 0x84, 0xa4, 0xff, 0xd5, 0x94, 0x84, 
  0x46, 0x22, 0x36, 0x69, 0x62, 0x4c, 0x44, 0x13, 0x00, 0x00, 0x00, 0x00, 0x00, 0x2a, 0x4e, 0x71, 
  0x47, 0x1a, 0x2d, 0x6f, 0x87, 0x4a, 0x1a, 0x05, 0x22, 0x75, 0x89, 0x7f, 0xa3, 0xce, 0xa5, 0xc3, 
  0xff, 0xff, 0xff, 0xfe, 0xff, 0xe5, 0xe1, 0xd8, 0xb5, 0xd4, 0xb7, 0x5c, 0x03, 0x00, 0x06, 0x90, 
  0xad, 0x9f, 0xdf, 0xa3, 0x3f, 0x25, 0x00, 0x44, 0xd2, 0xee, 0xd3, 0x7a, 0x73, 0xc1, 0xed, 0xed, 
  0x8f, 0x89, 0x92, 0x32, 0x3b, 0x5f, 0x9d, 0xd5, 0xb2, 0xb5, 0x7c, 0x68, 0x5b, 0x9d, 0xff, 0x9a, 
  0xa8, 0xa4, 0x00, 0x00, 0x00, 0x00, 0x00, 0x14, 0x00, 0x00, 0x00, 0x00, 0x00, 0x79, 0xff, 0xff, 
  0xd6, 0x36, 0x00, 0x00, 0x66, 0xff, 0xff, 0xa3, 0x2a, 0x00, 0x5b, 0xdf, 0xff, 0xe0, 0xea, 0xff, 
  0xff, 0xff, 0xff, 0xff, 0x73, 0x41, 0x46, 0x3a, 0x66, 0x86, 0xff, 0xf5, 0x65, 0x00, 0x00, 0x00, 
  0x00, 0x00, 0x19, 0xe7, 0xff, 0x6a, 0x00, 0x00, 0x00, 0xbb, 0xff, 0xff, 0xff, 0xff, 0xff, 0xff, 
  0xff, 0xeb, 0xe3, 0xff, 0xff, 0xff, 0x93, 0x00, 0x00, 0x00, 0x7e, 0xff, 0xff, 0x8b, 0x00, 0x00, 
  0x93, 0xb5, 0xff, 0x61, 0x00, 0x00, 0x00, 0x3f, 0x00, 0x00, 0x05, 0x8d, 0x61, 0x6c, 0x00, 0x4d, 
  0xbe, 0xb1, 0xe9, 0x2f, 0x00, 0x00, 0x00, 0x04, 0x95, 0xcf, 0xf3, 0xa6, 0x72, 0x00, 0x00, 0x00, 
  0x00, 0x00, 0x00, 0xc3, 0xff, 0xe2, 0x72, 0x8f, 0xff, 0xff, 0xff, 0xff, 0xff, 0xff, 0xff, 0xff, 
  0xff, 0xb5, 0x00, 0x00, 0xb1, 0xea, 0xff, 0xff, 0xff, 0x67, 0x47, 0x00, 0xc8, 0xff, 0xff, 0xff, 
  0xff, 0x00, 0x00, 0x00, 0x00, 0xff, 0xff, 0xb9, 0x16, 0x24, 0x00, 0x00, 0x00, 0x00, 0x43, 0x34, 
  0xff, 0xff, 0x29, 0x00, 0x00, 0x00, 0x00, 0x1e, 0x00, 0x59, 0xd1, 0x75, 0xff, 0xff, 0xff, 0xff, 
  0xff, 0xbf, 0x00, 0x07, 0x00, 0x00, 0x00, 0x00, 0x00, 0xa5, 0xe4, 0xa0, 0x00, 0x00, 0x00, 0x00, 
  0x27, 0xff, 0xff, 0xff, 0x78, 0x91, 0xff, 0xff, 0xff, 0x19, 0x00, 0x00, 0x19, 0xc4, 0xff, 0xff, 
  0xff, 0xff, 0x31, 0x68, 0xff, 0xff, 0xff, 0xff, 0xff, 0xff, 0x73, 0xee, 0xff, 0xf0, 0x51, 0x6e, 
  0x00, 0x00, 0x00, 0x00, 0x00, 0x00, 0x00, 0x00, 0x00, 0x00, 0x00, 0x00, 0xff, 0xff, 0xff, 0x9b, 
  0x4a, 0x00, 0x00, 0x27, 0xe8, 0xf7, 0xdd, 0x17, 0x00, 0x00, 0x82, 0xff, 0xfc, 0xce, 0xff, 0xff, 
  0xff, 0xff, 0xff, 0xff, 0x00, 0x00, 0x00, 0x00, 0x00, 0x00, 0x00, 0x00, 0x73, 0x61, 0x00, 0x00, 
  0x00, 0x00, 0x00, 0x00, 0x00, 0x00, 0x3a, 0x50, 0xcf, 0x7c, 0x5c, 0x5d, 0xa0, 0x9b, 0xc4, 0xff, 
  0xff, 0xff, 0xff, 0xff, 0x96, 0x89, 0xff, 0xff, 0xff, 0xff, 0xff, 0xff, 0xff, 0xff, 0xff, 0xff, 
  0xff, 0x3a, 0x23, 0x00, 0x00, 0x00, 0x00, 0x00, 0x00, 0x00, 0x00, 0x57, 0x00, 0x23, 0x4d, 0x00, 
  0x00, 0x00, 0x60, 0xff, 0xb6, 0x11, 0x84, 0xff, 0xff, 0xff, 0x00, 0x00, 0x05, 0x00, 0x00, 0x00, 
  0x00, 0xd6, 0xf6, 0xff, 0xff, 0xff, 0xff, 0xff, 0x82, 0x7b, 0x7f, 0x9c, 0x00, 0x4d, 0x42, 0x8c, 
  0xc0, 0x00, 0x00, 0x00, 0x00, 0x07, 0xff, 0xff, 0xe0, 0xbe, 0x73, 0x57, 0x00, 0x30, 0x98, 0x2c, 
  0x00, 0x00, 0x00, 0x14, 0xff, 0xff, 0xff, 0xff, 0xff, 0xff, 0x6e, 0x7e, 0xae, 0x86, 0x00, 0x99, 
  0xff, 0xff, 0xff, 0xff, 0xff, 0xff, 0xff, 0xca, 0x74, 0xb2, 0x85, 0x00, 0x00, 0x30, 0x36, 0x44, 
  0x00, 0x6b, 0xd2, 0xd0, 0x0b, 0x00, 0xcc, 0xa5, 0xff, 0x39, 0x00, 0x00, 0x00, 0x00, 0x00, 0x2a, 
  0x00, 0x00, 0x00, 0x00, 0x52, 0xff, 0xff, 0xe9, 0x00, 0x00, 0x00, 0x00, 0x08, 0xa8, 0xff, 0xff, 
  0xea, 0x62, 0x3f, 0x5e, 0xff, 0xff, 0xff, 0xff, 0x33, 0x00, 0x00, 0xc9, 0xff, 0xff, 0xff, 0xff, 
  0xff, 0xff, 0xdb, 0xd1, 0xff, 0xac, 0x57, 0x97, 0x30, 0x00, 0x53, 0x55, 0x00, 0x00, 0x10, 0xff, 
  0xff, 0xff, 0xff, 0x81, 0x00, 0x00, 0x00, 0x00, 0x00, 0xaa, 0x5e, 0x00, 0x00, 0x00, 0xb7, 0xff, 
  0xff, 0xff, 0xa3, 0x6f, 0xf2, 0xfb, 0xdc, 0xc4, 0x65, 0x54, 0xcc, 0xb7, 0x2f, 0x27, 0x00, 0x2e, 
  0x39, 0x53, 0x5a, 0x00, 0x00, 0x3e, 0x42, 0x70, 0x9b, 0x00, 0x00, 0x00, 0x00, 0x00, 0x54, 0xff, 
  0xff, 0xff, 0xff, 0xff, 0x8b, 0x32, 0x00, 0x00, 0x87, 0xff, 0xff, 0x50, 0x68, 0x81, 0x81, 0x5f, 
  0xff, 0xff, 0xff, 0xb7, 0xb5, 0xff, 0xff, 0xff, 0xef, 0x62, 0x4c, 0xff, 0xf3, 0xe3, 0x37, 0x00, 
  0x00, 0x33, 0x76, 0x77, 0x62, 0x49, 0x7b, 0x1c, 0x00, 0x00, 0x73, 0x06, 0x20, 0x00, 0x00, 0x00, 
  0x00, 0x1f, 0xca, 0xff, 0xff, 0xff, 0xc2, 0xc9, 0xa1, 0x63, 0x95, 0x31, 0x60, 0xa6, 0xbe, 0xda, 
  0x3c, 0x7b, 0x95, 0xff, 0xff, 0xff, 0xff, 0xff, 0xbf, 0x0f, 0x00, 0x00, 0x00, 0x25, 0x00, 0x85, 
  0x99, 0x1a, 0x5a, 0xdc, 0xa8, 0x14, 0x00, 0x59, 0x7c, 0xec, 0xff, 0xd6, 0x3b, 0x00, 0x1f, 0x6b, 
  0xc4, 0xff, 0xff, 0xb9, 0xdd, 0xff, 0x77, 0x00, 0x00, 0x00, 0x00, 0x1c, 0x27, 0x82, 0xff, 0xfd, 
  0x2e, 0x00, 0x00, 0x00, 0x09, 0xbc, 0x63, 0x51, 0x1f, 0x00, 0x00, 0x00, 0x33, 0x9d, 0xba, 0x5a, 
  0xa4, 0xff, 0xff, 0xff, 0xff, 0xff, 0xff, 0xff, 0xff, 0xff, 0xff, 0xff, 0xff, 0x8a, 0x9c, 0xff, 
  0xff, 0xff, 0xff, 0xff, 0xff, 0x2a, 0x00, 0x00, 0x00, 0x21, 0x2f, 0x4f, 0x67, 0x00, 0x00, 0x00, 
  0x00, 0x00, 0x00, 0x00, 0x3c, 0x66, 0x19, 0x29, 0x00, 0x2f, 0xb6, 0xbe, 0xd0, 0xff, 0xff, 0xff, 
  0xff, 0xff, 0xc4, 0x7e, 0x00, 0x00, 0x00, 0x00, 0x00, 0x00, 0x00, 0x00, 0x00, 0x00, 0x00, 0x7d, 
  0xdb, 0xff, 0xff, 0xff, 0xff, 0xcb, 0xaf, 0x68, 0x75, 0x74, 0xff, 0xff, 0xf3, 0xe2, 0xba, 0xb9, 
  0xff, 0xff, 0xbc, 0x95, 0x5b, 0x48, 0x55, 0x6e, 0x9a, 0xa5, 0xc5, 0xbe, 0xa7, 0xed, 0xff, 0xff, 
  0xff, 0xe8, 0xff, 0xff, 0xeb, 0xc9, 0xb7, 0xb1, 0x9d, 0x55, 0x00, 0x00, 0x00, 0x48, 0x7c, 0x12, 
  0x00, 0x00, 0x00, 0x62, 0xa4, 0x81, 0x7f, 0x6d, 0x00, 0x00, 0x00, 0x00, 0x00, 0x00, 0x00, 0x00, 
  0x2b, 0x22, 0x7f, 0xff, 0xd8, 0xff, 0xff, 0xff, 0xff, 0xff, 0xff, 0xff, 0xff, 0xff, 0x76, 0x63, 
  0xb2, 0x7b, 0x71, 0x6d, 0x38, 0x40, 0x00, 0x06, 0x45, 0x79, 0xf4, 0xe8, 0xc8, 0x55, 0x98, 0x7c, 
  0x3c, 0x00, 0x00, 0x00, 0x00, 0x00, 0x00, 0x00, 0x37, 0xe8, 0xff, 0xd8, 0xe0, 0xe2, 0xff, 0xff, 
  0xff, 0xff, 0xb5, 0x86, 0x33, 0x00, 0x15, 0x5b, 0xaf, 0xc6, 0xc2, 0x8c, 0x4e, 0x79, 0xad, 0xa7, 
  0x96, 0x98, 0x69, 0x81, 0xf0, 0xaf, 0x9a, 0xa6, 0x37, 0x00, 0x00, 0x00, 0x00, 0x00, 0x00, 0x20, 
  0x53, 0x82, 0x81, 0x90, 0xe9, 0xc0, 0x7c, 0xf7, 0xff, 0xe1, 0xff, 0xa2, 0x93, 0xd3, 0xd0, 0xc4, 
  0xa0, 0x80, 0x6d, 0x2c, 0x00, 0x00, 0x00, 0x30, 0x7d, 0x9d, 0xd0, 0xad, 0x17, 0x39, 0xaf, 0x70, 
  0xb6, 0x8e, 0x13, 0x00, 0x05, 0x59, 0xa3, 0xff, 0xff, 0xff, 0xaf, 0x1b, 0x01, 0x2e, 0x5b, 0xba, 
  0xfc, 0xff, 0xed, 0xe0, 0x8d, 0x9c, 0x7f, 0x44, 0x5a, 0x6d, 0x7b, 0x4c, 0x68, 0x4e, 0x70, 0x7a, 
  0x99, 0xa7, 0x7b, 0x53, 0x62, 0xc8, 0xd5, 0xbc, 0x52, 0x5e, 0x71, 0x67, 0x40, 0x4a, 0xc8, 0xaa, 
  0x9e, 0x69, 0x7c, 0xad, 0x97, 0xb0, 0x83, 0x9d, 0x89, 0x67, 0x40, 0x2b, 0x00, 0x09, 0x3b, 0x80, 
  0xcc, 0xde, 0x8e, 0x72, 0xce, 0x44, 0x8a, 0xfc, 0xff, 0xff, 0xa0, 0x1c, 0x00, 0x63, 0xa5, 0xa5, 
  0xa1, 0xa2, 0xaa, 0x7b, 0x35, 0x28, 0x00, 0x10, 0x40, 0x4e, 0x00, 0x00, 0x00, 0x41, 0x96, 0x6f, 
  0x72, 0x75, 0x90, 0x85, 0x98, 0xd2, 0xff, 0xff, 0xff, 0xff, 0xc9, 0xa6, 0x7d, 0xa4, 0x90, 0xbd, 
  0xcf, 0xbd, 0xff, 0xff, 0xff, 0xff, 0xc9, 0xc5, 0x80, 0x11, 0x1d, 0x0f, 0x10, 0x5a, 0x96, 0x9b, 
  0x55, 0x72, 0x87, 0x5d, 0x63, 0x8d, 0x68, 0x60, 0x65, 0x33, 0x2b, 0x04, 0x06, 0x51, 0x1f, 0x00, 
  0x00, 0x15, 0x4f, 0x5f, 0x7c, 0x4e, 0x67, 0x28, 0x38, 0x7a, 0xe3, 0xff, 0xff, 0xff, 0xff, 0xff, 
  0xff, 0xfd, 0xef, 0xff, 0xc7, 0xaf, 0x3a, 0x0a, 0x00, 0x00, 0x11, 0x6a, 0x8b, 0x6d, 0x8f, 0x53, 
  0x47, 0x1d, 0x14, 0x03, 0x00, 0x00, 0x37, 0x98, 0x9b, 0xd9, 0xff, 0xb4, 0x71, 0xb8, 0xd9, 0x73, 
  0x48, 0x0c, 0x55, 0xff, 0xf1, 0xff, 0xff, 0xff, 0xff, 0xff, 0xa6, 0x6b, 0x81, 0x51, 0x4e, 0x82, 
  0x7e, 0x74, 0xb5, 0xa9, 0xc6, 0xa9, 0x8d, 0x55, 0x3d, 0x61, 0x23, 0x00, 0x00, 0x00, 0x00, 0x00, 
  0x00, 0x00, 0x00, 0x00, 0x08, 0x11, 0x17, 0x13, 0x30, 0x52, 0x27, 0x15, 0x66, 0xcf, 0xc0, 0xb6, 
  0xc3, 0xe1, 0xff, 0xf7, 0xff, 0xff, 0xff, 0xff, 0xff, 0xff, 0xff, 0xff, 0xff, 0xcc, 0xd4, 0xee, 
  0x8f, 0x22, 0x42, 0x63, 0x60, 0x56, 0x71, 0x40, 0x00, 0x00, 0x00, 0x00, 0x00, 0x04, 0x0d, 0x4c, 
  0xa0, 0xb9, 0xc5, 0x87, 0x32, 0x17, 0x18, 0x2b, 0x68, 0xe3, 0xd0, 0xf5, 0xd8, 0x9a, 0xa0, 0x42, 
  0x66, 0x44, 0x7d, 0xff, 0xff, 0xff, 0xff, 0xf2, 0xe6, 0xad, 0x7b, 0x54, 0x00, 0x46, 0x49, 0x4a, 
  0xb4, 0xbe, 0xe7, 0xc4, 0x97, 0x91, 0x9c, 0x61, 0x19, 0x00, 0x00, 0x6d, 0xb7, 0x85, 0x65, 0x44, 
  0x26, 0x00, 0x00, 0x00, 0x00, 0x5f, 0x7f, 0x69, 0x8d, 0xb1, 0x9f, 0xd8, 0x8b, 0x71, 0xac, 0x93, 
  0xa0, 0xd2, 0xe0, 0xdb, 0xd0, 0xff, 0xff, 0xb3, 0xb9, 0xd3, 0xc0, 0x7f, 0xae, 0x6b, 0x93, 0x7e, 
  0x88, 0xc4, 0xaf, 0xe3, 0x6f, 0x77, 0x68, 0x5b, 0x6e, 0x29, 0x00, 0x00, 0x4b, 0x4a, 0x20, 0x0f, 
  0x3e, 0x9b, 0x99, 0xae, 0x67, 0x42, 0x90, 0x6e, 0x75, 0xa4, 0xbe, 0xd3, 0xac, 0x72, 0x71, 0x60, 
  0x94, 0x3f, 0x00, 0x52, 0x6c, 0xbd, 0xb4, 0xaa, 0xd3, 0x9e, 0x86, 0x81, 0x4c, 0x56, 0xa4, 0x80, 
  0x7b, 0xe1, 0xf4, 0xff, 0xc1, 0x58, 0x65, 0xa0, 0x93, 0x71, 0x29, 0x4b, 0x9a, 0xaf, 0xe8, 0x7e, 
  0x63, 0x6f, 0x7c, 0x44, 0x0a, 0x00, 0x25, 0x6d, 0x45, 0x3b, 0x49, 0x55, 0x30, 0x6e, 0xbb, 0xc1, 
  0xbf, 0xea, 0xe1, 0xce, 0xd6, 0xce, 0x82, 0x3e, 0x10, 0x2e, 0xb0, 0xe2, 0x95, 0x8c, 0x9b, 0x40, 
  0x2c, 0x18, 0x68, 0x72, 0x79, 0x91, 0x91, 0x71, 0x8e, 0xcd, 0x90, 0xa7, 0x9f, 0xa9, 0x96, 0x6d, 
  0x6a, 0x9e, 0x94, 0x66, 0x95, 0x68, 0x21, 0x1c, 0x1a, 0x46, 0x4b, 0x77, 0x8e, 0x9a, 0xaf, 0xb7, 
  0xf7, 0xe2, 0xe2, 0x96, 0x84, 0x98, 0x77, 0xe1, 0xff, 0xff, 0xff, 0xff, 0xbf, 0x57, 0x74, 0x6b, 
  0x43, 0x27, 0x70, 0x60, 0x49, 0x24, 0x7b, 0x7f, 0x88, 0xa5, 0x3a, 0x3d, 0x00, 0x00, 0x00, 0x00, 
  0x58, 0x1c, 0x34, 0x17, 0x24, 0x19, 0x00, 0x64, 0xaf, 0x9c, 0xe4, 0xe9, 0xe8, 0xff, 0xff, 0xff, 
  0xff, 0xae, 0x26, 0x32, 0x86, 0xbf, 0xe9, 0xe5, 0x55, 0x41, 0x37, 0x00, 0x11, 0x09, 0x48, 0x15, 
  0x58, 0xa5, 0xac, 0xa8, 0x94, 0xba, 0x8f, 0x4e, 0x0e, 0x18, 0x6f, 0x75, 0xa9, 0xff, 0xeb, 0xae, 
  0x1d, 0x00, 0x2e, 0x90, 0x83, 0xe6, 0xff, 0xff, 0xe9, 0xe3, 0x55, 0x41, 0x81, 0x8b, 0x92, 0xc8, 
  0xce, 0x92, 0x7e, 0x71, 0xbe, 0x80, 0x57, 0x6f, 0x6e, 0x80, 0x29, 0x00, 0x00, 0x00, 0x58, 0x10, 
  0x5e, 0x8f, 0xbb, 0xa4, 0x19, 0x46, 0xf6, 0xff, 0xff, 0xff, 0xff, 0x65, 0x00, 0x00, 0x00, 0x74, 
  0xc5, 0x2a, 0x70, 0x00, 0x00, 0x81, 0xff, 0xff, 0xff, 0xce, 0x17, 0x0b, 0x00, 0x90, 0x0f, 0x0a, 
  0x00, 0x00, 0x00, 0x00, 0x0f, 0x00, 0xc3, 0x86, 0x77, 0x94, 0x8d, 0x84, 0xaf, 0xff, 0xff, 0xff, 
  0xff, 0x54, 0x00, 0x00, 0x00, 0xd0, 0xff, 0xff, 0xff, 0xff, 0xf6, 0xc2, 0xff, 0xb4, 0xa5, 0xe3, 
  0xda, 0xd5, 0xad, 0xa4, 0xff, 0x29, 0x00, 0x89, 0x18, 0x2a, 0x85, 0xfb, 0xff, 0xff, 0xff, 0xd5, 
  0x09, 0x00, 0x00, 0x00, 0xfe, 0xff, 0xff, 0x74, 0xa0, 0x09, 0x21, 0xe8, 0xfc, 0x04, 0x00, 0x00, 
  0x00, 0x00, 0x00, 0x27, 0x40, 0xff, 0xff, 0x7a, 0x6a, 0x4d, 0x19, 0xa8, 0xc7, 0xff, 0xff, 0x97, 
  0x00, 0x00, 0x00, 0x00, 0x00, 0x00, 0x15, 0x73, 0xff, 0xff, 0xff, 0xb6, 0x23, 0x00, 0x56, 0xff, 
  0xff, 0xff, 0xff, 0xff, 0xff, 0x97, 0x37, 0xb9, 0xff, 0xff, 0xff, 0xf5, 0xcf, 0x00, 0x00, 0x00, 
  0x5c, 0xff, 0xff, 0xff, 0xff, 0x94, 0x00, 0x00, 0x00, 0x00, 0x39, 0x00, 0x1c, 0x00, 0x00, 0x1d, 
  0x9f, 0x2c, 0x1b, 0x00, 0x00, 0x04, 0x00, 0x5f, 0xff, 0xff, 0x68, 0x5b, 0xff, 0xff, 0xff, 0xff, 
  0xff, 0xff, 0xcb, 0x28, 0x00, 0x77, 0xb9, 0xff, 0xf2, 0x5f, 0x00, 0x00, 0x00, 0x00, 0x56, 0xff, 
  0xff, 0xd4, 0x00, 0x00, 0x00, 0x46, 0xb6, 0xff, 0x99, 0x4b, 0x00, 0x00, 0x00, 0x85, 0xff, 0xff, 
  0xff, 0xff, 0xff, 0xff, 0x65, 0x77, 0xff, 0xff, 0xff, 0xc0, 0x00, 0x00, 0x00, 0x8a, 0xff, 0xff, 
  0xff, 0xbc, 0x00, 0x00, 0x00, 0x75, 0x4b, 0x43, 0xff, 0xff, 0xff, 0xe5, 0x44, 0x00, 0x00, 0x00, 
  0xa3, 0x00, 0x72, 0x07, 0x0d, 0x00, 0x1a, 0x00, 0x00, 0x5d, 0x00, 0x00, 0x0d, 0x96, 0x16, 0xff, 
  0xff, 0xff, 0xff, 0xff, 0x91, 0x00, 0x05, 0xff, 0xff, 0xff, 0xff, 0xff, 0xff, 0xff, 0xff, 0x2c, 
  0x00, 0x0a, 0x4f, 0xbe, 0x31, 0x00, 0x2a, 0x06, 0x44, 0x00, 0x27, 0xff, 0xff, 0x7d, 0x00, 0x00, 
  0x00, 0x00, 0x00, 0x00, 0xfa, 0xff, 0xb9, 0x00, 0x00, 0x00, 0x00, 0x8f, 0xff, 0xff, 0xff, 0x00, 
  0x00, 0x13, 0x0e, 0x0f, 0x7c, 0xff, 0xff, 0xff, 0xff, 0xff, 0xf6, 0x25, 0xe3, 0xff, 0xff, 0x00, 
  0x00, 0x00, 0x00, 0x00, 0x00, 0x00, 0x00, 0x00, 0x00, 0xff, 0xff, 0x9d, 0x9f, 0x19, 0x8a, 0xff, 
  0xff, 0xff, 0xff, 0xbd, 0xc0, 0x00, 0x38, 0x73, 0x4f, 0x60, 0xff, 0xff, 0xff, 0xff, 0xff, 0xff, 
  0xff, 0xff, 0xff, 0xff, 0xff, 0xe1, 0xa6, 0x00, 0x00, 0x00, 0x00, 0x00, 0x00, 0x00, 0x85, 0x1b, 
  0x00, 0x00, 0x00, 0x00, 0x0a, 0x00, 0x17, 0x34, 0x00, 0x00, 0x00, 0x00, 0x00, 0xe8, 0xff, 0xff, 
  0xff, 0xff, 0x26, 0x00, 0x19, 0xbf, 0xf4, 0xff, 0xff, 0xff, 0xff, 0xff, 0xff, 0xff, 0xa4, 0xff, 
  0xff, 0xff, 0xff, 0xff, 0xff, 0x13, 0x00, 0xc7, 0xff, 0xff, 0xff, 0x7f, 0x00, 0x00, 0x04, 0x00, 
  0x00, 0x00, 0x00, 0x00, 0x00, 0x1b, 0x6e, 0x7b, 0x90, 0xaf, 0x91, 0xff, 0xbc, 0x2a, 0x00, 0x00, 
  0x22, 0xd3, 0x9c, 0x36, 0xc2, 0x88, 0x94, 0xe2, 0xff, 0xff, 0xf2, 0x53, 0xd5, 0xff, 0xff, 0xff, 
  0xff, 0xad, 0x5c, 0x82, 0x00, 0x00, 0x00, 0x15, 0x00, 0x3a, 0x6e, 0x13, 0x03, 0x00, 0x00, 0x66, 
  0x77, 0x85, 0x69, 0x4e, 0x90, 0xa6, 0xeb, 0xc4, 0x9f, 0x53, 0x0a, 0x87, 0xbd, 0x63, 0xc6, 0xff, 
  0xff, 0xff, 0xff, 0xff, 0x77, 0xd2, 0xff, 0xff, 0xff, 0xcd, 0x20, 0x00, 0x11, 0x08, 0x4b, 0x01, 
  0x00, 0x00, 0x00, 0x00, 0x00, 0x00, 0x36, 0x66, 0x24, 0x82, 0x39, 0x4b, 0x28, 0x97, 0xff, 0xff, 
  0xff, 0xe0, 0x66, 0xc9, 0xb8, 0xb6, 0xff, 0xff, 0xff, 0xd7, 0xff, 0xff, 0xcc, 0xff, 0xce, 0xd9, 
  0x64, 0x00, 0x00, 0x00, 0x00, 0x54, 0xa2, 0xff, 0xff, 0xff, 0xee, 0x51, 0xc2, 0x84, 0x00, 0x00, 
  0x00, 0x25, 0x43, 0x1f, 0x4e, 0x00, 0x00, 0x6f, 0xff, 0xff, 0xff, 0x9a, 0x13, 0x00, 0x00, 0x00, 
  0x00, 0x6d, 0x00, 0x00, 0x00, 0x00, 0x67, 0xec, 0xff, 0xff, 0xdf, 0xb9, 0x9f, 0xff, 0x84, 0x00, 
  0x0c, 0x00, 0x00, 0x2d, 0x83, 0x00, 0x00, 0x0e, 0x8f, 0x00, 0x6e, 0x71, 0x81, 0xff, 0xff, 0xdc, 
  0xa6, 0xd6, 0xe5, 0xff, 0xff, 0xff, 0xff, 0xff, 0xfe, 0xff, 0xff, 0xf7, 0xc9, 0x5d, 0x02, 0x82, 
  0x53, 0x85, 0xb7, 0x54, 0x21, 0x71, 0x47, 0x32, 0xe2, 0x72, 0x94, 0x7d, 0x6d, 0x83, 0xc0, 0x10, 
  0x00, 0x00, 0x48, 0x3d, 0x37, 0x18, 0x00, 0x00, 0x00, 0x00, 0x00, 0x00, 0x00, 0x00, 0x00, 0x80, 
  0x9f, 0x2c, 0x38, 0x57, 0xff, 0xff, 0xff, 0xff, 0xff, 0xff, 0xff, 0xff, 0xff, 0xff, 0xff, 0xff, 
  0xff, 0xff, 0xb4, 0xff, 0xff, 0xf3, 0xd3, 0x75, 0x27, 0x1b, 0x00, 0x00, 0x00, 0x00, 0x00, 0x00, 
  0x00, 0x00, 0x00, 0x00, 0x00, 0x00, 0x00, 0x00, 0x00, 0x3f, 0x3e, 0x50, 0x7c, 0xff, 0xff, 0xff, 
  0xff, 0xff, 0xfa, 0xff, 0xff, 0xff, 0xff, 0xff, 0xff, 0xff, 0xca, 0x00, 0x2d, 0x00, 0x00, 0x0b, 
  0x18, 0x3c, 0x02, 0x00, 0x00, 0x29, 0x33, 0x78, 0x84, 0x7e, 0x77, 0x63, 0xab, 0xff, 0xff, 0xff, 
  0xff, 0xff, 0xe2, 0xff, 0xff, 0xff, 0xff, 0xff, 0xe0, 0x75, 0x4c, 0x56, 0x76, 0x94, 0xa2, 0xa7, 
  0x6d, 0x00, 0x00, 0x00, 0x00, 0x00, 0x00, 0x00, 0x00, 0x00, 0x00, 0x00, 0x00, 0x00, 0x3b, 0x24, 
  0x22, 0x00, 0x00, 0x28, 0x73, 0x69, 0x6b, 0xff, 0xff, 0xff, 0xff, 0xff, 0xff, 0xff, 0xff, 0xff, 
  0xff, 0xff, 0xff, 0x9b, 0x34, 0x32, 0x69, 0x47, 0x67, 0x7e, 0x6e, 0x75, 0xa6, 0xe5, 0xef, 0xe6, 
  0xae, 0x90, 0x2f, 0x00, 0x2a, 0x56, 0x70, 0x6a, 0x47, 0x64, 0x56, 0x62, 0xc8, 0xaa, 0x98, 0xd1, 
  0x7b, 0x69, 0xbf, 0xc0, 0x8a, 0x87, 0x45, 0x00, 0x00, 0x0b, 0x35, 0x99, 0x57, 0x87, 0xf1, 0x5e, 
  0x50, 0x50, 0x55, 0x97, 0x86, 0x16, 0x00, 0x00, 0x6d, 0x61, 0x5c, 0x5e, 0x1f, 0x44, 0x1e, 0x23, 
  0x1b, 0x1b, 0x60, 0xb1, 0xcf, 0xc4, 0xff, 0xff, 0xff, 0xff, 0xff, 0xff, 0xff, 0xff, 0xff, 0xff, 
  0xff, 0xff, 0xb5, 0xa0, 0x80, 0x65, 0x9f, 0x8e, 0x86, 0x57, 0x00, 0x00, 0x00, 0x00, 0x00, 0x00, 
  0x00, 0x00, 0x10, 0x00, 0x00, 0x0e, 0x33, 0x3e, 0xb5, 0xbe, 0xd1, 0x93, 0x6d, 0x67, 0x46, 0x44, 
  0x36, 0x75, 0xd6, 0xfb, 0xd7, 0xf8, 0xab, 0x97, 0x59, 0x87, 0x95, 0x42, 0x6f, 0x85, 0xba, 0xa7, 
  0xc4, 0xa8, 0x97, 0x4b, 0x00, 0x00, 0x00, 0x19, 0x6e, 0xd0, 0xcc, 0xff, 0xff, 0xd0, 0xa3, 0x49, 
  0x1b, 0x31, 0xa4, 0xd2, 0xd6, 0xc4, 0x85, 0x48, 0x5e, 0xae, 0xb5, 0xbc, 0xff, 0xff, 0xe2, 0xd9, 
  0xee, 0xec, 0xb6, 0xf7, 0xff, 0xc9, 0x92, 0x64, 0x68, 0x82, 0x46, 0x08, 0x33, 0x77, 0xa7, 0x8b, 
  0x56, 0x2b, 0x0c, 0x00, 0x00, 0x00, 0x28, 0x1e, 0x00, 0x46, 0x2b, 0x2c, 0x90, 0x9a, 0xb7, 0xa0, 
  0x84, 0x7f, 0x83, 0xa0, 0x6b, 0x44, 0x5c, 0x98, 0xdb, 0xb1, 0x5d, 0x57, 0x6a, 0x54, 0x4a, 0x8c, 
  0x98, 0x6b, 0x89, 0xa5, 0x88, 0x7c, 0x5f, 0x6f, 0xa9, 0xd7, 0xde, 0xfc, 0xfa, 0xcd, 0xe3, 0xb0, 
  0xa7, 0xf0, 0xe5, 0xcc, 0x9f, 0x4b, 0x36, 0x25, 0x00, 0x00, 0x1e, 0x2b, 0x58, 0x69, 0x6f, 0xa5, 
  0x81, 0x6f, 0xb1, 0xcd, 0xed, 0xff, 0xd8, 0xc2, 0xb9, 0xa7, 0xba, 0xc1, 0xca, 0x8c, 0x70, 0x78, 
  0x73, 0x7e, 0x3c, 0x4e, 0x33, 0x3e, 0x9b, 0xa4, 0x5e, 0x3c, 0x17, 0x00, 0x1c, 0x00, 0x00, 0x00, 
  0x00, 0x02, 0x00, 0x00, 0x10, 0x39, 0x73, 0x9e, 0xff, 0xff, 0xff, 0xff, 0xff, 0xce, 0xb1, 0xfa, 
  0xff, 0xff, 0xff, 0xff, 0x75, 0x64, 0xb1, 0xea, 0xff, 0xe2, 0xb6, 0xff, 0x9f, 0x19, 0x16, 0x2d, 
  0x08, 0x00, 0x0b, 0x14, 0x6b, 0x51, 0x4a, 0x1e, 0x60, 0xb4, 0x58, 0x67, 0x60, 0x6f, 0x8d, 0x8e, 
  0x4e, 0x64, 0x9f, 0x93, 0xdb, 0x98, 0x96, 0xbf, 0x3d, 0x5b, 0x46, 0x13, 0x16, 0x32, 0x39, 0x00, 
  0x3e, 0x5d, 0x02, 0x07, 0x62, 0xa9, 0xb0, 0xca, 0xd7, 0xba, 0xd3, 0xff, 0xff, 0xea, 0xf5, 0xde, 
  0xff, 0xff, 0xff, 0xe7, 0x5d, 0x7b, 0xa0, 0xeb, 0xff, 0xff, 0xd2, 0x83, 0x34, 0x2f, 0x65, 0x76, 
  0x99, 0x14, 0x0d, 0x1c, 0x00, 0x00, 0x00, 0x00, 0x18, 0x18, 0x0f, 0x0b, 0x00, 0x00, 0x4c, 0x8a, 
  0x85, 0x89, 0x6d, 0x84, 0xa9, 0x94, 0xb4, 0xb3, 0xbc, 0xff, 0xff, 0xff, 0xff, 0xdc, 0xa3, 0xce, 
  0xfe, 0xef, 0xd1, 0xbb, 0xd7, 0x9a, 0x79, 0x52, 0x3a, 0x5d, 0x57, 0x7e, 0x64, 0x91, 0x98, 0x3d, 
  0x00, 0x00, 0x00, 0x00, 0x60, 0x79, 0x5b, 0x39, 0x4e, 0x53, 0x6e, 0xc3, 0xf9, 0xcb, 0xf3, 0xe9, 
  0xe1, 0xce, 0xd5, 0xfa, 0xc5, 0xd6, 0x69, 0xa2, 0xbc, 0xe9, 0xae, 0x6d, 0x57, 0x3a, 0xc6, 0xdd, 
  0xc5, 0xca, 0xcd, 0x6d, 0x42, 0x00, 0x00, 0x08, 0x52, 0xa5, 0x88, 0x00, 0x00, 0x28, 0x0e, 0x00, 
  0x00, 0x00, 0x00, 0x45, 0x40, 0x43, 0xa1, 0xae, 0xb2, 0xcb, 0xd1, 0xbc, 0x80, 0x97, 0xda, 0x8c, 
  0x4e, 0x9e, 0xaa, 0x70, 0x8c, 0x7f, 0x7b, 0x87, 0xd3, 0xbf, 0xa2, 0xf3, 0xff, 0xff, 0xe8, 0xe8, 
  0xdc, 0xde, 0xca, 0xde, 0xa2, 0x27, 0x31, 0x22, 0x36, 0x12, 0x00, 0x00, 0x00, 0x00, 0x02, 0x00, 
  0x00, 0x48, 0x6a, 0x61, 0x9f, 0xe5, 0xf6, 0xfa, 0xff, 0xff, 0xf4, 0xcd, 0xd2, 0xc6, 0x76, 0x52, 
  0x88, 0x6f, 0x6b, 0x92, 0xaf, 0xdf, 0xff, 0xff, 0xef, 0xae, 0x6e, 0x65, 0xa8, 0xa9, 0x62, 0x4b, 
  0x00, 0x00, 0x00, 0x00, 0x00, 0x2b, 0x4d, 0x6a, 0x51, 0x35, 0x38, 0x54, 0x84, 0x78, 0x0d, 0x00, 
  0x2d, 0x71, 0xc2, 0xa7, 0x93, 0x3b, 0x1f, 0x4b, 0x3b, 0x15, 0x42, 0x41, 0x0b, 0x2d, 0x5e, 0x84, 
  0xd2, 0xff, 0xd3, 0x93, 0xed, 0xff, 0xe2, 0xff, 0xf9, 0xff, 0xff, 0xff, 0xff, 0xe3, 0xdd, 0xe4, 
  0xdd, 0x9d, 0xd5, 0xff, 0x81, 0x72, 0x5c, 0x4a, 0x45, 0x08, 0x1f, 0x23, 0x00, 0x00, 0x00, 0x00, 
  0x00, 0x00, 0x59, 0x7d, 0x20, 0x0c, 0x00, 0x01, 0x5f, 0x76, 0x9e, 0xb6, 0xe1, 0xb4, 0xbe, 0xe3, 
  0xfd, 0xff, 0xff, 0xff, 0xff, 0xf7, 0xff, 0xff, 0xac, 0x9f, 0xe8, 0xd2, 0x1f, 0x00, 0x00, 0x19, 
  0x7e, 0x96, 0x52, 0x12, 0x17, 0x16, 0x1b, 0xd5, 0xff, 0xe3, 0x3f, 0x00, 0x04, 0x15, 0x25, 0x56, 
  0xbd, 0x8b, 0xa4, 0xa6, 0xc0, 0xff, 0xfb, 0xf9, 0xda, 0xff, 0xff, 0xe2, 0xdd, 0x3b, 0x2d, 0x06, 
  0x3b, 0xb5, 0xeb, 0xff, 0x88, 0x9f, 0xb6, 0x79, 0x30, 0x00, 0x0c, 0x0a, 0x00, 0x00, 0x00, 0x00, 
  0x00, 0x00, 0xa6, 0xff, 0xff, 0xff, 0xff, 0xb1, 0x0b, 0x00, 0x00, 0x00, 0x7f, 0xa6, 0x44, 0xe8, 
  0xff, 0xdc, 0xff, 0xff, 0xff, 0xff, 0xff, 0xff, 0x83, 0xff, 0xff, 0xff, 0xff, 0xa3, 0x29, 0x00, 
  0x00, 0xff, 0xff, 0xff, 0xff, 0xff, 0xff, 0xff, 0x3a, 0x00, 0x00, 0x00, 0x00, 0x00, 0x00, 0x00, 
  0x00, 0x00, 0x00, 0xaa, 0xff, 0xf5, 0x49, 0x1d, 0x00, 0x00, 0x00, 0xff, 0xff, 0x37, 0x00, 0x00, 
  0xc3, 0xff, 0xff, 0xff, 0xef, 0xcd, 0xfa, 0xff, 0xff, 0xff, 0xff, 0xff, 0xfc, 0xff, 0xff, 0xff, 
  0xff, 0xff, 0xff, 0xff, 0x89, 0x00, 0x00, 0x00, 0x00, 0x00, 0x00, 0x00, 0x00, 0x00, 0x00, 0x00, 
  0x00, 0x00, 0x29, 0x40, 0xff, 0xd5, 0xcd, 0xff, 0x7b, 0x00, 0x00, 0x00, 0xc5, 0xff, 0xff, 0xff, 
  0xff, 0xff, 0xf6, 0x00, 0x00, 0xff, 0xff, 0xff, 0xff, 0xff, 0x00, 0x00, 0x00, 0x54, 0xd7, 0xb3, 
  0x1c, 0x00, 0x00, 0x00, 0x00, 0x00, 0x00, 0x00, 0x00, 0x00, 0x00, 0x86, 0xff, 0xff, 0xff, 0xff, 
  0xff, 0xff, 0xff, 0xff, 0xff, 0xff, 0xff, 0xf7, 0xce, 0xff, 0x00, 0x00, 0x58, 0x00, 0x0c, 0xff, 
  0xff, 0xff, 0x82, 0x92, 0xff, 0xff, 0xff, 0xff, 0xff, 0xd5, 0x00, 0xff, 0xe4, 0x8f, 0x00, 0x00, 
  0x00, 0x00, 0x3b, 0x93, 0xd0, 0xd8, 0x00, 0x00, 0xc5, 0x59, 0x8f, 0x00, 0x44, 0x6c, 0xff, 0xff, 
  0x0e, 0x39, 0x00, 0x43, 0xad, 0x3b, 0xff, 0xa7, 0x00, 0x00, 0x5a, 0xf3, 0xfb, 0x69, 0x00, 0x00, 
  0x4a, 0xff, 0xff, 0xff, 0xff, 0xff, 0xff, 0xdf, 0x00, 0x00, 0x00, 0x00, 0x00, 0x00, 0x00, 0x00, 
  0x64, 0x00, 0x00, 0xf7, 0xff, 0xff, 0xff, 0xff, 0x53, 0x00, 0x60, 0xff, 0xff, 0xff, 0xff, 0xff, 
  0xff, 0x87, 0x00, 0xff, 0xe8, 0xf1, 0xff, 0x00, 0x00, 0x00, 0x00, 0x00, 0x50, 0xff, 0x7e, 0x5e, 
  0x00, 0x00, 0x00, 0x00, 0x00, 0x6a, 0xff, 0xe4, 0xff, 0xff, 0xb4, 0x00, 0x00, 0xff, 0xff, 0xff, 
  0xff, 0xff, 0xff, 0xff, 0x7e, 0xae, 0xd4, 0x30, 0x00, 0x00, 0xc9, 0xd8, 0xf3, 0x6d, 0x00, 0x00, 
  0x00, 0x00, 0x00, 0x00, 0x00, 0x33, 0x00, 0x00, 0x00, 0x00, 0x00, 0xff, 0xff, 0xff, 0xff, 0xff, 
  0xff, 0x1c, 0x00, 0x56, 0xff, 0xff, 0xff, 0x85, 0x00, 0xff, 0xff, 0xf4, 0xff, 0xff, 0x1f, 0xaa, 
  0xff, 0xff, 0xff, 0x72, 0x00, 0x00, 0x42, 0x00, 0x00, 0x0a, 0xc6, 0x09, 0x00, 0x4a, 0x00, 0x00, 
  0x00, 0x08, 0xe9, 0xff, 0xf9, 0xfc, 0xff, 0x46, 0xff, 0xff, 0xff, 0x00, 0x00, 0x00, 0x00, 0x00, 
  0xd8, 0xff, 0xff, 0xff, 0xec, 0x00, 0x11, 0x00, 0x7c, 0xff, 0xff, 0xaa, 0xd8, 0xc3, 0x57, 0x00, 
  0x00, 0x00, 0xff, 0xff, 0xff, 0xe4, 0x39, 0x00, 0x00, 0x52, 0xf5, 0xff, 0xff, 0xff, 0xff, 0xb5, 
  0x00, 0x15, 0x30, 0x5e, 0x5d, 0x71, 0x12, 0x5d, 0xff, 0xff, 0xbd, 0xa2, 0xff, 0xbe, 0x9f, 0xff, 
  0xff, 0xa5, 0xa5, 0x2e, 0x00, 0x00, 0x6b, 0xff, 0xff, 0xff, 0xbf, 0x6b, 0x00, 0x44, 0x66, 0x1e, 
  0x46, 0x00, 0x00, 0x00, 0x00, 0x0a, 0x9d, 0xa0, 0x82, 0x26, 0x00, 0x8f, 0x7b, 0xe8, 0xf1, 0x7b, 
  0xb1, 0x00, 0x00, 0x00, 0x00, 0x00, 0xff, 0xff, 0xff, 0xff, 0x6f, 0xef, 0xff, 0xff, 0xff, 0xff, 
  0xff, 0x9a, 0x00, 0xa6, 0xa0, 0x88, 0xbf, 0x36, 0x00, 0x00, 0x00, 0x00, 0x00, 0x00, 0x00, 0xff, 
  0xff, 0xff, 0xff, 0x68, 0x00, 0x00, 0xff, 0xff, 0xff, 0xff, 0x9a, 0x00, 0x00, 0x00, 0x63, 0xf4, 
  0x17, 0x00, 0x00, 0x00, 0x7c, 0xff, 0xf8, 0xff, 0xff, 0xd8, 0xff, 0xff, 0x77, 0x00, 0x12, 0x00, 
  0x00, 0x00, 0x00, 0x39, 0xbb, 0xff, 0xff, 0xff, 0xc2, 0xea, 0xff, 0xff, 0xff, 0xac, 0x00, 0x40, 
  0x40, 0x00, 0x1b, 0x6f, 0x51, 0x8b, 0x6d, 0x00, 0x00, 0x00, 0x00, 0x00, 0x00, 0x00, 0x27, 0x00, 
  0x00, 0x00, 0x9d, 0x93, 0xff, 0xfc, 0xff, 0xff, 0xff, 0xff, 0xff, 0xff, 0xb4, 0x84, 0x74, 0x5b, 
  0x6d, 0x71, 0x00, 0x2e, 0x66, 0x50, 0xd4, 0xff, 0xff, 0xff, 0xf0, 0xd1, 0xbc, 0x99, 0x67, 0x67, 
  0x5d, 0x44, 0xc5, 0xcf, 0x9e, 0x97, 0x95, 0x41, 0x00, 0x02, 0x00, 0x00, 0x00, 0x30, 0x46, 0x00, 
  0x00, 0x00, 0x00, 0x00, 0x00, 0x15, 0x4b, 0xa1, 0x5b, 0x4d, 0x00, 0x00, 0x00, 0x00, 0x34, 0x15, 
  0x52, 0xb4, 0xff, 0xff, 0xe9, 0x89, 0xff, 0xff, 0xff, 0xff, 0xff, 0xff, 0x7e, 0x1f, 0x44, 0x96, 
  0x83, 0x6b, 0x70, 0x4b, 0x27, 0x23, 0x46, 0xa6, 0xa5, 0x93, 0x25, 0x25, 0x7a, 0xad, 0xff, 0xdc, 
  0x54, 0x06, 0x00, 0x00, 0x00, 0x6b, 0xcf, 0xff, 0xff, 0xcc, 0x9d, 0x59, 0x3d, 0x7b, 0xff, 0xff, 
  0xd2, 0xeb, 0xff, 0xa1, 0x76, 0x65, 0x68, 0xb4, 0x65, 0x1c, 0x00, 0x00, 0x00, 0x00, 0x00, 0x00, 
  0x31, 0x41, 0x23, 0x96, 0x86, 0x60, 0xf5, 0xff, 0xff, 0xff, 0xff, 0xff, 0xc9, 0x18, 0x00, 0x2b, 
  0x82, 0x74, 0x93, 0x72, 0x3a, 0x21, 0x32, 0x89, 0xca, 0xff, 0xfe, 0x68, 0x57, 0x96, 0xfe, 0xff, 
  0xff, 0xff, 0xb5, 0x45, 0x4b, 0x54, 0x08, 0x3b, 0xff, 0xa0, 0x00, 0x00, 0x32, 0x4d, 0x71, 0xff, 
  0xff, 0xff, 0xc3, 0x55, 0x00, 0x00, 0x32, 0x64, 0x0a, 0x92, 0xa0, 0x00, 0x00, 0x00, 0x00, 0x00, 
  0x41, 0x95, 0xa3, 0xd6, 0xff, 0xff, 0xff, 0xff, 0x9c, 0xba, 0x68, 0x28, 0x50, 0x00, 0x0d, 0x00, 
  0x09, 0x69, 0x7b, 0x4b, 0x7c, 0xdf, 0xb4, 0xa2, 0x89, 0xde, 0xa7, 0x65, 0x78, 0xb4, 0xc2, 0xdc, 
  0xd6, 0x51, 0x60, 0xe3, 0x9f, 0xaa, 0xff, 0xf6, 0x99, 0x7f, 0x8d, 0x64, 0x05, 0x00, 0x26, 0x16, 
  0x2c, 0x59, 0xc2, 0x88, 0x86, 0xa7, 0x4a, 0x74, 0xa4, 0xd0, 0xcc, 0x98, 0xe1, 0xbc, 0x7f, 0x5e, 
  0x3d, 0x7e, 0xea, 0xff, 0xff, 0xee, 0x35, 0x50, 0x99, 0xd6, 0xc1, 0xd0, 0xeb, 0xa0, 0x54, 0x00, 
  0x36, 0x00, 0x00, 0x00, 0x00, 0x00, 0x00, 0x00, 0x00, 0x2c, 0x2f, 0xe3, 0xed, 0xff, 0xed, 0xc6, 
  0x77, 0x87, 0x7e, 0x35, 0x18, 0x6b, 0xff, 0xff, 0xff, 0xff, 0xff, 0xff, 0xe7, 0xff, 0xff, 0xc2, 
  0x6a, 0x9a, 0x64, 0x47, 0x8e, 0x19, 0x00, 0x00, 0x00, 0x4e, 0xe2, 0xf6, 0xd9, 0xa1, 0x04, 0x00, 
  0x2b, 0x69, 0xf2, 0xff, 0x98, 0x79, 0x4a, 0x5a, 0x46, 0x7f, 0xc8, 0x98, 0xa9, 0xa2, 0xab, 0x59, 
  0x00, 0x00, 0x2b, 0x8f, 0xc2, 0xbd, 0xdc, 0xd5, 0xb3, 0xde, 0xff, 0x70, 0x29, 0x30, 0x43, 0xa3, 
  0xf8, 0xcd, 0x5d, 0x96, 0xac, 0xb4, 0x41, 0x00, 0x00, 0x00, 0x00, 0x28, 0x75, 0xb7, 0x8b, 0x6e, 
  0x82, 0x48, 0x3a, 0x3c, 0x94, 0x81, 0xe5, 0xff, 0xff, 0xff, 0xff, 0xf0, 0x79, 0x5b, 0xc5, 0xcd, 
  0xd3, 0xe0, 0xad, 0xff, 0x9d, 0x9f, 0xff, 0xff, 0xff, 0xf1, 0xb4, 0x6c, 0x00, 0x00, 0x00, 0x00, 
  0x00, 0x00, 0x00, 0x00, 0x00, 0x00, 0x00, 0x00, 0x00, 0x66, 0xbc, 0x9b, 0x9b, 0xb1, 0xc0, 0xbb, 
  0xff, 0xff, 0xff, 0xb9, 0x9e, 0xcf, 0xb8, 0xff, 0xe6, 0xab, 0xa6, 0xd8, 0xa4, 0xa3, 0xa7, 0x9f, 
  0x7a, 0x77, 0xc9, 0xe8, 0xff, 0xfd, 0xbc, 0x58, 0x00, 0x10, 0x5a, 0xe2, 0xef, 0x90, 0x51, 0x00, 
  0x00, 0x00, 0x00, 0x00, 0x20, 0x54, 0x67, 0x5f, 0x57, 0x94, 0xec, 0xea, 0xa9, 0x92, 0xcc, 0xb4, 
  0x97, 0xac, 0xa1, 0x8c, 0x5c, 0x4e, 0x6f, 0x7e, 0xaf, 0xda, 0xca, 0xa1, 0x84, 0x5a, 0x4b, 0x7b, 
  0x95, 0x7e, 0x60, 0x74, 0x5a, 0x34, 0x35, 0x23, 0x91, 0xbd, 0x5d, 0x21, 0x13, 0x0b, 0x22, 0x35, 
  0x4e, 0xad, 0xc4, 0xff, 0xff, 0xff, 0xf8, 0xa1, 0x7f, 0x6b, 0x96, 0xa3, 0xca, 0xc8, 0x91, 0x59, 
  0x36, 0x1e, 0x39, 0x3b, 0x69, 0x6d, 0x97, 0xa9, 0xaf, 0x7e, 0x84, 0x57, 0x38, 0x48, 0x07, 0x31, 
  0x17, 0x2a, 0x28, 0x41, 0x41, 0x83, 0x75, 0x4b, 0x33, 0x45, 0x58, 0x90, 0xf6, 0xfd, 0xff, 0xff, 
  0xff, 0xff, 0xff, 0xe1, 0xfc, 0xff, 0xbc, 0x80, 0xb4, 0xc0, 0xd1, 0xa1, 0x25, 0x0e, 0x39, 0x2b, 
  0x07, 0x38, 0x00, 0x00, 0x00, 0x00, 0x1d, 0x9b, 0x8e, 0x98, 0x90, 0x97, 0x56, 0x35, 0x95, 0xa1, 
  0xaf, 0x60, 0x76, 0x7a, 0x9d, 0x90, 0x48, 0x83, 0x78, 0x8e, 0x87, 0x6e, 0x9a, 0x92, 0x8d, 0x67, 
  0x57, 0x6c, 0x81, 0x5c, 0x29, 0x31, 0x18, 0x76, 0xd1, 0x8f, 0x6c, 0x90, 0x8f, 0x83, 0x63, 0x64, 
  0x6c, 0xec, 0xff, 0xdc, 0x9d, 0x5a, 0x76, 0x37, 0x63, 0x83, 0x92, 0xcc, 0x8a, 0x73, 0x8e, 0xae, 
  0x90, 0x73, 0x46, 0x3d, 0x27, 0x3c, 0x92, 0x89, 0xcb, 0xc9, 0xb2, 0xff, 0xc4, 0x66, 0x80, 0x70, 
  0x78, 0xab, 0x6b, 0x66, 0x58, 0x7a, 0x80, 0x1c, 0x0c, 0x55, 0x8a, 0xa8, 0xd1, 0xb5, 0xb2, 0x82, 
  0x53, 0x21, 0x10, 0x40, 0x48, 0x4f, 0x97, 0x8d, 0x5d, 0x38, 0x00, 0x3c, 0x85, 0x87, 0xa5, 0x8c, 
  0xad, 0x98, 0x37, 0x4a, 0x56, 0x3b, 0x83, 0xf7, 0xff, 0xff, 0xf2, 0x99, 0x69, 0x5c, 0x61, 0x6c, 
  0x84, 0x64, 0x9b, 0x64, 0x46, 0x4b
};

const uint8_t DRAM_ATTR hornSound[]  = {
  0x80, 0x80, 0x80, 0x80, 0x80, 0x7f, 0x7f, 0x7f, 0x7f, 0x7f, 0x80, 0x80, 0x80, 0x80, 0x80, 0x80, 
  0x7f, 0x7f, 0x7f, 0x7f, 0x7f, 0x80, 0x80, 0x80, 0x80, 0x80, 0x7f, 0x7f, 0x7f, 0x7f, 0x80, 0x80, 
  0x80, 0x80, 0x80, 0x7f, 0x7f, 0x7f, 0x7f, 0x7f, 0x7f, 0x80, 0x7f, 0x7f, 0x7f, 0x7f, 0x7f, 0x7f, 
  0x80, 0x80, 0x80, 0x80, 0x80, 0x80, 0x7f, 0x7f, 0x7f, 0x7f, 0x80, 0x80, 0x80, 0x7f, 0x7f, 0x7f, 
  0x7f, 0x7f, 0x7f, 0x80, 0x80, 0x80, 0x80, 0x7f, 0x7f, 0x7f, 0x80, 0x80, 0x80, 0x80, 0x80, 0x80, 
  0x7f, 0x7f, 0x7f, 0x7f, 0x7f, 0x80, 0x7f, 0x7f, 0x7f, 0x7f, 0x7f, 0x7f, 0x7f, 0x80, 0x80, 0x80, 
  0x80, 0x80, 0x7f, 0x7f, 0x7f, 0x80, 0x80, 0x80, 0x80, 0x7f, 0x7f, 0x7f, 0x7f, 0x7f, 0x7f, 0x80, 
  0x80, 0x80, 0x80, 0x80, 0x7f, 0x7f, 0x7f, 0x7f, 0x80, 0x80, 0x80, 0x7f, 0x7f, 0x7f, 0x7f, 0x7f, 
  0x7f, 0x7f, 0x80, 0x80, 0x80, 0x80, 0x7f, 0x7f, 0x7f, 0x80, 0x80, 0x80, 0x80, 0x80, 0x7f, 0x7f, 
  0x7f, 0x7f, 0x7f, 0x7f, 0x80, 0x7f, 0x7f, 0x7f, 0x7f, 0x7f, 0x7f, 0x80, 0x81, 0x81, 0x81, 0x80, 
  0x7f, 0x7f, 0x7f, 0x7f, 0x80, 0x80, 0x80, 0x7f, 0x7e, 0x7e, 0x7e, 0x7f, 0x80, 0x80, 0x80, 0x80, 
  0x80, 0x7f, 0x80, 0x7f, 0x81, 0x82, 0x81, 0x81, 0x80, 0x7f, 0x7f, 0x7f, 0x80, 0x7f, 0x80, 0x7f, 
  0x7d, 0x7d, 0x7c, 0x7d, 0x7f, 0x81, 0x82, 0x83, 0x82, 0x81, 0x80, 0x80, 0x81, 0x82, 0x83, 0x81, 
  0x7f, 0x7d, 0x7b, 0x7c, 0x7d, 0x7e, 0x7f, 0x7e, 0x7e, 0x7d, 0x7e, 0x7e, 0x80, 0x82, 0x83, 0x84, 
  0x83, 0x81, 0x80, 0x80, 0x81, 0x82, 0x81, 0x81, 0x7e, 0x7b, 0x79, 0x77, 0x78, 0x79, 0x7c, 0x80, 
  0x81, 0x82, 0x84, 0x83, 0x86, 0x88, 0x88, 0x8b, 0x87, 0x83, 0x7f, 0x79, 0x76, 0x74, 0x73, 0x74, 
  0x73, 0x75, 0x75, 0x79, 0x7f, 0x86, 0x8f, 0x94, 0x96, 0x93, 0x8e, 0x87, 0x81, 0x7e, 0x7b, 0x7a, 
  0x76, 0x72, 0x6f, 0x69, 0x69, 0x6b, 0x72, 0x7d, 0x88, 0x91, 0x97, 0x97, 0x95, 0x91, 0x8a, 0x82, 
  0x7e, 0x7c, 0x78, 0x79, 0x73, 0x70, 0x74, 0x73, 0x79, 0x7d, 0x7d, 0x80, 0x7f, 0x7d, 0x81, 0x82, 
  0x84, 0x83, 0x83, 0x88, 0x8b, 0x8f, 0x8f, 0x8d, 0x8c, 0x87, 0x7e, 0x76, 0x6b, 0x63, 0x5e, 0x5d, 
  0x64, 0x70, 0x7e, 0x88, 0x94, 0x99, 0x99, 0x9f, 0x99, 0x9b, 0x9a, 0x90, 0x87, 0x7b, 0x70, 0x6b, 
  0x66, 0x60, 0x61, 0x63, 0x65, 0x6c, 0x74, 0x7d, 0x88, 0x92, 0x9a, 0xa2, 0xaa, 0xaa, 0xab, 0xa1, 
  0x97, 0x86, 0x73, 0x60, 0x4e, 0x43, 0x39, 0x42, 0x53, 0x67, 0x82, 0x9d, 0xad, 0xbd, 0xc2, 0xb7, 
  0xb0, 0x9c, 0x8b, 0x7c, 0x6c, 0x5d, 0x51, 0x56, 0x5b, 0x62, 0x70, 0x73, 0x79, 0x75, 0x77, 0x80, 
  0x87, 0x9a, 0x9e, 0xa3, 0xa4, 0xa1, 0x9a, 0x89, 0x7a, 0x6a, 0x64, 0x62, 0x5d, 0x62, 0x67, 0x6e, 
  0x7c, 0x7f, 0x84, 0x83, 0x83, 0x83, 0x80, 0x7d, 0x85, 0x8d, 0x8d, 0x9a, 0x9d, 0xa1, 0xaa, 0xa1, 
  0xa0, 0x8a, 0x76, 0x60, 0x46, 0x33, 0x27, 0x2f, 0x40, 0x66, 0x89, 0xa1, 0xac, 0xc1, 0xd0, 0xd3, 
  0xd7, 0xc8, 0xa8, 0x8d, 0x6e, 0x52, 0x3c, 0x2f, 0x25, 0x2c, 0x3e, 0x4b, 0x62, 0x6b, 0x72, 0x90, 
  0xb1, 0xcb, 0xe5, 0xed, 0xf2, 0xdf, 0xbb, 0x8f, 0x5d, 0x3f, 0x1f, 0x06, 0x00, 0x03, 0x18, 0x32, 
  0x58, 0x85, 0xb7, 0xe4, 0xf0, 0xf4, 0xe8, 0xde, 0xc3, 0xab, 0x8a, 0x67, 0x4e, 0x34, 0x2b, 0x1f, 
  0x17, 0x16, 0x2b, 0x4c, 0x78, 0xa9, 0xd2, 0xf6, 0xff, 0xf9, 0xef, 0xce, 0xa3, 0x6b, 0x3c, 0x10, 
  0x12, 0x34, 0x48, 0x6d, 0x8d, 0x9c, 0x91, 0x7c, 0x50, 0x30, 0x29, 0x4c, 0x72, 0x90, 0xc5, 0xd1, 
  0xe5, 0xe6, 0xd8, 0xc4, 0x9d, 0x91, 0x75, 0x58, 0x3c, 0x21, 0x00, 0x00, 0x2b, 0x65, 0x88, 0x9d, 
  0x91, 0x7d, 0xa2, 0xcb, 0xf5, 0xff, 0xee, 0xd1, 0xd8, 0xd5, 0xbb, 0x9c, 0x56, 0x00, 0x00, 0x00, 
  0x00, 0x00, 0x00, 0x34, 0x7f, 0xe8, 0xff, 0xff, 0xff, 0xff, 0xff, 0xff, 0xb4, 0x33, 0x00, 0x00, 
  0x00, 0x00, 0x00, 0x00, 0x00, 0x00, 0x31, 0x5f, 0xc4, 0xff, 0xff, 0xff, 0xff, 0xff, 0xff, 0xd6, 
  0x69, 0x27, 0x00, 0x00, 0x00, 0x00, 0x00, 0x00, 0x00, 0x65, 0xdd, 0xff, 0xff, 0xff, 0xff, 0xff, 
  0xff, 0xff, 0xde, 0x86, 0x13, 0x00, 0x00, 0x00, 0x00, 0x00, 0x00, 0x00, 0x66, 0xaf, 0xe4, 0xe3, 
  0xdb, 0xcc, 0xd8, 0xff, 0xff, 0xff, 0xf5, 0xa4, 0x1f, 0x00, 0x00, 0x00, 0x21, 0x66, 0x72, 0x61, 
  0x33, 0x2c, 0x4b, 0xb4, 0xe7, 0xf9, 0xe9, 0xc2, 0xa7, 0xa3, 0xa4, 0x93, 0xa5, 0x97, 0x87, 0x80, 
  0x61, 0x3b, 0x31, 0x31, 0x20, 0x02, 0x00, 0x01, 0x0b, 0x17, 0x48, 0x9e, 0xff, 0xff, 0xff, 0xff, 
  0xff, 0xe8, 0x33, 0x00, 0x00, 0x00, 0x00, 0x00, 0x00, 0x00, 0x00, 0x64, 0xdf, 0xf8, 0xff, 0xff, 
  0xff, 0xff, 0xff, 0xff, 0xff, 0xca, 0x6a, 0x22, 0x00, 0x00, 0x00, 0x00, 0x00, 0x00, 0x00, 0x0e, 
  0xff, 0xff, 0xff, 0xff, 0xff, 0xff, 0xff, 0xe1, 0x75, 0x2e, 0x00, 0x00, 0x00, 0x00, 0x00, 0x00, 
  0x00, 0x00, 0x29, 0x8e, 0xfe, 0xff, 0xff, 0xff, 0xff, 0xff, 0xff, 0xaf, 0x3b, 0x00, 0x00, 0x04, 
  0x00, 0x1d, 0x5c, 0xa4, 0xcd, 0x8b, 0x56, 0x19, 0x05, 0x2d, 0x3b, 0xc5, 0xff, 0xff, 0xff, 0xf9, 
  0x74, 0x73, 0x72, 0x85, 0xd5, 0xcb, 0xcb, 0x2e, 0x00, 0x00, 0x00, 0x00, 0x22, 0x86, 0xd8, 0xf9, 
  0xff, 0xff, 0xff, 0xff, 0xff, 0xfd, 0xcb, 0xe0, 0x90, 0x85, 0x3c, 0x00, 0x00, 0x00, 0x00, 0x00, 
  0x00, 0x05, 0x85, 0xeb, 0xff, 0xff, 0xff, 0xff, 0xff, 0xff, 0x97, 0x55, 0x53, 0x15, 0x00, 0x00, 
  0x00, 0x00, 0x00, 0x00, 0x00, 0x74, 0xe9, 0xff, 0xff, 0xff, 0xff, 0xff, 0xff, 0x5a, 0x00, 0x00, 
  0x00, 0x00, 0x00, 0x0e, 0x00, 0x00, 0x00, 0x00, 0x1d, 0xb3, 0xff, 0xff, 0xff, 0xff, 0xff, 0xff, 
  0xff, 0x7b, 0x00, 0x00, 0x00, 0x00, 0x00, 0x5a, 0x55, 0x25, 0x91, 0x44, 0x00, 0x1b, 0x3e, 0x9e, 
  0xf5, 0xff, 0xff, 0xff, 0xff, 0xff, 0xf3, 0x2e, 0x00, 0x00, 0x00, 0x33, 0x43, 0x86, 0x01, 0x00, 
  0x00, 0x00, 0x0a, 0x58, 0x66, 0xf0, 0xff, 0xff, 0xff, 0xff, 0xff, 0xff, 0xff, 0x3d, 0x00, 0x00, 
  0x00, 0x00, 0x00, 0x00, 0x00, 0x52, 0x32, 0xaa, 0xd1, 0xff, 0xff, 0xff, 0xff, 0xff, 0xff, 0xff, 
  0x81, 0x00, 0x00, 0x00, 0x00, 0x00, 0x00, 0x00, 0x1a, 0xe2, 0xff, 0xff, 0xff, 0xff, 0xff, 0xff, 
  0xff, 0xff, 0xff, 0xff, 0x5e, 0x00, 0x00, 0x00, 0x00, 0x00, 0x00, 0x00, 0xf3, 0xff, 0xff, 0xff, 
  0xff, 0xff, 0x9f, 0x55, 0x81, 0x9f, 0x81, 0xd1, 0x91, 0x24, 0x0a, 0x00, 0x00, 0x00, 0x00, 0x00, 
  0x00, 0x37, 0xee, 0xff, 0xff, 0xff, 0xff, 0xff, 0xab, 0xa0, 0x51, 0xb6, 0xff, 0xff, 0xff, 0x00, 
  0x00, 0x00, 0x00, 0x00, 0x00, 0x82, 0xff, 0xff, 0xff, 0xff, 0xbf, 0x89, 0xc9, 0xf7, 0xff, 0xff, 
  0xff, 0xff, 0x8c, 0x1e, 0x00, 0x00, 0x00, 0x00, 0x00, 0x00, 0x44, 0xff, 0xff, 0xff, 0xff, 0xff, 
  0xff, 0xff, 0x7d, 0xb7, 0x99, 0x31, 0x18, 0x00, 0x00, 0x00, 0x00, 0x00, 0x00, 0x00, 0xff, 0xff, 
  0xff, 0xff, 0xff, 0xff, 0xb1, 0x00, 0x90, 0x00, 0x58, 0x7e, 0x00, 0x00, 0x00, 0x00, 0x04, 0x00, 
  0x00, 0x00, 0x5f, 0xff, 0xff, 0xff, 0xff, 0xff, 0xff, 0xff, 0x15, 0x00, 0x00, 0x00, 0x00, 0x4a, 
  0xa5, 0xff, 0x7b, 0x00, 0x00, 0x00, 0x00, 0x33, 0x00, 0xc4, 0xff, 0xff, 0xff, 0xff, 0xff, 0xff, 
  0xff, 0xc8, 0x23, 0x00, 0x00, 0x00, 0x00, 0x00, 0x00, 0x4e, 0x2a, 0xd7, 0xff, 0xff, 0xff, 0xff, 
  0xff, 0xff, 0xff, 0xff, 0xff, 0xef, 0xf3, 0x3a, 0x00, 0x00, 0x00, 0x00, 0x00, 0x00, 0x00, 0x86, 
  0xff, 0xff, 0xff, 0xff, 0xff, 0xff, 0x75, 0x37, 0x00, 0x06, 0xcc, 0x00, 0x00, 0x00, 0x00, 0x03, 
  0xce, 0x55, 0xff, 0xb3, 0x1b, 0xd1, 0x6b, 0xad, 0xff, 0x9b, 0xce, 0xfb, 0xf9, 0xff, 0xff, 0xff, 
  0xff, 0x93, 0x29, 0x00, 0x00, 0x00, 0x00, 0x00, 0x9a, 0x13, 0xff, 0xff, 0xff, 0xff, 0xff, 0xff, 
  0xff, 0x8a, 0x00, 0x32, 0x00, 0xae, 0xfe, 0x00, 0x00, 0x00, 0x00, 0x00, 0x00, 0x00, 0x23, 0xcc, 
  0xff, 0xff, 0xff, 0xff, 0xff, 0xff, 0xf5, 0x00, 0x00, 0x00, 0x00, 0x00, 0x00, 0x37, 0xb2, 0xff, 
  0x3c, 0x2b, 0x00, 0x62, 0xff, 0xff, 0xff, 0xff, 0xff, 0xff, 0xff, 0xdb, 0x00, 0x00, 0x00, 0x14, 
  0x7d, 0xff, 0xe9, 0x40, 0x00, 0x00, 0x00, 0x00, 0xcc, 0x33, 0xb4, 0xff, 0xe5, 0xff, 0xff, 0xff, 
  0xff, 0x13, 0x39, 0x00, 0x00, 0x34, 0x00, 0x00, 0x00, 0x00, 0x31, 0x24, 0x00, 0x0e, 0x88, 0xff, 
  0xff, 0xff, 0xff, 0xff, 0xff, 0xfc, 0x00, 0x00, 0x00, 0x00, 0x00, 0x00, 0x00, 0x51, 0x9e, 0xff, 
  0xff, 0xba, 0x68, 0xc1, 0xff, 0xff, 0xff, 0xff, 0xff, 0xff, 0xff, 0x00, 0x00, 0x00, 0x00, 0x00, 
  0x00, 0x00, 0x70, 0xff, 0xff, 0xff, 0xff, 0x7d, 0xff, 0x00, 0x75, 0xff, 0x60, 0xee, 0xc2, 0xab, 
  0xff, 0x97, 0xff, 0xcf, 0x00, 0x00, 0x00, 0x00, 0x00, 0x1f, 0x3b, 0x9e, 0xbd, 0xff, 0xff, 0xff, 
  0xff, 0xff, 0xff, 0xff, 0xff, 0x32, 0x00, 0x00, 0x00, 0x00, 0x00, 0x00, 0x00, 0xa9, 0xff, 0xff, 
  0xff, 0xff, 0xff, 0xff, 0xff, 0x5d, 0xa6, 0x12, 0xae, 0xff, 0x58, 0x81, 0x00, 0x00, 0x00, 0x00, 
  0x00, 0x00, 0x94, 0xff, 0xff, 0xff, 0xff, 0xff, 0xff, 0xff, 0x73, 0x00, 0x00, 0x00, 0x01, 0xeb, 
  0xff, 0x99, 0x08, 0x00, 0x00, 0x16, 0x5f, 0xa6, 0x23, 0xff, 0xff, 0xff, 0xff, 0xf9, 0xff, 0xff, 
  0xff, 0xff, 0x05, 0x48, 0xff, 0x0e, 0x00, 0x00, 0x00, 0x00, 0x00, 0x00, 0x00, 0xba, 0xff, 0xff, 
  0xff, 0xff, 0xff, 0xff, 0xff, 0xd9, 0x00, 0x00, 0x00, 0x00, 0x00, 0x00, 0x00, 0x00, 0x00, 0x37, 
  0xef, 0xb8, 0xff, 0xff, 0xff, 0xff, 0xff, 0xff, 0xff, 0xff, 0x00, 0x00, 0x00, 0x00, 0x00, 0x00, 
  0x00, 0x00, 0x34, 0xec, 0x40, 0xff, 0xff, 0x18, 0xff, 0xff, 0xff, 0xff, 0xca, 0xff, 0xff, 0x03, 
  0x00, 0x00, 0x00, 0x00, 0x32, 0xe5, 0xff, 0x1f, 0x5a, 0x00, 0x00, 0x00, 0x39, 0x5d, 0xf1, 0xff, 
  0xff, 0xff, 0xff, 0xff, 0xff, 0x8c, 0x73, 0x00, 0x00, 0x00, 0x00, 0x00, 0x00, 0x00, 0xff, 0xff, 
  0xff, 0xff, 0xff, 0xff, 0xff, 0xff, 0xff, 0x00, 0x00, 0x94, 0x65, 0x00, 0x00, 0x00, 0x00, 0x00, 
  0x00, 0xff, 0x36, 0xff, 0xff, 0xb4, 0xff, 0xff, 0xff, 0xff, 0xff, 0xff, 0xff, 0x5b, 0x00, 0x00, 
  0x00, 0x00, 0x00, 0x00, 0x00, 0x00, 0x00, 0xff, 0xff, 0xff, 0xff, 0xff, 0xff, 0x54, 0x27, 0xc8, 
  0xc6, 0xff, 0x8f, 0xff, 0xff, 0xff, 0xc2, 0x2f, 0x00, 0x00, 0x00, 0x00, 0x00, 0x00, 0x00, 0xb8, 
  0xff, 0xff, 0xff, 0xff, 0xff, 0xff, 0xff, 0xc3, 0x00, 0x00, 0x00, 0x00, 0x00, 0x00, 0x00, 0x00, 
  0x00, 0x19, 0xff, 0xff, 0xff, 0xff, 0xff, 0xff, 0xff, 0x1b, 0x00, 0x00, 0x00, 0x00, 0xb9, 0x8e, 
  0xff, 0x34, 0x00, 0x00, 0x00, 0xbf, 0x73, 0x15, 0xff, 0xff, 0xff, 0xff, 0xff, 0xff, 0x77, 0x3a, 
  0x00, 0x00, 0x00, 0x00, 0x00, 0x00, 0xff, 0xff, 0xff, 0xcc, 0xfc, 0x19, 0x00, 0x7a, 0x47, 0x7c, 
  0xff, 0xff, 0xff, 0xff, 0xff, 0xff, 0x31, 0xdd, 0x00, 0x00, 0x00, 0x00, 0x00, 0x00, 0x00, 0x88, 
  0xf4, 0xc9, 0xff, 0xff, 0xff, 0xff, 0xff, 0xff, 0xf2, 0x3f, 0x5d, 0x00, 0x00, 0x00, 0x00, 0x00, 
  0x00, 0x00, 0xff, 0xff, 0xc8, 0xff, 0xff, 0xff, 0xff, 0xff, 0xff, 0xff, 0xa7, 0xff, 0x43, 0x00, 
  0x00, 0x00, 0x00, 0x00, 0x00, 0xff, 0x94, 0xff, 0xff, 0xc9, 0xff, 0xff, 0xbd, 0xff, 0xb0, 0xff, 
  0xff, 0x42, 0x29, 0x00, 0x00, 0x00, 0x00, 0x00, 0x00, 0x00, 0x58, 0xff, 0xff, 0xff, 0xf6, 0x39, 
  0x92, 0xcd, 0xca, 0xff, 0xff, 0xff, 0xff, 0xff, 0xff, 0xb0, 0x00, 0x00, 0x00, 0x00, 0x00, 0x00, 
  0x00, 0xfd, 0xff, 0xff, 0xff, 0xff, 0xff, 0xff, 0xff, 0xff, 0x72, 0xbd, 0x94, 0x00, 0x00, 0x00, 
  0x00, 0x00, 0x00, 0x00, 0x63, 0xff, 0xff, 0xff, 0xff, 0xff, 0xff, 0xff, 0xff, 0xff, 0x67, 0x00, 
  0xc6, 0x00, 0x00, 0x00, 0x00, 0x00, 0x00, 0x00, 0x00, 0xfa, 0xff, 0xff, 0xff, 0xff, 0xff, 0xff, 
  0xff, 0xaf, 0x00, 0x00, 0x00, 0x00, 0x82, 0x59, 0x9e, 0x66, 0x0e, 0x00, 0x00, 0x00, 0x00, 0x00, 
  0x67, 0xff, 0xff, 0xff, 0xff, 0xff, 0xff, 0xff, 0xff, 0xff, 0xe4, 0xff, 0x8a, 0x00, 0x00, 0x00, 
  0x00, 0x00, 0x00, 0x00, 0x00, 0xdb, 0xff, 0xff, 0xff, 0xff, 0xff, 0xff, 0x5b, 0x00, 0x00, 0x00, 
  0x00, 0x00, 0x00, 0x00, 0x00, 0x00, 0x00, 0x00, 0x00, 0x54, 0xf0, 0xff, 0xff, 0xff, 0xff, 0xff, 
  0xff, 0xe1, 0x00, 0x00, 0x00, 0x00, 0x00, 0x00, 0x00, 0x00, 0x00, 0x00, 0xca, 0xff, 0xff, 0xff, 
  0xff, 0xff, 0xff, 0xff, 0x00, 0x21, 0x00, 0x00, 0x00, 0x00, 0xff, 0xff, 0x81, 0x00, 0x00, 0x00, 
  0x00, 0x00, 0x00, 0x00, 0xaf, 0xff, 0xff, 0xff, 0xff, 0xff, 0xff, 0x70, 0x00, 0x00, 0x00, 0x00, 
  0x00, 0x00, 0x00, 0x00, 0x00, 0x00, 0x00, 0x0a, 0xc6, 0xff, 0xff, 0xff, 0xff, 0xff, 0xff, 0xde, 
  0x00, 0x00, 0x00, 0x00, 0x00, 0x36, 0x00, 0x8b, 0x03, 0x00, 0x05, 0xe3, 0x24, 0x00, 0x76, 0xff, 
  0xff, 0xff, 0xff, 0xff, 0x00, 0xd7, 0x12, 0x00, 0x00, 0x00, 0x48, 0x00, 0x00, 0xe5, 0x00, 0x62, 
  0xef, 0xaa, 0x37, 0x14, 0xff, 0xff, 0xff, 0xff, 0xff, 0xff, 0x9a, 0x7b, 0x7f, 0x6e, 0x00, 0x00, 
  0x00, 0x00, 0x00, 0x00, 0x00, 0x00, 0x30, 0xff, 0xff, 0xff, 0xff, 0xff, 0xff, 0xff, 0x00, 0x00, 
  0x00, 0x00, 0x00, 0x00, 0x00, 0x00, 0xff, 0xff, 0xf9, 0xf1, 0xb7, 0x00, 0x08, 0x44, 0xfd, 0xff, 
  0xff, 0xff, 0xff, 0xa4, 0x59, 0x62, 0x00, 0x00, 0x00, 0x00, 0x20, 0x00, 0x1b, 0x4b, 0x5f, 0xf7, 
  0x38, 0x7d, 0xff, 0xff, 0xff, 0xff, 0xff, 0x4b, 0x14, 0xb4, 0x38, 0x00, 0x00, 0x00, 0x00, 0x00, 
  0x00, 0x00, 0x00, 0x00, 0x00, 0xdc, 0xff, 0xff, 0xff, 0xff, 0xff, 0xff, 0xff, 0xff, 0x00, 0x00, 
  0x00, 0x00, 0x00, 0x00, 0x00, 0x6f, 0x07, 0x4a, 0xff, 0x9b, 0xff, 0xff, 0xff, 0xff, 0xff, 0xff, 
  0xff, 0x38, 0x00, 0x00, 0x00, 0x00, 0x00, 0x7a, 0xff, 0xff, 0xff, 0xff, 0x23, 0x52, 0x7c, 0x00, 
  0x4a, 0xde, 0xff, 0xff, 0xff, 0xff, 0xff, 0xff, 0x00, 0x00, 0x00, 0x00, 0x00, 0x00, 0x00, 0x77, 
  0xff, 0xff, 0xd9, 0x00, 0x70, 0xfe, 0xff, 0xff, 0xff, 0xff, 0xff, 0xf5, 0xff, 0x00, 0x00, 0x00, 
  0x00, 0x00, 0x00, 0x00, 0xd2, 0xff, 0xc6, 0xff, 0xff, 0xff, 0xff, 0xff, 0xff, 0xff, 0xff, 0xff, 
  0x00, 0x00, 0x00, 0x00, 0x00, 0x00, 0x66, 0x9c, 0xff, 0xff, 0xff, 0xff, 0xe7, 0x2f, 0xb9, 0xdb, 
  0xff, 0xff, 0xff, 0xff, 0xff, 0xff, 0x00, 0x00, 0x00, 0x00, 0x00, 0x00, 0xa7, 0xff, 0xff, 0xff, 
  0xcb, 0xe3, 0x04, 0x00, 0x79, 0xc7, 0xff, 0xff, 0xff, 0xff, 0xff, 0xb9, 0x00, 0x00, 0x00, 0x00, 
  0x00, 0x00, 0x00, 0xff, 0xff, 0xff, 0xff, 0xff, 0xff, 0xff, 0xff, 0xff, 0xff, 0x56, 0xff, 0x84, 
  0x00, 0x00, 0x00, 0x00, 0x00, 0x00, 0x41, 0x67, 0xff, 0xff, 0xff, 0xff, 0xff, 0xff, 0xff, 0xff, 
  0x89, 0xff, 0xa9, 0x29, 0x00, 0x00, 0x00, 0x00, 0x00, 0x00, 0x00, 0xff, 0xff, 0xff, 0xff, 0xff, 
  0x94, 0x98, 0x00, 0x00, 0x00, 0x48, 0xff, 0xff, 0xff, 0xff, 0x78, 0x00, 0x00, 0x00, 0x00, 0x00, 
  0xc6, 0xff, 0xff, 0xff, 0x00, 0xda, 0xf0, 0xff, 0xff, 0xff, 0xff, 0xff, 0xff, 0xff, 0x8b, 0x00, 
  0x00, 0x00, 0x00, 0x00, 0x00, 0x00, 0x42, 0xff, 0xff, 0xff, 0xff, 0xff, 0xff, 0xff, 0xa8, 0x85, 
  0x95, 0xff, 0xd2, 0x00, 0x00, 0x00, 0x00, 0x00, 0x00, 0x00, 0xcc, 0xff, 0xff, 0xff, 0xff, 0xff, 
  0xff, 0xff, 0xc9, 0xff, 0x80, 0x25, 0x41, 0x00, 0x00, 0x00, 0x00, 0x00, 0x00, 0x0e, 0xff, 0xff, 
  0xff, 0xff, 0xff, 0xff, 0x84, 0x00, 0x00, 0x00, 0x3f, 0xad, 0xff, 0xff, 0xff, 0x4a, 0x00, 0x00, 
  0x00, 0x00, 0x00, 0x00, 0xe2, 0xff, 0xff, 0xff, 0xff, 0xff, 0xff, 0xff, 0xff, 0xff, 0x82, 0xae, 
  0x95, 0x00, 0x00, 0x00, 0x00, 0x00, 0x00, 0x00, 0x61, 0xd9, 0xff, 0xff, 0xff, 0xff, 0xff, 0xff, 
  0xe8, 0x46, 0x86, 0x22, 0x1f, 0x11, 0x00, 0x00, 0x00, 0x00, 0x00, 0x00, 0x00, 0xc4, 0xff, 0xff, 
  0xff, 0xff, 0xff, 0xff, 0xff, 0x18, 0x3f, 0xff, 0xcc, 0x81, 0x00, 0x00, 0x00, 0x00, 0x00, 0x00, 
  0x00, 0x5c, 0xff, 0xff, 0xff, 0xff, 0xff, 0xff, 0x86, 0xa8, 0xab, 0xbe, 0xff, 0xff, 0xff, 0xff, 
  0x75, 0x00, 0x00, 0x00, 0x00, 0x00, 0x00, 0x00, 0xed, 0xff, 0xff, 0xff, 0xff, 0xff, 0xff, 0x53, 
  0x2a, 0x00, 0x04, 0x72, 0x26, 0x1f, 0x00, 0x00, 0x00, 0x00, 0x01, 0x1b, 0xd8, 0xff, 0xff, 0xff, 
  0xff, 0xff, 0xff, 0x82, 0x00, 0x00, 0x00, 0xac, 0x99, 0x00, 0x00, 0x00, 0x00, 0x00, 0x00, 0x00, 
  0x00, 0x9b, 0xff, 0xff, 0xff, 0xff, 0xff, 0xff, 0x86, 0x6b, 0x00, 0x7a, 0x0f, 0xff, 0xff, 0x9e, 
  0x00, 0x00, 0x00, 0x00, 0x00, 0x00, 0x3b, 0xff, 0xff, 0xff, 0xff, 0xff, 0xff, 0xff, 0xff, 0xcd, 
  0xfe, 0xff, 0xff, 0x86, 0x00, 0x00, 0x00, 0x00, 0x00, 0x00, 0x00, 0x3f, 0xff, 0xff, 0xff, 0xff, 
  0xff, 0xff, 0xe6, 0x00, 0x00, 0x00, 0x00, 0x00, 0xff, 0xff, 0xff, 0xff, 0x00, 0x00, 0x00, 0x00, 
  0x00, 0xf8, 0xfb, 0xff, 0xff, 0xff, 0xff, 0xff, 0xff, 0x6b, 0x67, 0xb0, 0xbc, 0x3d, 0x44, 0x00, 
  0x00, 0x00, 0x00, 0x00, 0x00, 0x47, 0xff, 0xff, 0xff, 0xff, 0xff, 0xff, 0x79, 0x57, 0x0a, 0x00, 
  0xaf, 0xee, 0xff, 0x51, 0x00, 0x00, 0x00, 0x00, 0x00, 0x00, 0x5a, 0xff, 0xff, 0xff, 0xff, 0xff, 
  0xff, 0xff, 0x35, 0x00, 0x00, 0x30, 0x53, 0x40, 0x00, 0x00, 0x00, 0x00, 0x00, 0x00, 0x00, 0x95, 
  0xff, 0xff, 0xff, 0xff, 0xff, 0xff, 0x00, 0x00, 0x00, 0x00, 0x30, 0x21, 0xff, 0xff, 0xec, 0x94, 
  0x00, 0x00, 0x00, 0x00, 0x00, 0x16, 0xec, 0xff, 0xff, 0xff, 0xff, 0xff, 0xff, 0x0d, 0x2c, 0x00, 
  0x00, 0x00, 0x00, 0x00, 0x00, 0x00, 0x00, 0x00, 0x95, 0x98, 0xff, 0xff, 0xff, 0xff, 0xff, 0xff, 
  0x97, 0x12, 0x00, 0x00, 0xa7, 0x99, 0x2f, 0x00, 0x00, 0x00, 0x00, 0x00, 0x00, 0x00, 0xaa, 0xff, 
  0xff, 0xff, 0xff, 0xff, 0xff, 0xe4, 0x00, 0x00, 0x00, 0x00, 0x56, 0x65, 0x87, 0x2b, 0x00, 0x00, 
  0x00, 0x00, 0x00, 0x00, 0xcb, 0xff, 0xff, 0xff, 0xff, 0xff, 0xff, 0x3c, 0x00, 0x00, 0x90, 0x00, 
  0x8b, 0xa3, 0x00, 0x00, 0x00, 0x00, 0x00, 0x00, 0x1b, 0xff, 0xff, 0xff, 0xff, 0xff, 0xff, 0xff, 
  0x4c, 0x00, 0x00, 0x00, 0x00, 0x00, 0x02, 0x00, 0x00, 0x29, 0x57, 0xdd, 0x7d, 0xfa, 0xff, 0xff, 
  0xff, 0xff, 0xff, 0x5e, 0x00, 0x25, 0x00, 0xd7, 0xff, 0x00, 0x09, 0x00, 0x00, 0x00, 0x00, 0x00, 
  0x00, 0x4c, 0xff, 0xff, 0xff, 0xff, 0xff, 0xff, 0xff, 0x00, 0x00, 0x00, 0x00, 0x00, 0x50, 0xff, 
  0x38, 0x00, 0x00, 0x00, 0x00, 0x00, 0x00, 0x5c, 0xff, 0xff, 0xff, 0xff, 0xff, 0xff, 0x9b, 0x00, 
  0x00, 0x01, 0x00, 0x00, 0x00, 0x00, 0x00, 0x00, 0x00, 0x00, 0x27, 0xe3, 0xff, 0xff, 0xff, 0xff, 
  0xff, 0xff, 0xff, 0x00, 0x00, 0x00, 0x00, 0x00, 0x00, 0x01, 0x7a, 0x97, 0xff, 0xee, 0x5a, 0x69, 
  0x57, 0xdb, 0xff, 0xff, 0xff, 0xff, 0xff, 0x57, 0x00, 0x00, 0x36, 0xbb, 0xbc, 0x00, 0x00, 0x00, 
  0x00, 0x00, 0x00, 0x00, 0x8f, 0xff, 0xff, 0xff, 0xff, 0xff, 0xff, 0xff, 0x00, 0x00, 0x00, 0x00, 
  0x00, 0x00, 0xff, 0xff, 0xff, 0xf0, 0x32, 0x00, 0x00, 0x00, 0x00, 0xdf, 0xff, 0xff, 0xff, 0xff, 
  0xff, 0xff, 0x86, 0x00, 0x00, 0x00, 0x00, 0x00, 0x00, 0x0f, 0x95, 0xf6, 0x6e, 0x2e, 0xb4, 0xff, 
  0xff, 0xff, 0xff, 0xff, 0xef, 0xff, 0x00, 0x00, 0x00, 0x00, 0x00, 0x00, 0xb4, 0xff, 0xe6, 0xf9, 
  0x38, 0x00, 0x00, 0x00, 0xc1, 0xff, 0xff, 0xff, 0xff, 0xff, 0xff, 0x80, 0x00, 0x00, 0x00, 0x00, 
  0x00, 0x00, 0x00, 0x00, 0x00, 0x00, 0x00, 0xee, 0xff, 0xff, 0xff, 0xff, 0xff, 0xff, 0xff, 0x05, 
  0x00, 0x00, 0x00, 0x00, 0x00, 0xe7, 0xff, 0xff, 0xff, 0x93, 0x00, 0x00, 0x00, 0x70, 0xff, 0xff, 
  0xff, 0xff, 0xff, 0xff, 0xf8, 0x00, 0x00, 0x00, 0x00, 0x00, 0x00, 0x43, 0x00, 0xff, 0xff, 0xff, 
  0xca, 0xf6, 0xff, 0xff, 0xff, 0xff, 0xff, 0x63, 0xff, 0x0d, 0x00, 0x00, 0x00, 0x00, 0x00, 0xff, 
  0xff, 0xe2, 0xff, 0xff, 0x00, 0x00, 0x36, 0xff, 0xff, 0xff, 0xff, 0xff, 0xff, 0xff, 0x35, 0x00, 
  0x00, 0x00, 0x00, 0x00, 0x00, 0x00, 0x23, 0xff, 0xfa, 0xe4, 0xff, 0xff, 0xff, 0xff, 0xff, 0xff, 
  0xff, 0xff, 0x7b, 0x00, 0x00, 0x00, 0x00, 0x00, 0xd3, 0xff, 0xff, 0xff, 0xff, 0xa5, 0x00, 0x40, 
  0xa9, 0xff, 0xff, 0xff, 0xff, 0xff, 0xff, 0xe8, 0x00, 0x00, 0x00, 0x00, 0x00, 0x00, 0x89, 0x57, 
  0xff, 0xff, 0xff, 0xff, 0x3e, 0x6b, 0xff, 0xff, 0xa4, 0xff, 0xff, 0xff, 0xd4, 0x00, 0x00, 0x00, 
  0x00, 0x00, 0x00, 0x00, 0x38, 0xd5, 0xff, 0xfb, 0xff, 0xff, 0xff, 0xff, 0xff, 0xff, 0xff, 0xff, 
  0x3f, 0x00, 0x00, 0x00, 0x00, 0x00, 0x00, 0x0d, 0xd2, 0xff, 0xff, 0xff, 0xff, 0xc9, 0xff, 0xff, 
  0xff, 0xff, 0xff, 0xff, 0xff, 0x0f, 0x00, 0x00, 0x00, 0x00, 0x00, 0x00, 0xff, 0xff, 0xff, 0xff, 
  0xff, 0x3c, 0x00, 0x29, 0x22, 0xf1, 0xff, 0xff, 0xff, 0xff, 0xea, 0x00, 0x00, 0x00, 0x00, 0x00, 
  0x00, 0x00, 0xff, 0xff, 0xff, 0xff, 0xff, 0xff, 0xff, 0xb7, 0xff, 0xbe, 0x7d, 0xff, 0xc6, 0x60, 
  0x00, 0x00, 0x00, 0x00, 0x00, 0x00, 0x71, 0xff, 0xff, 0xff, 0xff, 0xff, 0xff, 0xff, 0xff, 0xff, 
  0xea, 0xff, 0x00, 0x00, 0x00, 0x00, 0x00, 0x00, 0x00, 0x9e, 0xf3, 0xff, 0xff, 0xff, 0xff, 0xff, 
  0x00, 0x00, 0x00, 0x00, 0x1f, 0xe3, 0xff, 0xff, 0xff, 0xca, 0x00, 0x00, 0x00, 0x00, 0x00, 0x00, 
  0xff, 0xff, 0xff, 0xff, 0xff, 0xfd, 0xff, 0x48, 0x9e, 0xc0, 0xff, 0xa7, 0xb9, 0xe9, 0x00, 0x00, 
  0x00, 0x00, 0x00, 0x00, 0x00, 0xff, 0xff, 0xff, 0xff, 0xff, 0xff, 0xff, 0xff, 0xff, 0x00, 0xbd, 
  0xab, 0x39, 0x00, 0x00, 0x00, 0x00, 0x00, 0x00, 0x00, 0x1f, 0xff, 0xff, 0xff, 0xff, 0xff, 0xff, 
  0xff, 0xff, 0xff, 0x6f, 0x6b, 0x00, 0x00, 0x00, 0x00, 0x00, 0x00, 0x00, 0x85, 0xff, 0xff, 0xff, 
  0xff, 0xff, 0xff, 0x3c, 0x00, 0x00, 0x00, 0x00, 0x69, 0xff, 0xff, 0xff, 0xff, 0x22, 0x00, 0x00, 
  0x00, 0x00, 0x00, 0x44, 0xff, 0xff, 0xff, 0xff, 0xff, 0x92, 0x98, 0x9f, 0x32, 0x6a, 0xdd, 0xff, 
  0xad, 0x4a, 0x00, 0x00, 0x00, 0x00, 0x00, 0x1c, 0xff, 0xff, 0xff, 0xff, 0xff, 0xff, 0xd5, 0x0f, 
  0x5f, 0x2a, 0xb7, 0xff, 0x64, 0x57, 0x00, 0x00, 0x00, 0x00, 0x00, 0x00, 0x00, 0xff, 0xff, 0xff, 
  0xff, 0xff, 0xff, 0x23, 0x00, 0x67, 0x57, 0xd1, 0xff, 0x32, 0x1f, 0x00, 0x00, 0x00, 0x00, 0x00, 
  0x70, 0xff, 0xff, 0xff, 0xff, 0xff, 0xff, 0x00, 0x00, 0x00, 0x07, 0x5b, 0xff, 0xff, 0xff, 0xff, 
  0x29, 0x00, 0x00, 0x00, 0x00, 0x00, 0x00, 0x31, 0xff, 0xff, 0xff, 0xff, 0xff, 0x22, 0x14, 0x0a, 
  0x20, 0xa3, 0xba, 0xb9, 0x00, 0x00, 0x00, 0x00, 0x00, 0x00, 0x2d, 0xff, 0xff, 0xff, 0xff, 0xff, 
  0xff, 0xff, 0x00, 0x00, 0x74, 0x00, 0xff, 0xad, 0x3f, 0x00, 0x00, 0x00, 0x00, 0x00, 0x00, 0xa2, 
  0xff, 0xff, 0xff, 0xff, 0xff, 0xff, 0x10, 0x00, 0x00, 0x00, 0x2a, 0xcc, 0xff, 0xff, 0xff, 0xa3, 
  0x00, 0x00, 0x00, 0x00, 0x00, 0x00, 0x65, 0xff, 0xff, 0xff, 0xff, 0xff, 0xc7, 0x75, 0xde, 0xff, 
  0xff, 0xff, 0xb5, 0x06, 0x00, 0x00, 0x00, 0x00, 0x00, 0x00, 0x4e, 0xff, 0xff, 0xff, 0xff, 0xff, 
  0xff, 0x13, 0x00, 0x0c, 0x00, 0x00, 0xa8, 0x7b, 0x00, 0x00, 0x00, 0x00, 0x00, 0x00, 0x9c, 0xff, 
  0xff, 0xff, 0xff, 0xff, 0xff, 0x00, 0x00, 0x00, 0xb2, 0x18, 0x0b, 0xcd, 0x94, 0x67, 0x00, 0x00, 
  0x00, 0x00, 0x00, 0xbe, 0xff, 0xff, 0xff, 0xff, 0xff, 0x7a, 0x00, 0x00, 0x00, 0x00, 0x00, 0xff, 
  0xff, 0xff, 0xd3, 0x00, 0x00, 0x00, 0x00, 0x00, 0x00, 0x3a, 0xff, 0xff, 0xff, 0xff, 0xff, 0xff, 
  0x00, 0x00, 0x00, 0x00, 0x20, 0x30, 0x00, 0x00, 0x00, 0x00, 0x00, 0x00, 0x00, 0xbd, 0xff, 0xff, 
  0xff, 0xff, 0xff, 0xff, 0x00, 0x00, 0x00, 0x00, 0x00, 0x0c, 0xff, 0xdb, 0xf4, 0x14, 0x00, 0x00, 
  0x00, 0x00, 0xff, 0xff, 0xff, 0xff, 0xff, 0xff, 0x62, 0x00, 0x00, 0x00, 0x0d, 0x0d, 0xff, 0xff, 
  0x7f, 0x33, 0x00, 0x00, 0x00, 0x00, 0x00, 0xe1, 0xff, 0xff, 0xff, 0xff, 0xff, 0xff, 0x00, 0x00, 
  0x00, 0x00, 0x00, 0xff, 0xff, 0xe9, 0x08, 0x00, 0x00, 0x00, 0x00, 0x00, 0x0c, 0xd9, 0xff, 0xff, 
  0xff, 0xff, 0xff, 0x85, 0x2a, 0x00, 0x00, 0x00, 0x00, 0x8e, 0x18, 0x89, 0x42, 0x00, 0x00, 0x00, 
  0x7d, 0xff, 0xff, 0xff, 0xff, 0xff, 0xff, 0x83, 0x00, 0x00, 0x00, 0x00, 0x1e, 0xff, 0xff, 0xff, 
  0x89, 0x17, 0x00, 0x00, 0x00, 0x00, 0x87, 0xff, 0xff, 0xff, 0xff, 0xff, 0xff, 0x00, 0x00, 0x00, 
  0x00, 0x00, 0x6e, 0x3f, 0x58, 0x37, 0x00, 0x00, 0x00, 0x00, 0x00, 0xff, 0xff, 0xff, 0xff, 0xff, 
  0xff, 0xff, 0x00, 0x00, 0x00, 0x00, 0x00, 0x01, 0x64, 0x33, 0x56, 0x00, 0x00, 0x00, 0x00, 0x5f, 
  0xff, 0xff, 0xff, 0xff, 0xff, 0xff, 0xff, 0x00, 0x00, 0x00, 0x00, 0x00, 0x00, 0xe7, 0xff, 0xff, 
  0xff, 0x30, 0x0b, 0x00, 0x00, 0xff, 0xb9, 0xff, 0xff, 0xff, 0xff, 0xff, 0x00, 0x04, 0x00, 0x00, 
  0x9e, 0x82, 0x5e, 0x04, 0x00, 0x00, 0x00, 0x00, 0x00, 0xe5, 0xff, 0xff, 0xff, 0xff, 0xff, 0xff, 
  0xa3, 0x00, 0x00, 0x00, 0x00, 0x00, 0xb3, 0xbb, 0xff, 0xb7, 0x65, 0x00, 0x00, 0x00, 0x9f, 0xff, 
  0xff, 0xff, 0xff, 0xff, 0xff, 0xff, 0x00, 0x00, 0x00, 0x00, 0x00, 0x5f, 0xff, 0xe5, 0xff, 0x69, 
  0x00, 0x00, 0x6c, 0xff, 0xff, 0xff, 0xff, 0xff, 0xff, 0xff, 0x00, 0x00, 0x00, 0x00, 0x00, 0x0d, 
  0xff, 0xff, 0xff, 0xff, 0xbf, 0x00, 0x00, 0x00, 0xbb, 0x9f, 0xff, 0xff, 0xff, 0xff, 0xff, 0x00, 
  0x00, 0x00, 0x00, 0x10, 0x00, 0x00, 0x4b, 0x00, 0x00, 0x00, 0x00, 0x56, 0xff, 0xff, 0xff, 0xff, 
  0xff, 0xff, 0xff, 0xff, 0x00, 0x00, 0x00, 0x00, 0x00, 0xff, 0xff, 0xff, 0xff, 0x80, 0x07, 0x00, 
  0x00, 0x5c, 0xff, 0xff, 0xff, 0xff, 0xff, 0xff, 0xff, 0x00, 0x00, 0x00, 0x00, 0x00, 0x00, 0x00, 
  0xff, 0xff, 0xff, 0xbb, 0x00, 0x00, 0x9c, 0xff, 0xff, 0xff, 0xff, 0xff, 0xff, 0x28, 0x00, 0x00, 
  0x00, 0x00, 0x00, 0xff, 0xff, 0xff, 0xff, 0xd4, 0x00, 0x00, 0x00, 0xc5, 0xff, 0xff, 0xff, 0xff, 
  0xff, 0xff, 0x49, 0x00, 0x00, 0x00, 0x00, 0x00, 0x9d, 0x66, 0xe4, 0xff, 0x61, 0x4a, 0xd1, 0xff, 
  0xff, 0xff, 0xff, 0xff, 0xff, 0xff, 0xff, 0x00, 0x00, 0x00, 0x00, 0x00, 0x3d, 0xdc, 0xff, 0xff, 
  0xff, 0xff, 0x28, 0x00, 0x00, 0x98, 0xa2, 0xff, 0xff, 0xff, 0xff, 0x98, 0x00, 0x00, 0x00, 0x00, 
  0x00, 0x00, 0xff, 0xd7, 0xff, 0xff, 0xff, 0xc8, 0x00, 0x00, 0x53, 0x6c, 0xff, 0xff, 0xff, 0xff, 
  0x5b, 0x00, 0x00, 0x00, 0x00, 0x00, 0x7d, 0xff, 0xff, 0xff, 0xe7, 0x00, 0x68, 0xe3, 0xff, 0xff, 
  0xff, 0xff, 0xff, 0xff, 0xf5, 0x00, 0x00, 0x00, 0x00, 0x00, 0x00, 0x11, 0xff, 0xff, 0xff, 0xff, 
  0xe7, 0xff, 0xff, 0xff, 0xff, 0xff, 0xff, 0xff, 0xd1, 0x00, 0x00, 0x00, 0x00, 0x00, 0x00, 0x00, 
  0xff, 0xff, 0xff, 0xff, 0xff, 0x8c, 0x00, 0x00, 0x00, 0x05, 0xb6, 0xff, 0xff, 0xff, 0xa1, 0x00, 
  0x00, 0x00, 0x00, 0x00, 0x00, 0xff, 0xff, 0xff, 0xff, 0xff, 0xaa, 0x4e, 0x8a, 0x86, 0x93, 0xff, 
  0xff, 0xff, 0xff, 0x00, 0x00, 0x00, 0x00, 0x00, 0x00, 0x7b, 0xff, 0xff, 0xff, 0xff, 0xeb, 0xff, 
  0xff, 0xff, 0xff, 0xd3, 0xff, 0xff, 0xf6, 0x03, 0x00, 0x00, 0x00, 0x00, 0x00, 0x00, 0xb0, 0xff, 
  0xff, 0xff, 0xff, 0xff, 0x5b, 0x00, 0x98, 0x3c, 0xb6, 0xff, 0xff, 0xbc, 0x00, 0x00, 0x00, 0x00, 
  0x00, 0x00, 0x26, 0xff, 0xff, 0xff, 0xff, 0xff, 0x00, 0x00, 0x00, 0x00, 0x00, 0xff, 0xff, 0xff, 
  0xff, 0x5b, 0x00, 0x00, 0x00, 0x00, 0x00, 0x00, 0xff, 0xff, 0xff, 0xff, 0xfc, 0xff, 0xdb, 0xff, 
  0xff, 0xff, 0xff, 0xff, 0xc0, 0x00, 0x00, 0x00, 0x00, 0x00, 0x00, 0x00, 0xff, 0xff, 0xff, 0xff, 
  0xff, 0xe7, 0xf1, 0xff, 0xff, 0xff, 0xff, 0xff, 0xff, 0x5c, 0x00, 0x00, 0x00, 0x00, 0x00, 0x00, 
  0x00, 0xff, 0xff, 0xff, 0xff, 0xff, 0xff, 0x00, 0x00, 0x00, 0x00, 0xc1, 0xff, 0xff, 0xff, 0x7f, 
  0x00, 0x00, 0x00, 0x00, 0x00, 0x00, 0xff, 0xff, 0xff, 0xff, 0xec, 0x00, 0x00, 0x2c, 0x46, 0x6d, 
  0xff, 0xff, 0xff, 0xff, 0x4f, 0x00, 0x00, 0x00, 0x00, 0x00, 0x00, 0xff, 0xff, 0xff, 0xff, 0xff, 
  0xff, 0xff, 0xff, 0xfc, 0xff, 0xff, 0xff, 0xe3, 0x00, 0x00, 0x00, 0x00, 0x00, 0x00, 0x00, 0xa3, 
  0xff, 0xff, 0xff, 0xff, 0xff, 0xff, 0x93, 0xd5, 0xdd, 0xff, 0xff, 0xac, 0x00, 0x00, 0x00, 0x00, 
  0x00, 0x00, 0x00, 0x97, 0xff, 0xff, 0xff, 0xff, 0xff, 0xff, 0x00, 0x00, 0x00, 0x00, 0x00, 0xd6, 
  0xff, 0xff, 0xff, 0xb2, 0x00, 0x00, 0x00, 0x00, 0x00, 0x00, 0xff, 0xff, 0xff, 0xff, 0xff, 0xff, 
  0xf3, 0xff, 0xff, 0x8d, 0xcb, 0xf8, 0x4b, 0x00, 0x00, 0x00, 0x00, 0x00, 0x00, 0x00, 0xff, 0xff, 
  0xff, 0xff, 0xff, 0xff, 0xec, 0x3d, 0x2a, 0x93, 0x9c, 0xf6, 0x64, 0x00, 0x00, 0x00, 0x00, 0x00, 
  0x00, 0x00, 0x84, 0xff, 0xff, 0xff, 0xff, 0xff, 0xbe, 0x00, 0x00, 0x00, 0x00, 0x00, 0xd4, 0x89, 
  0x1f, 0x00, 0x00, 0x00, 0x00, 0x00, 0xb5, 0xd7, 0xff, 0xff, 0xff, 0xff, 0xff, 0x00, 0x00, 0x00, 
  0x00, 0x00, 0xb2, 0xff, 0xff, 0xff, 0xb6, 0x00, 0x00, 0x00, 0x00, 0x00, 0x00, 0xc0, 0xff, 0xff, 
  0xff, 0xff, 0xff, 0xff, 0xff, 0xef, 0xff, 0xf4, 0x95, 0x00, 0x00, 0x00, 0x00, 0x00, 0x00, 0x00, 
  0xd4, 0xff, 0xff, 0xff, 0xff, 0xff, 0xff, 0x00, 0x00, 0x00, 0x00, 0x2b, 0xb0, 0xf2, 0x57, 0x00, 
  0x00, 0x00, 0x00, 0x00, 0x00, 0x50, 0xff, 0xff, 0xff, 0xff, 0xff, 0xff, 0x00, 0x00, 0x00, 0x00, 
  0x00, 0x7c, 0xd8, 0xff, 0xff, 0x00, 0x00, 0x00, 0x00, 0x00, 0x00, 0xff, 0xff, 0xff, 0xff, 0xff, 
  0x76, 0x00, 0x00, 0x69, 0x1d, 0x17, 0xff, 0xff, 0x8c, 0x20, 0x00, 0x00, 0x00, 0x00, 0x00, 0x00, 
  0xff, 0xff, 0xff, 0xff, 0xff, 0xf0, 0xff, 0xb3, 0x00, 0xa8, 0x39, 0x00, 0x00, 0x00, 0x00, 0x00, 
  0x00, 0x00, 0x4e, 0xff, 0xff, 0xff, 0xff, 0xff, 0xff, 0x20, 0x00, 0x00, 0x00, 0x00, 0xab, 0xff, 
  0xff, 0xff, 0x78, 0x04, 0x00, 0x00, 0x00, 0x00, 0x00, 0xf4, 0xff, 0xff, 0xff, 0xff, 0x8d, 0x00, 
  0x00, 0x00, 0x00, 0x00, 0x5c, 0xff, 0xff, 0xbc, 0x00, 0x00, 0x00, 0x00, 0x00, 0x00, 0xb1, 0xff, 
  0xff, 0xff, 0xff, 0xff, 0xff, 0xff, 0xb3, 0xb5, 0xff, 0xff, 0x54, 0x00, 0x00, 0x00, 0x00, 0x00, 
  0x00, 0x00, 0x9c, 0xff, 0xff, 0xff, 0xff, 0xff, 0x41, 0x00, 0x00, 0x00, 0x00, 0xa5, 0xff, 0x97, 
  0x30, 0x00, 0x00, 0x00, 0x00, 0x00, 0x00, 0xff, 0xff, 0xff, 0xff, 0xff, 0xff, 0x00, 0x00, 0x00, 
  0x00, 0x00, 0xff, 0xff, 0xff, 0xff, 0x82, 0x00, 0x00, 0x00, 0x00, 0x00, 0xe0, 0xff, 0xff, 0xff, 
  0xff, 0xff, 0xb5, 0x00, 0x6f, 0x05, 0x4f, 0xec, 0xf6, 0xc6, 0x00, 0x00, 0x00, 0x00, 0x00, 0x00, 
  0x00, 0xff, 0xff, 0xff, 0xff, 0xff, 0xff, 0xff, 0xe2, 0xd0, 0x93, 0xff, 0xff, 0x66, 0x00, 0x00, 
  0x00, 0x00, 0x00, 0x00, 0x00, 0xff, 0xff, 0xff, 0xff, 0xff, 0xff, 0x00, 0x00, 0x00, 0x00, 0x00, 
  0xff, 0xff, 0xff, 0xff, 0x87, 0x00, 0x00, 0x00, 0x00, 0x00, 0x00, 0xff, 0xff, 0xff, 0xff, 0xff, 
  0x00, 0x00, 0x00, 0x00, 0x37, 0xff, 0xff, 0xff, 0xaa, 0x22, 0x00, 0x00, 0x00, 0x00, 0x00, 0x00, 
  0xff, 0xff, 0xff, 0xff, 0xff, 0xff, 0x85, 0x95, 0x23, 0x29, 0xc1, 0x45, 0x00, 0x00, 0x00, 0x00, 
  0x00, 0x00, 0x0e, 0x43, 0xff, 0xff, 0xff, 0xff, 0xff, 0xff, 0x00, 0x00, 0x00, 0x1e, 0x87, 0xff, 
  0xff, 0x76, 0x49, 0x00, 0x00, 0x00, 0x00, 0x00, 0xbd, 0xff, 0xff, 0xff, 0xff, 0xff, 0x5c, 0x00, 
  0x00, 0x00, 0x00, 0x00, 0xff, 0xff, 0xff, 0xff, 0xb5, 0x00, 0x00, 0x00, 0x00, 0x00, 0x2c, 0xfb, 
  0xff, 0xff, 0xff, 0xff, 0xff, 0xd3, 0xc4, 0xa7, 0x86, 0xff, 0xbe, 0x00, 0x00, 0x00, 0x00, 0x00, 
  0x00, 0x00, 0x60, 0xff, 0xff, 0xff, 0xff, 0xff, 0xff, 0x00, 0x00, 0x00, 0x00, 0x00, 0xa2, 0x63, 
  0x50, 0x00, 0x00, 0x00, 0x00, 0x00, 0x25, 0xff, 0xff, 0xff, 0xff, 0xff, 0xff, 0x00, 0x00, 0x00, 
  0x49, 0x00, 0x53, 0xff, 0xff, 0x9c, 0x00, 0x00, 0x00, 0x00, 0x00, 0x00, 0x7f, 0xff, 0xff, 0xff, 
  0xff, 0xff, 0x00, 0x00, 0x00, 0x00, 0x00, 0xbb, 0xff, 0xff, 0xff, 0x00, 0x00, 0x00, 0x00, 0x00, 
  0x00, 0x00, 0xff, 0xff, 0xff, 0xff, 0xff, 0xff, 0xff, 0xa1, 0x4f, 0x70, 0x00, 0x00, 0x00, 0x00, 
  0x00, 0x00, 0x00, 0x00, 0x61, 0xff, 0xff, 0xff, 0xff, 0xff, 0xff, 0xff, 0x00, 0x00, 0x00, 0x00, 
  0x00, 0x7f, 0xff, 0xff, 0xdf, 0x00, 0x00, 0x00, 0x00, 0x22, 0x69, 0xff, 0xff, 0xff, 0xff, 0xff, 
  0x23, 0x00, 0x00, 0x00, 0x00, 0x53, 0xff, 0xff, 0xff, 0x83, 0x00, 0x00, 0x00, 0x00, 0x00, 0x00, 
  0xff, 0xff, 0xff, 0xff, 0xff, 0xc6, 0x00, 0x00, 0x0d, 0x00, 0x0b, 0xff, 0xd1, 0x22, 0x00, 0x00, 
  0x00, 0x00, 0x00, 0x00, 0x4c, 0xff, 0xff, 0xff, 0xff, 0xff, 0xff, 0x00, 0x00, 0x77, 0x00, 0x00, 
  0x00, 0x00, 0x00, 0x00, 0x00, 0x00, 0x00, 0xbe, 0xff, 0xff, 0xff, 0xff, 0xff, 0xff, 0xce, 0x00, 
  0x00, 0x00, 0x00, 0x00, 0x7c, 0xff, 0xff, 0xff, 0x9f, 0x00, 0x00, 0x00, 0x00, 0x00, 0xb5, 0xff, 
  0xff, 0xff, 0xff, 0xff, 0x00, 0x00, 0x00, 0x00, 0x00, 0xe9, 0xff, 0xff, 0x80, 0x00, 0x00, 0x00, 
  0x00, 0x00, 0x30, 0xff, 0xff, 0xff, 0xff, 0xff, 0xff, 0x41, 0x00, 0x00, 0x07, 0x00, 0x6c, 0x5d, 
  0x25, 0x01, 0x00, 0x00, 0x00, 0x00, 0x3f, 0xff, 0xff, 0xff, 0xff, 0xff, 0xff, 0xf0, 0x00, 0x00, 
  0x00, 0x00, 0x36, 0x1c, 0x5c, 0x00, 0x00, 0x00, 0x00, 0x00, 0x00, 0xff, 0xff, 0xff, 0xff, 0xff, 
  0xff, 0xff, 0x00, 0x00, 0x00, 0x00, 0x00, 0x97, 0xff, 0xff, 0xff, 0x67, 0x00, 0x00, 0x00, 0x00, 
  0x00, 0x2f, 0xff, 0xff, 0xff, 0xff, 0xff, 0xfb, 0x00, 0x00, 0x00, 0x00, 0x27, 0x3e, 0x00, 0x0d, 
  0x00, 0x00, 0x00, 0x00, 0x00, 0x81, 0xff, 0xff, 0xff, 0xff, 0xff, 0xff, 0x00, 0x00, 0x00, 0x00, 
  0x00, 0x6c, 0x96, 0x6d, 0x3c, 0x00, 0x00, 0x00, 0x00, 0x00, 0xff, 0xff, 0xff, 0xff, 0xff, 0xff, 
  0x35, 0x00, 0x00, 0x00, 0x00, 0x00, 0xff, 0xff, 0xff, 0xeb, 0x8f, 0x00, 0x00, 0x00, 0x00, 0x15, 
  0xff, 0xff, 0xff, 0xff, 0xff, 0x2d, 0x00, 0x00, 0x00, 0x00, 0x1c, 0xff, 0xff, 0xff, 0x70, 0x00, 
  0x00, 0x00, 0x00, 0x00, 0x2b, 0xff, 0xff, 0xff, 0xff, 0xff, 0xff, 0x8c, 0x00, 0x00, 0x00, 0x00, 
  0x00, 0x00, 0x00, 0x00, 0x00, 0x00, 0x00, 0xd1, 0xff, 0xff, 0xff, 0xff, 0xff, 0xff, 0xf9, 0x00, 
  0x00, 0x00, 0x00, 0x00, 0xff, 0xff, 0xff, 0xff, 0x9c, 0x00, 0x00, 0x00, 0x00, 0x5f, 0xff, 0xff, 
  0xff, 0xff, 0xff, 0x7b, 0x00, 0x00, 0x00, 0x00, 0x00, 0xff, 0xff, 0xff, 0xff, 0x00, 0x00, 0x00, 
  0x00, 0x00, 0x00, 0x9a, 0xff, 0xff, 0xff, 0xff, 0xff, 0x00, 0x00, 0x00, 0x00, 0x90, 0xff, 0xff, 
  0x96, 0x00, 0x00, 0x00, 0x00, 0x00, 0x00, 0x7e, 0xff, 0xff, 0xff, 0xff, 0xff, 0xcd, 0x00, 0x00, 
  0x00, 0x00, 0x00, 0x54, 0x00, 0x1b, 0x00, 0x00, 0x00, 0x00, 0x2e, 0xda, 0xff, 0xff, 0xff, 0xff, 
  0xff, 0x3c, 0x00, 0x00, 0x00, 0x00, 0x2b, 0xff, 0xff, 0xff, 0xff, 0x3c, 0x00, 0x00, 0x00, 0x00, 
  0x00, 0xe2, 0xff, 0xff, 0xff, 0xff, 0xff, 0x00, 0x00, 0x00, 0x00, 0x7b, 0xff, 0xff, 0xff, 0x48, 
  0x00, 0x00, 0x00, 0x00, 0x00, 0x00, 0xff, 0xff, 0xff, 0xff, 0xff, 0xff, 0x13, 0x00, 0x00, 0x50, 
  0xff, 0xe4, 0x17, 0x00, 0x00, 0x00, 0x00, 0x00, 0x00, 0x63, 0xff, 0xff, 0xff, 0xff, 0xff, 0xff, 
  0x00, 0x00, 0x00, 0x00, 0x05, 0x9b, 0xff, 0xff, 0x81, 0x00, 0x00, 0x00, 0x00, 0x00, 0x84, 0xff, 
  0xff, 0xff, 0xff, 0xff, 0x00, 0x00, 0x00, 0x00, 0x1e, 0xb3, 0xff, 0xff, 0xff, 0xff, 0x1f, 0x00, 
  0x00, 0x00, 0x00, 0x00, 0x70, 0xff, 0xff, 0xff, 0xff, 0xff, 0x8c, 0x00, 0x00, 0x3a, 0x84, 0xff, 
  0xff, 0x66, 0x00, 0x00, 0x00, 0x00, 0x00, 0x00, 0x00, 0xda, 0xff, 0xff, 0xff, 0xff, 0xff, 0x92, 
  0x87, 0x82, 0x75, 0xb3, 0x30, 0x00, 0x00, 0x00, 0x00, 0x00, 0x00, 0x00, 0x87, 0xff, 0xff, 0xff, 
  0xff, 0xff, 0xff, 0x00, 0x00, 0x00, 0x00, 0x00, 0xe1, 0xff, 0xff, 0xff, 0x51, 0x00, 0x00, 0x00, 
  0x00, 0x00, 0xff, 0xff, 0xff, 0xff, 0xff, 0xff, 0x00, 0x00, 0x00, 0x00, 0x2e, 0xe3, 0xff, 0xff, 
  0xff, 0x5b, 0x00, 0x00, 0x00, 0x00, 0x00, 0x00, 0xff, 0xff, 0xff, 0xff, 0xff, 0xff, 0x86, 0x00, 
  0x00, 0x5c, 0x4f, 0x7e, 0x62, 0x00, 0x00, 0x00, 0x00, 0x00, 0x00, 0x55, 0xff, 0xff, 0xff, 0xff, 
  0xff, 0xff, 0x00, 0x00, 0x00, 0x00, 0x74, 0xff, 0xff, 0x63, 0x00, 0x00, 0x00, 0x00, 0x00, 0x00, 
  0x99, 0xff, 0xff, 0xff, 0xff, 0xff, 0x08, 0x00, 0x00, 0x00, 0x00, 0x00, 0xff, 0xff, 0xff, 0xff, 
  0x28, 0x00, 0x00, 0x00, 0x00, 0x00, 0x00, 0xff, 0xff, 0xff, 0xff, 0xff, 0xff, 0x9f, 0xcf, 0xa5, 
  0xfd, 0xff, 0x68, 0x00, 0x00, 0x00, 0x00, 0x00, 0x00, 0x00, 0xee, 0xff, 0xff, 0xff, 0xff, 0xff, 
  0xff, 0x00, 0x00, 0x00, 0x00, 0x9a, 0x6b, 0x1f, 0x00, 0x00, 0x00, 0x00, 0x00, 0x00, 0x94, 0xff, 
  0xff, 0xff, 0xff, 0xff, 0xff, 0x00, 0x00, 0x00, 0x00, 0x00, 0xff, 0xff, 0xff, 0x9f, 0x00, 0x00, 
  0x00, 0x00, 0x00, 0x4f, 0xff, 0xff, 0xff, 0xff, 0xff, 0xff, 0x00, 0x00, 0x00, 0x00, 0x28, 0xa3, 
  0xff, 0xff, 0xff, 0x32, 0x00, 0x00, 0x00, 0x00, 0x00, 0x00, 0xff, 0xff, 0xff, 0xff, 0xff, 0xff, 
  0xff, 0x16, 0x7c, 0x7e, 0x3b, 0x23, 0x00, 0x00, 0x00, 0x00, 0x00, 0x00, 0x07, 0xff, 0xff, 0xff, 
  0xff, 0xff, 0xff, 0xff, 0x00, 0x00, 0x00, 0x00, 0x53, 0x48, 0xff, 0x6b, 0x0d, 0x00, 0x00, 0x00, 
  0x00, 0x20, 0xff, 0xff, 0xff, 0xff, 0xff, 0xff, 0x2e, 0x00, 0x00, 0x00, 0x00, 0x00, 0xff, 0xff, 
  0xff, 0x3f, 0x00, 0x00, 0x00, 0x00, 0x00, 0x55, 0xff, 0xff, 0xff, 0xff, 0xff, 0xff, 0x00, 0x00, 
  0x00, 0x00, 0x00, 0xff, 0xef, 0x21, 0x00, 0x00, 0x00, 0x00, 0x00, 0x25, 0xff, 0xff, 0xff, 0xff, 
  0xff, 0xff, 0xff, 0x00, 0x00, 0x00, 0x00, 0x81, 0x2f, 0x00, 0x00, 0x00, 0x00, 0x00, 0x00, 0x0b, 
  0xff, 0xff, 0xff, 0xff, 0xff, 0xff, 0xff, 0x00, 0x00, 0x00, 0x00, 0x0d, 0xff, 0xff, 0xff, 0xed, 
  0x3a, 0x00, 0x00, 0x00, 0x00, 0xa5, 0xff, 0xff, 0xff, 0xff, 0xff, 0x8c, 0x00, 0x00, 0x00, 0x00, 
  0x4c, 0xff, 0xff, 0xfc, 0x2b, 0x00, 0x00, 0x00, 0x00, 0x00, 0xac, 0xff, 0xff, 0xff, 0xff, 0xff, 
  0xff, 0x00, 0x00, 0x00, 0x00, 0x08, 0x8e, 0x6b, 0x0c, 0x00, 0x00, 0x00, 0x00, 0x00, 0xc1, 0xff, 
  0xff, 0xff, 0xff, 0xff, 0xff, 0x00, 0x00, 0x00, 0x00, 0x00, 0xbf, 0x97, 0x2b, 0x00, 0x00, 0x00, 
  0x00, 0x00, 0x4c, 0xff, 0xff, 0xff, 0xff, 0xff, 0xff, 0x27, 0x00, 0x00, 0x00, 0x00, 0x00, 0xff, 
  0xff, 0xff, 0xff, 0x3f, 0x00, 0x00, 0x00, 0x00, 0x00, 0xff, 0xff, 0xff, 0xff, 0xff, 0xb1, 0x00, 
  0x00, 0x00, 0x00, 0xa0, 0xff, 0x95, 0x15, 0x00, 0x00, 0x00, 0x00, 0x00, 0x00, 0x8d, 0xff, 0xff, 
  0xff, 0xff, 0xff, 0xff, 0x00, 0x00, 0x00, 0x00, 0x00, 0x00, 0x00, 0x00, 0x00, 0x00, 0x00, 0x00, 
  0x1e, 0xff, 0xff, 0xff, 0xff, 0xff, 0xff, 0xff, 0x00, 0x00, 0x00, 0x00, 0x00, 0xff, 0xff, 0xc2, 
  0x2c, 0x05, 0x00, 0x00, 0x00, 0x00, 0xff, 0xff, 0xff, 0xff, 0xff, 0xff, 0x75, 0x00, 0x00, 0x00, 
  0x00, 0x00, 0xff, 0xff, 0xff, 0xff, 0x57, 0x00, 0x00, 0x00, 0x00, 0x24, 0xf6, 0xff, 0xff, 0xff, 
  0xff, 0xff, 0x74, 0x00, 0x00, 0x00, 0x00, 0x06, 0x00, 0x00, 0x00, 0x00, 0x00, 0x00, 0x06, 0xd7, 
  0xff, 0xff, 0xff, 0xff, 0xff, 0xff, 0xd7, 0x00, 0x00, 0x00, 0x00, 0x00, 0x00, 0x00, 0x00, 0x00, 
  0x00, 0x00, 0x00, 0x88, 0xff, 0xff, 0xff, 0xff, 0xff, 0xff, 0x3d, 0x00, 0x00, 0x00, 0x00, 0x12, 
  0xff, 0xff, 0xff, 0x9d, 0x00, 0x00, 0x00, 0x00, 0x00, 0xb3, 0xff, 0xff, 0xff, 0xff, 0xff, 0xff, 
  0x00, 0x00, 0x00, 0x00, 0x7c, 0xff, 0xff, 0xdc, 0x17, 0x00, 0x00, 0x00, 0x00, 0x00, 0xe6, 0xff, 
  0xff, 0xff, 0xff, 0xff, 0xff, 0x00, 0x00, 0x00, 0x00, 0x00, 0x00, 0x00, 0x00, 0x00, 0x00, 0x00, 
  0x00, 0xc3, 0xff, 0xff, 0xff, 0xff, 0xff, 0xff, 0xff, 0x00, 0x00, 0x00, 0x00, 0x00, 0xff, 0xcd, 
  0xa4, 0x38, 0x00, 0x00, 0x00, 0x00, 0x5e, 0xff, 0xff, 0xff, 0xff, 0xff, 0xff, 0x6f, 0x00, 0x00, 
  0x00, 0x00, 0x00, 0xff, 0xff, 0xff, 0xff, 0x89, 0x00, 0x00, 0x00, 0x00, 0x02, 0xbb, 0xff, 0xff, 
  0xff, 0xff, 0xff, 0x4f, 0x00, 0x00, 0x00, 0x00, 0x00, 0x00, 0x00, 0x00, 0x00, 0x00, 0x00, 0x00, 
  0xd7, 0xff, 0xff, 0xff, 0xff, 0xff, 0xff, 0xd3, 0x00, 0x00, 0x00, 0x00, 0x00, 0x00, 0x00, 0x00, 
  0x00, 0x00, 0x00, 0x00, 0x6f, 0xff, 0xff, 0xff, 0xff, 0xff, 0xff, 0xff, 0x00, 0x00, 0x00, 0x00, 
  0x00, 0x6a, 0xff, 0xff, 0xff, 0x94, 0x00, 0x00, 0x00, 0x00, 0xb6, 0xf7, 0xff, 0xff, 0xff, 0xff, 
  0xff, 0x00, 0x00, 0x00, 0x00, 0x00, 0xe8, 0xd9, 0x37, 0x16, 0x00, 0x00, 0x00, 0x00, 0x00, 0x97, 
  0xff, 0xff, 0xff, 0xff, 0xff, 0xff, 0x6a, 0x00, 0x00, 0x00, 0x00, 0x00, 0x00, 0x00, 0x00, 0x00, 
  0x00, 0x00, 0x00, 0xff, 0xff, 0xff, 0xff, 0xff, 0xff, 0xff, 0x2b, 0x00, 0x00, 0x00, 0x00, 0x00, 
  0x69, 0x09, 0x00, 0x00, 0x00, 0x00, 0x00, 0x69, 0xff, 0xff, 0xff, 0xff, 0xff, 0xff, 0xff, 0x00, 
  0x00, 0x00, 0x00, 0x00, 0x3d, 0xff, 0xff, 0xff, 0xff, 0x75, 0x00, 0x00, 0x00, 0x1a, 0xc5, 0xff, 
  0xff, 0xff, 0xff, 0xff, 0xc2, 0x00, 0x00, 0x00, 0x3c, 0x93, 0x1d, 0x06, 0x00, 0x00, 0x00, 0x00, 
  0x00, 0xb7, 0xff, 0xff, 0xff, 0xff, 0xff, 0xff, 0xff, 0x00, 0x00, 0x00, 0x00, 0x00, 0x00, 0x00, 
  0x20, 0x00, 0x24, 0x00, 0x00, 0xc3, 0xff, 0xff, 0xff, 0xff, 0xff, 0xff, 0xf8, 0x00, 0x00, 0x00, 
  0x00, 0x00, 0x92, 0xff, 0xff, 0xff, 0xa0, 0x89, 0x00, 0x00, 0x00, 0xba, 0xff, 0xff, 0xff, 0xff, 
  0xff, 0xff, 0x49, 0x00, 0x00, 0x00, 0x00, 0x8d, 0xff, 0xff, 0xff, 0xe2, 0x71, 0x00, 0x00, 0x00, 
  0x8a, 0xff, 0xff, 0xff, 0xff, 0xff, 0xff, 0x28, 0x00, 0x55, 0x00, 0x00, 0x00, 0x00, 0x00, 0x00, 
  0x00, 0x00, 0x00, 0xdb, 0xff, 0xff, 0xff, 0xff, 0xff, 0xff, 0xff, 0x74, 0x00, 0x00, 0x00, 0x00, 
  0x00, 0x30, 0xb8, 0x79, 0x40, 0x00, 0x00, 0x13, 0xfb, 0xff, 0xff, 0xff, 0xff, 0xff, 0xff, 0xd6, 
  0x00, 0x00, 0x00, 0x00, 0x00, 0xa4, 0xff, 0xff, 0xff, 0xff, 0xbe, 0x00, 0x00, 0x00, 0x64, 0xff, 
  0xff, 0xff, 0xff, 0xff, 0xff, 0x09, 0x00, 0x00, 0x00, 0x00, 0x73, 0xb9, 0xe6, 0xa8, 0x47, 0x00, 
  0x00, 0x00, 0xbc, 0xff, 0xff, 0xff, 0xff, 0xff, 0xff, 0xaf, 0x00, 0x00, 0x00, 0x00, 0x00, 0x00, 
  0x00, 0x00, 0x00, 0x00, 0x00, 0x29, 0xff, 0xff, 0xff, 0xff, 0xff, 0xff, 0xff, 0xff, 0x00, 0x00, 
  0x00, 0x00, 0x00, 0x00, 0xd1, 0xff, 0xff, 0xff, 0xbb, 0x00, 0x00, 0x76, 0xff, 0xff, 0xff, 0xff, 
  0xff, 0xff, 0xe6, 0x00, 0x00, 0x00, 0x00, 0x00, 0xa4, 0xff, 0xff, 0xff, 0xff, 0xa7, 0x00, 0x00, 
  0x07, 0xc0, 0xff, 0xff, 0xff, 0xff, 0xff, 0xff, 0x00, 0x00, 0x00, 0x00, 0x00, 0x00, 0x00, 0x00, 
  0x56, 0x5f, 0x05, 0x60, 0xff, 0xff, 0xff, 0xff, 0xff, 0xff, 0xff, 0xe2, 0x00, 0x00, 0x00, 0x00, 
  0x00, 0x00, 0x00, 0x53, 0x48, 0xff, 0x83, 0x4e, 0xff, 0xff, 0xff, 0xff, 0xff, 0xff, 0xff, 0xff, 
  0x6d, 0x00, 0x00, 0x00, 0x00, 0x00, 0x00, 0xff, 0xff, 0xff, 0xff, 0xff, 0x6c, 0x00, 0x00, 0x74, 
  0xeb, 0xff, 0xff, 0xff, 0xff, 0xff, 0x01, 0x00, 0x00, 0x00, 0x00, 0x00, 0xff, 0xff, 0xff, 0xff, 
  0xff, 0x38, 0x3f, 0x9e, 0xff, 0xff, 0xff, 0xff, 0xff, 0xff, 0x9b, 0x00, 0x00, 0x00, 0x00, 0x00, 
  0x00, 0x27, 0x79, 0xe8, 0xba, 0x47, 0xff, 0xff, 0xff, 0xff, 0xff, 0xff, 0xff, 0xff, 0x30, 0x00, 
  0x00, 0x00, 0x00, 0x00, 0x00, 0xe5, 0xff, 0xff, 0xff, 0xff, 0xb6, 0x90, 0xf1, 0xea, 0xff, 0xff, 
  0xff, 0xff, 0xff, 0x6f, 0x00, 0x00, 0x00, 0x00, 0x00, 0x31, 0xef, 0xff, 0xff, 0xff, 0xff, 0x43, 
  0x00, 0x00, 0x00, 0xfa, 0xff, 0xff, 0xff, 0xff, 0x7f, 0x00, 0x00, 0x00, 0x00, 0x00, 0x00, 0x00, 
  0xc9, 0xff, 0xff, 0xca, 0xdb, 0xff, 0xff, 0xff, 0xff, 0xff, 0xff, 0xff, 0x4e, 0x00, 0x00, 0x00, 
  0x00, 0x00, 0x00, 0xe8, 0xff, 0xff, 0xff, 0xff, 0xb8, 0xf7, 0xff, 0xff, 0xff, 0xff, 0xff, 0xff, 
  0xc6, 0x00, 0x00, 0x00, 0x00, 0x00, 0x00, 0x3c, 0xff, 0xff, 0xff, 0xff, 0xff, 0x2c, 0x16, 0x00, 
  0x81, 0xeb, 0xff, 0xff, 0xff, 0xfb, 0x3d, 0x00, 0x00, 0x00, 0x00, 0x00, 0x00, 0xff, 0xff, 0xff, 
  0xff, 0xe9, 0x00, 0x2a, 0x83, 0xf4, 0xff, 0xff, 0xff, 0xff, 0xff, 0x00, 0x00, 0x00, 0x00, 0x00, 
  0x00, 0x77, 0xe5, 0xff, 0xff, 0xa3, 0xc2, 0xff, 0xff, 0xff, 0xff, 0xff, 0xff, 0xff, 0x85, 0x00, 
  0x00, 0x00, 0x00, 0x00, 0x00, 0x8f, 0xff, 0xff, 0xff, 0xff, 0xff, 0xbf, 0xfe, 0xff, 0xff, 0xff, 
  0xff, 0xff, 0xff, 0x22, 0x00, 0x00, 0x00, 0x00, 0x00, 0x00, 0xff, 0xff, 0xff, 0xff, 0xff, 0xdb, 
  0x3a, 0x04, 0x2b, 0xd9, 0xff, 0xff, 0xff, 0xff, 0x48, 0x00, 0x00, 0x00, 0x00, 0x00, 0xae, 0xff, 
  0xff, 0xff, 0xff, 0xaa, 0x66, 0xce, 0xff, 0xff, 0xff, 0xff, 0xff, 0xff, 0x00, 0x00, 0x00, 0x00, 
  0x00, 0x00, 0xe4, 0xff, 0xff, 0xff, 0xff, 0x31, 0x00, 0x76, 0xff, 0xff, 0xff, 0xff, 0xff, 0xff, 
  0xff, 0x50, 0x00, 0x00, 0x00, 0x00, 0x00, 0x00, 0x4b, 0xff, 0xff, 0xff, 0xff, 0x95, 0x9a, 0x63, 
  0xa2, 0xff, 0xff, 0xff, 0xff, 0xb4, 0x00, 0x00, 0x00, 0x00, 0x00, 0x00, 0x5b, 0xff, 0xff, 0xff, 
  0xff, 0xff, 0x4c, 0x56, 0x43, 0xe3, 0xff, 0xff, 0xff, 0xf2, 0x17, 0x00, 0x00, 0x00, 0x00, 0x00, 
  0x00, 0xff, 0xff, 0xff, 0xff, 0xcd, 0x52, 0xcd, 0xff, 0xff, 0xff, 0xff, 0xff, 0xff, 0xb2, 0x00, 
  0x00, 0x00, 0x00, 0x00, 0x00, 0x00, 0xe4, 0xff, 0xff, 0xff, 0xf4, 0x84, 0xed, 0xd1, 0xff, 0xff, 
  0xff, 0xff, 0xff, 0xfb, 0x00, 0x00, 0x00, 0x00, 0x00, 0x00, 0x00, 0xff, 0xff, 0xff, 0xff, 0xff, 
  0x52, 0x05, 0x20, 0xb2, 0xdc, 0xf4, 0xff, 0xff, 0x78, 0x00, 0x00, 0x00, 0x00, 0x00, 0x76, 0xff, 
  0xff, 0xff, 0xff, 0x8d, 0x00, 0x4c, 0x96, 0xff, 0xff, 0xff, 0xff, 0xff, 0xff, 0x4f, 0x00, 0x00, 
  0x00, 0x00, 0x00, 0x79, 0xff, 0xff, 0xff, 0xff, 0x41, 0x34, 0xb3, 0xff, 0xff, 0xff, 0xff, 0xff, 
  0xff, 0xc9, 0x00, 0x00, 0x00, 0x00, 0x00, 0x00, 0x00, 0xff, 0xff, 0xff, 0xff, 0xff, 0x82, 0x7b, 
  0x69, 0xcd, 0xee, 0xff, 0xff, 0xff, 0xd4, 0x00, 0x00, 0x00, 0x00, 0x00, 0x00, 0x00, 0xff, 0xff, 
  0xff, 0xff, 0xff, 0x44, 0x34, 0x16, 0x46, 0xb6, 0xff, 0xff, 0xff, 0x61, 0x00, 0x00, 0x00, 0x00, 
  0x00, 0x69, 0xd8, 0xff, 0xff, 0xff, 0xbe, 0x79, 0xe3, 0xff, 0xff, 0xff, 0xff, 0xff, 0xff, 0xed, 
  0x00, 0x00, 0x00, 0x00, 0x00, 0x00, 0x00, 0xff, 0xff, 0xff, 0xff, 0xff, 0xc5, 0xed, 0xff, 0xff, 
  0xff, 0xff, 0xff, 0xff, 0x34, 0x00, 0x00, 0x00, 0x00, 0x00, 0x00, 0x55, 0xff, 0xff, 0xff, 0xff, 
  0xff, 0x0f, 0x00, 0x00, 0x00, 0x74, 0xff, 0xff, 0xff, 0xae, 0x00, 0x00, 0x00, 0x00, 0x00, 0x00, 
  0xc3, 0xff, 0xff, 0xff, 0xff, 0xe7, 0x00, 0x00, 0x00, 0xb2, 0xff, 0xff, 0xff, 0x93, 0x10, 0x00, 
  0x00, 0x00, 0x00, 0x00, 0x85, 0xff, 0xff, 0xff, 0xff, 0xff, 0xd1, 0xff, 0xff, 0xff, 0xff, 0xff, 
  0xff, 0xff, 0x36, 0x00, 0x00, 0x00, 0x00, 0x00, 0x00, 0x1b, 0xff, 0xff, 0xff, 0xff, 0xff, 0xf2, 
  0x72, 0x3b, 0xa4, 0xff, 0xff, 0xff, 0xff, 0x11, 0x00, 0x00, 0x00, 0x00, 0x00, 0x00, 0xa5, 0xff, 
  0xff, 0xff, 0xff, 0xff, 0x40, 0x00, 0x00, 0x09, 0x95, 0xff, 0xff, 0xcb, 0x00, 0x00, 0x00, 0x00, 
  0x00, 0x00, 0x73, 0xff, 0xff, 0xff, 0xff, 0xff, 0xff, 0xf3, 0xff, 0xe3, 0xff, 0xff, 0xff, 0x86, 
  0x00, 0x00, 0x00, 0x00, 0x00, 0x00, 0x2b, 0xff, 0xff, 0xff, 0xff, 0xff, 0x9c, 0xfe, 0xff, 0xff, 
  0xff, 0xff, 0xff, 0xff, 0xa5, 0x00, 0x00, 0x00, 0x00, 0x00, 0x00, 0x00, 0xd4, 0xff, 0xff, 0xff, 
  0xff, 0xff, 0xaa, 0x00, 0x00, 0x0b, 0xc6, 0xff, 0xff, 0x75, 0x00, 0x00, 0x00, 0x00, 0x00, 0x00, 
  0xcd, 0xff, 0xff, 0xff, 0xff, 0xff, 0xd4, 0x2b, 0x16, 0x00, 0x87, 0xff, 0xff, 0xbc, 0x00, 0x00, 
  0x00, 0x00, 0x00, 0x00, 0x00, 0xff, 0xff, 0xff, 0xff, 0xff, 0xff, 0xff, 0xff, 0xff, 0xff, 0xff, 
  0xff, 0xff, 0x04, 0x00, 0x00, 0x00, 0x00, 0x00, 0x00, 0x76, 0xff, 0xff, 0xff, 0xff, 0xff, 0xfb, 
  0xff, 0xff, 0xff, 0xeb, 0xff, 0xff, 0xff, 0x41, 0x00, 0x00, 0x00, 0x00, 0x00, 0x00, 0x00, 0xff, 
  0xff, 0xff, 0xff, 0xff, 0xff, 0x0b, 0x00, 0x00, 0x00, 0x85, 0xff, 0xf0, 0x91, 0x17, 0x00, 0x00, 
  0x00, 0x00, 0x00, 0xa0, 0xff, 0xff, 0xff, 0xff, 0xff, 0xbb, 0xed, 0x8c, 0xb3, 0xd2, 0xff, 0xff, 
  0x61, 0x00, 0x00, 0x00, 0x00, 0x00, 0x00, 0x58, 0xff, 0xff, 0xff, 0xff, 0xff, 0xb5, 0x90, 0x4e, 
  0x47, 0xc3, 0xdf, 0xff, 0xff, 0x81, 0x00, 0x00, 0x00, 0x00, 0x00, 0x00, 0x07, 0xff, 0xff, 0xff, 
  0xff, 0xff, 0xff, 0x5d, 0x00, 0x02, 0x05, 0x66, 0xff, 0xea, 0x0f, 0x00, 0x00, 0x00, 0x00, 0x00, 
  0x00, 0x43, 0xff, 0xff, 0xff, 0xff, 0xff, 0xff, 0x00, 0x00, 0x00, 0x00, 0x00, 0x4b, 0xde, 0xff, 
  0x9d, 0x2d, 0x00, 0x00, 0x00, 0x00, 0x2e, 0xf5, 0xff, 0xff, 0xff, 0xff, 0xff, 0xff, 0x93, 0x70, 
  0xff, 0xff, 0xfb, 0x00, 0x00, 0x00, 0x00, 0x00, 0x00, 0x00, 0x6b, 0xff, 0xff, 0xff, 0xff, 0xff, 
  0xd5, 0x00, 0x00, 0x00, 0x00, 0x8a, 0xff, 0xff, 0x91, 0x22, 0x00, 0x00, 0x00, 0x00, 0x00, 0x00, 
  0xff, 0xff, 0xff, 0xff, 0xff, 0xff, 0x00, 0x00, 0x00, 0x00, 0xaf, 0xd2, 0x7a, 0x00, 0x00, 0x00, 
  0x00, 0x00, 0x00, 0x00, 0xdb, 0xff, 0xff, 0xff, 0xff, 0xff, 0x8c, 0x00, 0x00, 0x00, 0x00, 0x4b, 
  0xff, 0xff, 0xd2, 0x51, 0x00, 0x00, 0x00, 0x00, 0x00, 0xff, 0xff, 0xff, 0xff, 0xff, 0xff, 0xff, 
  0xbe, 0x9a, 0xb1, 0xfe, 0xff, 0x8a, 0x00, 0x00, 0x00, 0x00, 0x00, 0x00, 0x00, 0x5e, 0xff, 0xff, 
  0xff, 0xff, 0xff, 0xff, 0x00, 0x00, 0x00, 0x00, 0x00, 0xc3, 0xff, 0xff, 0x9d, 0x23, 0x00, 0x00, 
  0x00, 0x00, 0x22, 0xac, 0xff, 0xff, 0xff, 0xff, 0xff, 0x84, 0x00, 0x00, 0x00, 0x00, 0x00, 0x23, 
  0x00, 0x00, 0x00, 0x00, 0x00, 0x00, 0x63, 0xff, 0xff, 0xff, 0xff, 0xff, 0xff, 0x6a, 0x00, 0x00, 
  0x00, 0x00, 0x3b, 0xa8, 0x9a, 0x00, 0x00, 0x00, 0x00, 0x00, 0x00, 0x14, 0xff, 0xff, 0xff, 0xff, 
  0xff, 0xff, 0xff, 0xe5, 0x00, 0x00, 0x52, 0x35, 0x00, 0x00, 0x00, 0x00, 0x00, 0x00, 0x00, 0x00, 
  0xff, 0xff, 0xff, 0xff, 0xff, 0xff, 0xff, 0xa3, 0x00, 0x00, 0x00, 0x00, 0x00, 0xff, 0xff, 0xff, 
  0xbe, 0x14, 0x00, 0x00, 0x00, 0x00, 0x3a, 0xff, 0xff, 0xff, 0xff, 0xff, 0xff, 0x4a, 0x00, 0x00, 
  0x00, 0x00, 0x00, 0x00, 0x00, 0x00, 0x00, 0x00, 0x00, 0x00, 0xff, 0xff, 0xff, 0xff, 0xff, 0xff, 
  0xc8, 0x00, 0x00, 0x00, 0x00, 0x29, 0xff, 0x6e, 0x00, 0x00, 0x00, 0x00, 0x00, 0x00, 0x00, 0x8b, 
  0xff, 0xff, 0xff, 0xff, 0xff, 0xff, 0x26, 0x00, 0x00, 0x00, 0x00, 0x10, 0x00, 0x00, 0x00, 0x00, 
  0x00, 0x00, 0x00, 0x51, 0xfd, 0xff, 0xff, 0xff, 0xff, 0xff, 0xff, 0x00, 0x00, 0x00, 0x00, 0x00, 
  0xff, 0xff, 0xd8, 0x9b, 0x00, 0x00, 0x00, 0x00, 0x00, 0x6e, 0xff, 0xff, 0xff, 0xff, 0xff, 0xff, 
  0x5f, 0x00, 0x00, 0x20, 0x26, 0x00, 0x00, 0x00, 0x00, 0x00, 0x00, 0x00, 0x21, 0xff, 0xff, 0xff, 
  0xff, 0xff, 0xff, 0xff, 0x00, 0x00, 0x00, 0x00, 0x41, 0xff, 0xdb, 0x1b, 0x00, 0x00, 0x00, 0x00, 
  0x00, 0x00, 0x9b, 0xff, 0xff, 0xff, 0xff, 0xff, 0xff, 0xff, 0x00, 0x00, 0x00, 0x00, 0x00, 0x00, 
  0xa5, 0x9c, 0x2e, 0x00, 0x00, 0x00, 0x21, 0xbc, 0xff, 0xff, 0xff, 0xff, 0xff, 0xff, 0x05, 0x00, 
  0x00, 0x00, 0x12, 0xf8, 0xff, 0x7a, 0x07, 0x00, 0x00, 0x00, 0x00, 0x08, 0xde, 0xff, 0xff, 0xff, 
  0xff, 0xff, 0xff, 0x0f, 0x00, 0x00, 0x00, 0x00, 0x00, 0x00, 0x00, 0x00, 0x00, 0x00, 0x00, 0x00, 
  0xff, 0xff, 0xff, 0xff, 0xff, 0xff, 0xff, 0xff, 0x00, 0x00, 0x00, 0x00, 0x66, 0xf9, 0x9f, 0x30, 
  0x00, 0x00, 0x00, 0x00, 0x00, 0x39, 0xff, 0xff, 0xff, 0xff, 0xff, 0xff, 0xff, 0x00, 0x00, 0x00, 
  0x00, 0x00, 0x24, 0x67, 0x8e, 0xc4, 0x6d, 0x00, 0x00, 0x00, 0x7c, 0xff, 0xff, 0xff, 0xff, 0xff, 
  0xff, 0xbd, 0x00, 0x00, 0x00, 0x08, 0x9a, 0xab, 0x49, 0x00, 0x00, 0x00, 0x00, 0x00, 0x00, 0xf5, 
  0xff, 0xff, 0xff, 0xff, 0xff, 0xff, 0x72, 0x00, 0x00, 0x00, 0x00, 0x00, 0x00, 0x00, 0x00, 0x00, 
  0x00, 0x00, 0x00, 0xbb, 0xff, 0xff, 0xff, 0xff, 0xff, 0xff, 0xff, 0x00, 0x00, 0x00, 0x00, 0x00, 
  0xff, 0xff, 0xd4, 0x40, 0x00, 0x00, 0x00, 0x00, 0x0c, 0xff, 0xff, 0xff, 0xff, 0xff, 0xff, 0xff, 
  0x00, 0x00, 0x00, 0x00, 0x00, 0x00, 0xdc, 0x6b, 0xff, 0xf5, 0x83, 0x00, 0x00, 0x00, 0x9c, 0xff, 
  0xff, 0xff, 0xff, 0xff, 0xff, 0x30, 0x00, 0x00, 0x00, 0x2e, 0x00, 0x00, 0x00, 0x00, 0x00, 0x00, 
  0x00, 0x63, 0xff, 0xff, 0xff, 0xff, 0xff, 0xff, 0xff, 0x94, 0x00, 0x00, 0x00, 0x00, 0x00, 0x00, 
  0x00, 0x00, 0x58, 0x62, 0x00, 0x25, 0xd1, 0xff, 0xff, 0xff, 0xff, 0xff, 0xff, 0xff, 0x00, 0x00, 
  0x00, 0x00, 0x00, 0xd5, 0xff, 0xff, 0xff, 0xbf, 0x94, 0x00, 0x00, 0x00, 0x9b, 0xff, 0xff, 0xff, 
  0xff, 0xff, 0xff, 0xf9, 0x00, 0x00, 0x00, 0x00, 0x00, 0x20, 0xb6, 0xc2, 0xff, 0xff, 0xff, 0x00, 
  0x17, 0x92, 0xff, 0xff, 0xff, 0xff, 0xff, 0xff, 0x9c, 0x00, 0x00, 0x00, 0x00, 0x00, 0x00, 0x00, 
  0x00, 0x00, 0x3e, 0x38, 0xc9, 0xff, 0xff, 0xff, 0xff, 0xff, 0xff, 0xff, 0x74, 0x00, 0x00, 0x00, 
  0x00, 0x00, 0x00, 0xec, 0xff, 0xff, 0xff, 0xff, 0x00, 0x00, 0x7f, 0xff, 0xff, 0xff, 0xff, 0xff, 
  0xff, 0xfe, 0x00, 0x00, 0x00, 0x00, 0x00, 0xc3, 0xff, 0xff, 0xfd, 0xff, 0xc7, 0x00, 0x00, 0x87, 
  0xff, 0xff, 0xff, 0xff, 0xff, 0xff, 0xf4, 0x00, 0x00, 0x00, 0x00, 0x00, 0x00, 0xaa, 0xff, 0xff, 
  0xff, 0xec, 0x0a, 0x92, 0xff, 0xff, 0xff, 0xff, 0xff, 0xff, 0xff, 0x56, 0x00, 0x00, 0x00, 0x00, 
  0x00, 0x00, 0x00, 0x50, 0x77, 0xc1, 0xd2, 0xff, 0xff, 0xff, 0xff, 0xff, 0xff, 0xff, 0xf0, 0x00, 
  0x00, 0x00, 0x00, 0x00, 0x00, 0xff, 0xff, 0xff, 0xff, 0xff, 0xff, 0x00, 0x00, 0x00, 0x8b, 0xff, 
  0xff, 0xff, 0xff, 0xff, 0xff, 0x00, 0x00, 0x00, 0x00, 0x00, 0xc2, 0xf1, 0xf7, 0xf1, 0xff, 0x82, 
  0x00, 0x16, 0x9f, 0xff, 0xff, 0xff, 0xff, 0xff, 0xff, 0xb4, 0x00, 0x00, 0x00, 0x00, 0x00, 0x66, 
  0xff, 0xff, 0xff, 0xff, 0x95, 0xc3, 0xff, 0xff, 0xff, 0xff, 0xff, 0xff, 0xa8, 0x00, 0x00, 0x00, 
  0x00, 0x00, 0x4a, 0xff, 0xff, 0xff, 0xb0, 0xff, 0x98, 0x00, 0x18, 0x8c, 0xff, 0xff, 0xff, 0xff, 
  0xff, 0xff, 0x69, 0x00, 0x00, 0x00, 0x00, 0x00, 0x66, 0xff, 0xff, 0xff, 0xff, 0xff, 0x00, 0x00, 
  0x00, 0x7f, 0xff, 0xff, 0xff, 0xff, 0xff, 0xd6, 0x00, 0x00, 0x00, 0x00, 0x00, 0x2b, 0xac, 0x42, 
  0x7c, 0x73, 0x24, 0xc3, 0xff, 0xff, 0xff, 0xff, 0xff, 0xff, 0xff, 0x3e, 0x00, 0x00, 0x00, 0x00, 
  0x00, 0x49, 0xfd, 0xff, 0xff, 0xff, 0x77, 0x68, 0xff, 0xff, 0xff, 0xff, 0xff, 0xff, 0xff, 0xe5, 
  0x00, 0x00, 0x00, 0x00, 0x00, 0xde, 0xff, 0xff, 0xff, 0xff, 0xff, 0x05, 0x00, 0x00, 0x8e, 0xff, 
  0xff, 0xff, 0xff, 0xff, 0xff, 0x6f, 0x00, 0x00, 0x00, 0x00, 0x00, 0x53, 0xff, 0xff, 0xff, 0xff, 
  0x5e, 0x00, 0x26, 0xf2, 0xff, 0xff, 0xff, 0xff, 0xff, 0xff, 0x00, 0x00, 0x00, 0x00, 0x00, 0x00, 
  0x00, 0x00, 0x5a, 0xf9, 0xbb, 0xfa, 0xff, 0xff, 0xff, 0xff, 0xff, 0xff, 0xff, 0x4c, 0x00, 0x00, 
  0x00, 0x00, 0x00, 0x00, 0xee, 0xff, 0xff, 0xff, 0xff, 0x73, 0x00, 0x22, 0xa6, 0xff, 0xff, 0xff, 
  0xff, 0xff, 0xf0, 0x00, 0x00, 0x00, 0x00, 0x00, 0x00, 0xde, 0xff, 0xff, 0xff, 0xff, 0x51, 0x00, 
  0x52, 0xb5, 0xff, 0xff, 0xff, 0xff, 0xff, 0xd0, 0x0b, 0x00, 0x00, 0x00, 0x00, 0x00, 0x63, 0xff, 
  0xff, 0xff, 0xff, 0xf8, 0xff, 0xff, 0xff, 0xff, 0xff, 0xff, 0xff, 0x7d, 0x00, 0x00, 0x00, 0x00, 
  0x00, 0x00, 0x7c, 0xd4, 0xff, 0xcf, 0xff, 0xd0, 0xf2, 0xff, 0xff, 0xff, 0xff, 0xff, 0xff, 0xe7, 
  0x00, 0x00, 0x00, 0x00, 0x00, 0x00, 0x69, 0xff, 0xff, 0xff, 0xff, 0xff, 0x00, 0x00, 0x00, 0xa0, 
  0xff, 0xff, 0xff, 0xff, 0xff, 0xf1, 0x00, 0x00, 0x00, 0x00, 0x00, 0x00, 0xb0, 0xee, 0xff, 0xff, 
  0xc7, 0x8c, 0xff, 0xff, 0xff, 0xff, 0xff, 0xff, 0xff, 0xb9, 0x00, 0x00, 0x00, 0x00, 0x00, 0x00, 
  0x00, 0xff, 0xff, 0xff, 0xff, 0xff, 0xff, 0xff, 0xff, 0xff, 0xff, 0xff, 0xff, 0x00, 0x00, 0x00, 
  0x00, 0x00, 0x00, 0x58, 0xff, 0xff, 0xff, 0xff, 0xff, 0x57, 0x01, 0x82, 0xc0, 0xff, 0xff, 0xff, 
  0xff, 0xff, 0x95, 0x00, 0x00, 0x00, 0x00, 0x00, 0x00, 0x99, 0xff, 0xff, 0xff, 0xff, 0xe3, 0x00, 
  0x00, 0x00, 0x1d, 0xff, 0xff, 0xff, 0xff, 0xff, 0xcf, 0x1c, 0x00, 0x00, 0x00, 0x00, 0x00, 0x00, 
  0x42, 0x86, 0xf3, 0xff, 0xff, 0xff, 0xff, 0xff, 0xff, 0xff, 0xff, 0x39, 0x00, 0x00, 0x00, 0x00, 
  0x00, 0x00, 0xff, 0xff, 0xff, 0xff, 0xff, 0xc6, 0xd5, 0xea, 0xff, 0xff, 0xff, 0xff, 0xff, 0xf4, 
  0x1a, 0x00, 0x00, 0x00, 0x00, 0x00, 0x00, 0xff, 0xff, 0xff, 0xff, 0xff, 0x86, 0xde, 0xc8, 0xff, 
  0xf3, 0xff, 0xff, 0xff, 0x8c, 0x00, 0x00, 0x00, 0x00, 0x00, 0x00, 0xbe, 0xff, 0xff, 0xff, 0xff, 
  0xff, 0x00, 0x00, 0x1a, 0xa3, 0xff, 0xff, 0xff, 0xff, 0xff, 0x88, 0x00, 0x00, 0x00, 0x00, 0x00, 
  0x00, 0x00, 0x3d, 0xd6, 0xbe, 0xff, 0xff, 0xff, 0xff, 0xff, 0xff, 0xff, 0xff, 0x46, 0x00, 0x00, 
  0x00, 0x00, 0x00, 0x02, 0xff, 0xff, 0xff, 0xff, 0xff, 0x02, 0x00, 0x00, 0x62, 0xff, 0xff, 0xff, 
  0xff, 0xff, 0xff, 0x00, 0x00, 0x00, 0x00, 0x00, 0x00, 0x00, 0xff, 0xff, 0xff, 0xff, 0xff, 0x5e, 
  0x5d, 0xbf, 0xf0, 0xff, 0xff, 0xff, 0xc4, 0x00, 0x00, 0x00, 0x00, 0x00, 0x00, 0xb7, 0xff, 0xff, 
  0xff, 0xff, 0xff, 0x8e, 0xc7, 0xff, 0xff, 0xff, 0xff, 0xff, 0xf1, 0x79, 0x00, 0x00, 0x00, 0x00, 
  0x00, 0x00, 0x03, 0x98, 0xff, 0xff, 0xb1, 0xff, 0xff, 0xff, 0xff, 0xff, 0xff, 0xff, 0xff, 0x00, 
  0x00, 0x00, 0x00, 0x00, 0x00, 0x00, 0xff, 0xff, 0xff, 0xff, 0xff, 0x9b, 0x00, 0x00, 0x00, 0xc7, 
  0xff, 0xff, 0xff, 0xff, 0xff, 0x24, 0x00, 0x00, 0x00, 0x00, 0x00, 0x00, 0x95, 0xa3, 0xff, 0xff, 
  0xc3, 0xff, 0xe3, 0xff, 0xff, 0xff, 0xff, 0xff, 0x4a, 0x00, 0x00, 0x00, 0x00, 0x00, 0x00, 0xbe, 
  0xff, 0xff, 0xe6, 0xff, 0x58, 0x42, 0xff, 0xff, 0xff, 0xff, 0xff, 0xff, 0xff, 0xd1, 0x00, 0x00, 
  0x00, 0x00, 0x00, 0x00, 0x00, 0x89, 0x5e, 0xf1, 0xe7, 0xd0, 0xff, 0xff, 0xff, 0xff, 0xff, 0xff, 
  0xff, 0xd9, 0x00, 0x00, 0x00, 0x00, 0x00, 0x00, 0x00, 0xff, 0xff, 0xff, 0xff, 0xff, 0x1b, 0x00, 
  0x00, 0x9f, 0xfe, 0xff, 0xff, 0xff, 0xff, 0xe9, 0x00, 0x00, 0x00, 0x00, 0x00, 0x00, 0x00, 0x04, 
  0xda, 0xb5, 0x73, 0xff, 0xff, 0xff, 0xff, 0xff, 0xff, 0xf0, 0x9d, 0x00, 0x00, 0x00, 0x00, 0x00, 
  0x00, 0xff, 0xff, 0xff, 0xff, 0xf8, 0x2b, 0x00, 0x55, 0xff, 0xff, 0xff, 0xff, 0xff, 0xff, 0xff, 
  0x84, 0x00, 0x00, 0x00, 0x00, 0x00, 0x00, 0x95, 0xe6, 0xff, 0xff, 0xb5, 0xb7, 0xec, 0xff, 0xff, 
  0xff, 0xff, 0xef, 0xcc, 0x54, 0x00, 0x00, 0x00, 0x00, 0x00, 0x8a, 0xff, 0xff, 0xff, 0xff, 0xff, 
  0x00, 0x00, 0x1c, 0xff, 0xff, 0xff, 0xff, 0xff, 0xff, 0x00, 0x00, 0x00, 0x00, 0x00, 0x00, 0x00, 
  0x00, 0x00, 0x00, 0x54, 0x00, 0x6d, 0xff, 0xff, 0xff, 0xff, 0xff, 0xff, 0xff, 0xbe, 0x00, 0x00, 
  0x00, 0x00, 0x00, 0xff, 0xff, 0xff, 0xff, 0xd3, 0x53, 0x00, 0x00, 0x44, 0xff, 0xff, 0xff, 0xff, 
  0xff, 0xff, 0xff, 0x52, 0x00, 0x00, 0x00, 0x00, 0x00, 0x00, 0x00, 0xee, 0xff, 0xff, 0xff, 0xff, 
  0xff, 0xff, 0xff, 0xff, 0xff, 0x0e, 0x00, 0x00, 0x00, 0x00, 0x00, 0xe9, 0xff, 0xff, 0xff, 0xff, 
  0xdf, 0x2d, 0x00, 0x00, 0x37, 0xff, 0xff, 0xff, 0xff, 0xff, 0xff, 0x4b, 0x00, 0x00, 0x00, 0x00, 
  0x00, 0x00, 0x00, 0x00, 0x00, 0x00, 0x00, 0x82, 0xff, 0xff, 0xff, 0xff, 0xff, 0xff, 0xff, 0x7f, 
  0x00, 0x00, 0x00, 0x00, 0x00, 0x41, 0xff, 0xff, 0xff, 0xff, 0xd9, 0x00, 0x00, 0x00, 0x91, 0xff, 
  0xff, 0xff, 0xff, 0xff, 0xff, 0x55, 0x00, 0x00, 0x00, 0x00, 0x00, 0x00, 0x01, 0x47, 0xdd, 0xa8, 
  0xcf, 0xff, 0xff, 0xff, 0xff, 0xff, 0xff, 0x00, 0x00, 0x00, 0x00, 0x00, 0x00, 0xff, 0xff, 0xff, 
  0xc0, 0x89, 0x05, 0x00, 0x00, 0x00, 0x3f, 0xff, 0xff, 0xff, 0xff, 0xff, 0xff, 0xff, 0x00, 0x00, 
  0x00, 0x00, 0x00, 0x00, 0x00, 0x5c, 0x4c, 0xbf, 0x12, 0x33, 0xd0, 0xff, 0xff, 0xff, 0xff, 0xff, 
  0xff, 0xff, 0x00, 0x00, 0x00, 0x00, 0x00, 0x00, 0xff, 0xe1, 0xff, 0xff, 0xf9, 0x29, 0x63, 0x8b, 
  0xff, 0xff, 0xff, 0xff, 0xff, 0xef, 0x00, 0x00, 0x00, 0x00, 0x00, 0x00, 0x00, 0x00, 0x00, 0x00, 
  0x85, 0x00, 0x72, 0xff, 0xff, 0xff, 0xff, 0xff, 0xff, 0xff, 0x00, 0x00, 0x00, 0x00, 0x00, 0x72, 
  0xff, 0xff, 0xff, 0xc0, 0x6c, 0x00, 0x00, 0x00, 0x76, 0xff, 0xff, 0xff, 0xff, 0xff, 0xff, 0xff, 
  0x00, 0x00, 0x00, 0x00, 0x00, 0x00, 0x00, 0x00, 0x6e, 0x40, 0x93, 0xff, 0xff, 0xff, 0xff, 0xff, 
  0xff, 0xff, 0xcc, 0x00, 0x00, 0x00, 0x00, 0x00, 0x2d, 0xaa, 0xfc, 0xff, 0xff, 0xe9, 0x41, 0xb8, 
  0xff, 0xff, 0xff, 0xff, 0xff, 0xff, 0xc9, 0x00, 0x00, 0x00, 0x00, 0x00, 0x00, 0x00, 0x00, 0x00, 
  0x00, 0x00, 0x00, 0x07, 0xe4, 0xff, 0xff, 0xff, 0xff, 0xff, 0xff, 0xff, 0x00, 0x00, 0x00, 0x00, 
  0x00, 0x00, 0xff, 0xff, 0xff, 0xe3, 0xb3, 0x00, 0x00, 0x00, 0xff, 0xff, 0xff, 0xff, 0xff, 0xff, 
  0xff, 0x00, 0x00, 0x00, 0x00, 0x00, 0x00, 0x00, 0x00, 0x00, 0x00, 0xcd, 0xff, 0xff, 0xff, 0xff, 
  0xff, 0xff, 0xff, 0x95, 0x00, 0x00, 0x00, 0x00, 0x00, 0x00, 0xa3, 0xff, 0xff, 0xff, 0xe2, 0x2c, 
  0x00, 0x00, 0x84, 0xff, 0xff, 0xff, 0xff, 0xff, 0xff, 0x00, 0x00, 0x00, 0x00, 0x00, 0x00, 0x00, 
  0x00, 0x00, 0x00, 0x2c, 0x00, 0x00, 0x7c, 0xff, 0xff, 0xff, 0xff, 0xff, 0xff, 0xff, 0xaf, 0x00, 
  0x00, 0x00, 0x00, 0x00, 0x26, 0xba, 0xe9, 0xff, 0xff, 0x76, 0x0e, 0xb0, 0xef, 0xff, 0xff, 0xff, 
  0xff, 0xff, 0xff, 0x00, 0x00, 0x00, 0x00, 0x00, 0x00, 0x00, 0x00, 0x49, 0xd5, 0xe6, 0xe4, 0xff, 
  0xff, 0xff, 0xff, 0xff, 0xff, 0xff, 0xc5, 0x00, 0x00, 0x00, 0x00, 0x00, 0x07, 0xff, 0xff, 0xff, 
  0xff, 0x9e, 0x00, 0x00, 0x00, 0x5a, 0xff, 0xff, 0xff, 0xff, 0xff, 0xff, 0x85, 0x00, 0x00, 0x00, 
  0x00, 0x00, 0x00, 0x27, 0x00, 0x98, 0x72, 0x00, 0x4b, 0xde, 0xff, 0xff, 0xff, 0xff, 0xff, 0xff, 
  0xa9, 0x00, 0x00, 0x00, 0x00, 0x00, 0x00, 0xc5, 0xed, 0xff, 0xff, 0xff, 0x90, 0xc3, 0x78, 0xff, 
  0xff, 0xff, 0xff, 0xe3, 0xec, 0x00, 0x00, 0x00, 0x00, 0x00, 0x2a, 0x12, 0x3f, 0x18, 0x29, 0xf9, 
  0x1b, 0x8a, 0xff, 0xff, 0xff, 0xff, 0xff, 0xff, 0xff, 0x12, 0x00, 0x00, 0x00, 0x00, 0x00, 0xff, 
  0xff, 0xff, 0xf9, 0xc6, 0x9c, 0x00, 0x00, 0x41, 0xff, 0xff, 0xff, 0xff, 0xff, 0xff, 0xff, 0x00, 
  0x00, 0x00, 0x00, 0x00, 0x00, 0x00, 0x00, 0x6e, 0xff, 0x96, 0xdc, 0xff, 0xff, 0xff, 0xff, 0xff, 
  0xff, 0xcf, 0xbf, 0x00, 0x00, 0x00, 0x00, 0x00, 0x00, 0x71, 0xff, 0xff, 0xff, 0xff, 0x80, 0x7a, 
  0xc8, 0xff, 0xff, 0xff, 0xff, 0xd8, 0x14, 0x00, 0x00, 0x00, 0x00, 0x30, 0x84, 0x46, 0x00, 0x00, 
  0x00, 0x46, 0x00, 0x00, 0xf7, 0xff, 0xff, 0xff, 0xff, 0xff, 0xff, 0x9e, 0x00, 0x00, 0x00, 0x00, 
  0x00, 0x63, 0xff, 0xc0, 0x8d, 0xd8, 0xab, 0x00, 0x00, 0x91, 0xff, 0xff, 0xff, 0xff, 0xff, 0xff, 
  0xff, 0x00, 0x00, 0x00, 0x00, 0x00, 0x00, 0x00, 0x00, 0x00, 0xff, 0xb0, 0xf4, 0xff, 0xff, 0xff, 
  0xff, 0xff, 0xff, 0x9d, 0x00, 0x00, 0x00, 0x00, 0x00, 0x00, 0x92, 0xff, 0xff, 0xe2, 0xa7, 0xad, 
  0x00, 0x00, 0xbe, 0xff, 0xff, 0xff, 0xff, 0xff, 0xd5, 0x00, 0x00, 0x00, 0x00, 0x11, 0x00, 0x00, 
  0x00, 0x00, 0x00, 0x2a, 0x00, 0x02, 0xf7, 0xff, 0xff, 0xff, 0xff, 0xff, 0xff, 0xff, 0x4f, 0x00, 
  0x00, 0x00, 0x00, 0x00, 0x00, 0x77, 0xb8, 0xff, 0xff, 0x63, 0x50, 0xe5, 0xff, 0xff, 0xff, 0xff, 
  0xff, 0xa4, 0x63, 0x00, 0x00, 0x00, 0x00, 0x00, 0x00, 0x00, 0x00, 0x00, 0x2a, 0x5e, 0xff, 0xff, 
  0xff, 0xff, 0xff, 0xff, 0xff, 0xfc, 0x00, 0x00, 0x00, 0x00, 0x00, 0x00, 0x63, 0xff, 0xff, 0xff, 
  0xff, 0x4f, 0x00, 0x00, 0x00, 0xad, 0xff, 0xff, 0xff, 0xff, 0xff, 0xff, 0x03, 0x00, 0x00, 0x00, 
  0x00, 0x00, 0x00, 0x00, 0x00, 0x36, 0x00, 0x21, 0xff, 0xff, 0xff, 0xff, 0xff, 0xff, 0xff, 0xff, 
  0x8e, 0x00, 0x00, 0x00, 0x00, 0x00, 0x00, 0x00, 0x12, 0x48, 0xda, 0xbb, 0x70, 0xff, 0xff, 0xff, 
  0xff, 0xff, 0xff, 0xff, 0x68, 0x00, 0x00, 0x00, 0x00, 0x00, 0x00, 0x00, 0x00, 0x00, 0x0d, 0x24, 
  0x42, 0xff, 0xff, 0xff, 0xff, 0xff, 0xff, 0xff, 0xff, 0x00, 0x00, 0x00, 0x00, 0x00, 0x00, 0xff, 
  0xff, 0xff, 0xff, 0xeb, 0x00, 0x00, 0x00, 0x00, 0xfd, 0xff, 0xff, 0xff, 0xff, 0xff, 0xf4, 0x3e, 
  0x00, 0x00, 0x00, 0x00, 0x00, 0x00, 0x00, 0x02, 0x6b, 0x92, 0xff, 0xff, 0xff, 0xff, 0xff, 0xff, 
  0xff, 0xff, 0x76, 0x00, 0x00, 0x00, 0x00, 0x00, 0x00, 0x50, 0x9f, 0xff, 0xff, 0xff, 0x7b, 0xeb, 
  0xff, 0xff, 0xff, 0xff, 0xff, 0xff, 0xca, 0x00, 0x00, 0x00, 0x00, 0x00, 0x00, 0x00, 0x4e, 0x2c, 
  0xb6, 0xb7, 0x27, 0x6c, 0xff, 0xff, 0xff, 0xff, 0xff, 0xff, 0xff, 0x05, 0x00, 0x00, 0x00, 0x00, 
  0x00, 0xff, 0xff, 0xff, 0xff, 0xca, 0x65, 0x00, 0x00, 0x00, 0xdb, 0xff, 0xff, 0xff, 0xff, 0xff, 
  0xff, 0xf5, 0x00, 0x00, 0x00, 0x00, 0x00, 0x00, 0x00, 0x3e, 0xff, 0xcd, 0xff, 0xff, 0xff, 0xff, 
  0xff, 0xff, 0xff, 0xff, 0xc2, 0x00, 0x00, 0x00, 0x00, 0x00, 0x21, 0x73, 0xff, 0xff, 0xff, 0xff, 
  0x48, 0x55, 0xf6, 0xff, 0xff, 0xff, 0xff, 0xff, 0xff, 0x8b, 0x00, 0x00, 0x00, 0x00, 0x00, 0x00, 
  0x1b, 0x83, 0x78, 0xed, 0xab, 0x00, 0x8a, 0xff, 0xff, 0xff, 0xff, 0xff, 0xff, 0xff, 0xc3, 0x00, 
  0x00, 0x00, 0x00, 0x00, 0x00, 0xb2, 0xe3, 0xff, 0xff, 0xd5, 0x33, 0x39, 0xcc, 0xff, 0xff, 0xff, 
  0xff, 0xff, 0xff, 0xf4, 0x00, 0x00, 0x00, 0x00, 0x00, 0x00, 0x00, 0x00, 0xff, 0xff, 0xff, 0xff, 
  0xff, 0xff, 0xff, 0xff, 0xff, 0xff, 0xeb, 0x00, 0x00, 0x00, 0x00, 0x00, 0x00, 0x8b, 0xff, 0xff, 
  0xff, 0xff, 0xf6, 0x00, 0x00, 0x67, 0xff, 0xff, 0xff, 0xff, 0xff, 0xff, 0x4e, 0x00, 0x00, 0x00, 
  0x00, 0x00, 0x00, 0x00, 0x30, 0xff, 0xff, 0x8f, 0x8e, 0xff, 0xff, 0xff, 0xff, 0xff, 0xff, 0xff, 
  0xd9, 0x00, 0x00, 0x00, 0x00, 0x00, 0x00, 0x00, 0xff, 0xff, 0xff, 0xff, 0xb0, 0x87, 0xed, 0xff, 
  0xff, 0xff, 0xff, 0xff, 0xff, 0xf8, 0x00, 0x00, 0x00, 0x00, 0x00, 0x00, 0x00, 0x22, 0xff, 0xff, 
  0xff, 0xff, 0xff, 0xff, 0xff, 0xff, 0xff, 0xff, 0xc3, 0x00, 0x00, 0x00, 0x00, 0x00, 0x00, 0xff, 
  0xff, 0xff, 0xff, 0xff, 0xc0, 0x00, 0x00, 0x14, 0xb3, 0xff, 0xff, 0xff, 0xff, 0xff, 0xff, 0x2b, 
  0x00, 0x00, 0x00, 0x00, 0x00, 0x00, 0x53, 0xad, 0xff, 0xff, 0xbb, 0xff, 0xff, 0xff, 0xff, 0xff, 
  0xff, 0xff, 0xcf, 0x16, 0x00, 0x00, 0x00, 0x00, 0x00, 0x00, 0xdb, 0xff, 0xff, 0xff, 0xff, 0x91, 
  0xd2, 0xdd, 0xff, 0xff, 0xff, 0xff, 0xff, 0xc7, 0x00, 0x00, 0x00, 0x00, 0x00, 0x00, 0x00, 0xff, 
  0xff, 0xff, 0xff, 0xde, 0xbe, 0xff, 0xff, 0xff, 0xff, 0xff, 0xff, 0x00, 0x00, 0x00, 0x00, 0x00, 
  0x00, 0xcc, 0xff, 0xff, 0xff, 0xff, 0xc3, 0x01, 0x00, 0x00, 0x98, 0xff, 0xff, 0xff, 0xff, 0xff, 
  0xff, 0xd5, 0x00, 0x00, 0x00, 0x00, 0x00, 0x00, 0x00, 0xc4, 0xff, 0xff, 0xff, 0xf6, 0xff, 0xff, 
  0xff, 0xff, 0xff, 0xff, 0xff, 0x80, 0x00, 0x00, 0x00, 0x00, 0x00, 0x00, 0x6e, 0xff, 0xff, 0xff, 
  0xff, 0xff, 0xb3, 0xff, 0xff, 0xff, 0xff, 0xff, 0xff, 0xff, 0x77, 0x00, 0x00, 0x00, 0x00, 0x00, 
  0x00, 0xff, 0xff, 0xff, 0xff, 0xff, 0x5c, 0x6e, 0xa5, 0xff, 0xff, 0xff, 0xff, 0xff, 0xff, 0x00, 
  0x00, 0x00, 0x00, 0x00, 0x45, 0xa7, 0xff, 0xff, 0xff, 0xff, 0x00, 0x00, 0x51, 0xff, 0xff, 0xff, 
  0xff, 0xff, 0xff, 0xff, 0x2a, 0x00, 0x00, 0x00, 0x00, 0x00, 0x00, 0x00, 0xff, 0xff, 0xff, 0xff, 
  0xff, 0xff, 0xff, 0xff, 0xff, 0xff, 0xff, 0x50, 0x50, 0x00, 0x00, 0x00, 0x00, 0x00, 0x36, 0xff, 
  0xff, 0xff, 0xff, 0xff, 0x41, 0x2e, 0xa6, 0xff, 0xff, 0xff, 0xff, 0xff, 0xff, 0x30, 0x00, 0x00, 
  0x00, 0x00, 0x00, 0x00, 0xfe, 0xff, 0xff, 0xff, 0xc7, 0x79, 0x8f, 0xff, 0xff, 0xff, 0xff, 0xff, 
  0xff, 0xff, 0x5f, 0x00, 0x00, 0x00, 0x00, 0x00, 0x00, 0x6e, 0xff, 0xff, 0xff, 0xbc, 0x64, 0xdc, 
  0xff, 0xff, 0xff, 0xff, 0xff, 0xff, 0xfe, 0x00, 0x00, 0x00, 0x00, 0x00, 0x00, 0x00, 0x00, 0xff, 
  0xff, 0xff, 0xff, 0xff, 0xff, 0xff, 0xff, 0xff, 0xff, 0xf1, 0x2c, 0x7c, 0x00, 0x00, 0x00, 0x00, 
  0x00, 0x0e, 0xff, 0xff, 0xff, 0xff, 0xff, 0x2d, 0x05, 0x95, 0xff, 0xff, 0xff, 0xff, 0xff, 0xff, 
  0xaa, 0x00, 0x00, 0x00, 0x00, 0x00, 0x00, 0x2c, 0xff, 0xff, 0xff, 0xda, 0xc3, 0xff, 0xff, 0xff, 
  0xff, 0xff, 0xff, 0xff, 0xc2, 0x00, 0x00, 0x00, 0x00, 0x00, 0x00, 0x00, 0xff, 0xff, 0xff, 0xff, 
  0xff, 0xd6, 0xac, 0xf0, 0xff, 0xff, 0xff, 0xff, 0xff, 0xff, 0x2d, 0x00, 0x00, 0x00, 0x00, 0x00, 
  0x00, 0x2d, 0xff, 0xff, 0xff, 0xff, 0xf6, 0x9a, 0xd0, 0xe7, 0xff, 0xff, 0xff, 0xff, 0x4f, 0x00, 
  0x00, 0x00, 0x00, 0x00, 0x00, 0x35, 0xfd, 0xff, 0xff, 0xff, 0xff, 0xff, 0xff, 0xff, 0xff, 0xff, 
  0xff, 0xff, 0xff, 0x97, 0x00, 0x00, 0x00, 0x00, 0x00, 0x00, 0x00, 0xc7, 0xff, 0xff, 0xff, 0xff, 
  0xff, 0xff, 0xff, 0xff, 0xff, 0xff, 0xff, 0xd7, 0x00, 0x00, 0x00, 0x00, 0x00, 0x00, 0x00, 0x2f, 
  0xff, 0xff, 0xff, 0xff, 0xff, 0xa9, 0x23, 0x0c, 0x00, 0xb1, 0x71, 0xd6, 0xff, 0xdb, 0x36, 0x00, 
  0x00, 0x00, 0x00, 0x00, 0x0c, 0x73, 0xff, 0xff, 0xff, 0xff, 0xff, 0xff, 0xff, 0xff, 0xff, 0xd1, 
  0x4a, 0x43, 0x00, 0x00, 0x00, 0x00, 0x00, 0x00, 0xc4, 0xff, 0xff, 0xff, 0xff, 0xb1, 0xfc, 0xff, 
  0xff, 0xff, 0xff, 0xff, 0xff, 0xff, 0xbc, 0x00, 0x00, 0x00, 0x00, 0x00, 0x00, 0x00, 0x6a, 0xff, 
  0xff, 0xff, 0xff, 0xff, 0xff, 0xa2, 0x73, 0x53, 0x73, 0xf4, 0xf5, 0x87, 0x00, 0x00, 0x00, 0x00, 
  0x00, 0x00, 0x06, 0xff, 0xff, 0xff, 0xff, 0xff, 0xff, 0x82, 0x83, 0x53, 0xad, 0xc6, 0x6b, 0x6e, 
  0x36, 0x00, 0x00, 0x00, 0x00, 0x00, 0x00, 0xab, 0xff, 0xff, 0xff, 0xff, 0xff, 0xff, 0xff, 0xff, 
  0xff, 0xff, 0xff, 0xff, 0x7a, 0x00, 0x00, 0x00, 0x00, 0x00, 0x00, 0x00, 0xcf, 0xff, 0xff, 0xff, 
  0xff, 0xff, 0xff, 0xff, 0xff, 0xff, 0xff, 0xff, 0xff, 0x82, 0x00, 0x00, 0x00, 0x00, 0x00, 0x00, 
  0x00, 0xc8, 0xff, 0xff, 0xff, 0xff, 0xff, 0x8b, 0x15, 0x00, 0x13, 0x00, 0x31, 0x84, 0x3b, 0x83, 
  0x00, 0x00, 0x00, 0x00, 0x00, 0xcf, 0xff, 0xff, 0xff, 0xff, 0xff, 0xff, 0xff, 0xff, 0xff, 0xf2, 
  0xff, 0xff, 0xf7, 0x08, 0x00, 0x00, 0x00, 0x00, 0x00, 0x00, 0xff, 0xff, 0xff, 0xff, 0xff, 0xff, 
  0xff, 0xff, 0xff, 0xff, 0xff, 0xff, 0xff, 0x44, 0x00, 0x00, 0x00, 0x00, 0x00, 0x00, 0x00, 0xff, 
  0xff, 0xff, 0xff, 0xff, 0xff, 0x8d, 0x23, 0x00, 0x00, 0x6e, 0xac, 0xff, 0xff, 0x70, 0x00, 0x00, 
  0x00, 0x00, 0x00, 0x00, 0xfe, 0xff, 0xff, 0xff, 0xff, 0xff, 0xd7, 0x4b, 0x00, 0x21, 0x95, 0x75, 
  0x1a, 0x51, 0x00, 0x00, 0x00, 0x00, 0x00, 0x00, 0xba, 0xff, 0xff, 0xff, 0xff, 0xff, 0xff, 0xff, 
  0xff, 0xff, 0xff, 0xff, 0xff, 0x94, 0x00, 0x00, 0x00, 0x00, 0x00, 0x00, 0x00, 0x8a, 0xff, 0xff, 
  0xff, 0xff, 0xff, 0xff, 0xff, 0xff, 0xff, 0xd6, 0xeb, 0xc9, 0x01, 0x00, 0x00, 0x00, 0x00, 0x00, 
  0x00, 0x00, 0xff, 0xff, 0xff, 0xff, 0xff, 0xff, 0x71, 0x00, 0x00, 0x00, 0x00, 0x46, 0xff, 0xff, 
  0x9a, 0x00, 0x00, 0x00, 0x00, 0x00, 0x13, 0xff, 0xff, 0xff, 0xff, 0xff, 0xff, 0xff, 0xff, 0xff, 
  0x95, 0xa4, 0xbd, 0x72, 0x3a, 0x00, 0x00, 0x00, 0x00, 0x00, 0x00, 0xff, 0xff, 0xff, 0xff, 0xff, 
  0xff, 0xff, 0xff, 0xff, 0xff, 0xff, 0xff, 0xff, 0x96, 0x00, 0x00, 0x00, 0x00, 0x00, 0x00, 0x00, 
  0xf6, 0xff, 0xff, 0xff, 0xff, 0xff, 0xff, 0x59, 0x07, 0x00, 0x48, 0xff, 0xff, 0xd4, 0x00, 0x00, 
  0x00, 0x00, 0x00, 0x00, 0x0f, 0xff, 0xff, 0xff, 0xff, 0xff, 0xff, 0x31, 0x00, 0x00, 0x00, 0x51, 
  0x34, 0xe7, 0xff, 0x50, 0x00, 0x00, 0x00, 0x00, 0x00, 0x00, 0xf6, 0xff, 0xff, 0xff, 0xff, 0xff, 
  0xff, 0xff, 0xff, 0xff, 0xd7, 0xff, 0x81, 0x00, 0x00, 0x00, 0x00, 0x00, 0x00, 0x52, 0xff, 0xff, 
  0xff, 0xff, 0xff, 0xff, 0xff, 0xff, 0xff, 0xff, 0xf9, 0xff, 0xff, 0x30, 0x00, 0x00, 0x00, 0x00, 
  0x00, 0x00, 0x00, 0xe4, 0xff, 0xff, 0xff, 0xff, 0xff, 0xcb, 0x00, 0x00, 0x00, 0x00, 0x09, 0xff, 
  0xff, 0xff, 0x59, 0x00, 0x00, 0x00, 0x00, 0x36, 0xff, 0xff, 0xff, 0xff, 0xff, 0xff, 0x6a, 0x55, 
  0x2e, 0x49, 0x9f, 0xff, 0xff, 0xea, 0x39, 0x00, 0x00, 0x00, 0x00, 0x00, 0x32, 0xff, 0xff, 0xff, 
  0xff, 0xff, 0xff, 0xff, 0xff, 0xff, 0xff, 0xff, 0xff, 0x3c, 0x00, 0x00, 0x00, 0x00, 0x00, 0x00, 
  0x00, 0xff, 0xff, 0xff, 0xff, 0xff, 0xff, 0xff, 0x76, 0x35, 0x17, 0x39, 0xc3, 0xff, 0xf7, 0x28, 
  0x00, 0x00, 0x00, 0x00, 0x00, 0x00, 0x44, 0xff, 0xff, 0xff, 0xff, 0xff, 0xff, 0x00, 0x00, 0x00, 
  0x00, 0x00, 0x8f, 0xff, 0xff, 0x99, 0x00, 0x00, 0x00, 0x00, 0x00, 0x00, 0xfc, 0xff, 0xff, 0xff, 
  0xff, 0xff, 0xff, 0xff, 0xd4, 0x4f, 0x9c, 0xe8, 0x35, 0x00, 0x00, 0x00, 0x00, 0x00, 0x00, 0x00, 
  0xff, 0xff, 0xff, 0xff, 0xff, 0xff, 0xff, 0xff, 0xff, 0x7c, 0x41, 0x8c, 0x00, 0x00, 0x00, 0x00, 
  0x00, 0x00, 0x00, 0x00, 0xff, 0xff, 0xff, 0xff, 0xff, 0xff, 0xf0, 0x00, 0x00, 0x00, 0x00, 0x25, 
  0xff, 0xff, 0xff, 0x3f, 0x00, 0x00, 0x00, 0x00, 0x00, 0x00, 0xff, 0xff, 0xff, 0xff, 0xff, 0xff, 
  0x2d, 0x00, 0x00, 0x00, 0x00, 0x65, 0xfd, 0xff, 0x9e, 0x0d, 0x00, 0x00, 0x00, 0x00, 0x00, 0x00, 
  0xe9, 0xff, 0xff, 0xff, 0xff, 0xff, 0xff, 0xff, 0xdb, 0xab, 0x7c, 0x00, 0x00, 0x00, 0x00, 0x00, 
  0x00, 0x00, 0x00, 0xee, 0xff, 0xff, 0xff, 0xff, 0xff, 0xff, 0xa8, 0x00, 0x00, 0x10, 0x95, 0x73, 
  0x00, 0x00, 0x00, 0x00, 0x00, 0x00, 0x00, 0xfb, 0xff, 0xff, 0xff, 0xff, 0xff, 0xa5, 0x00, 0x00, 
  0x00, 0x00, 0x00, 0xdd, 0xff, 0xff, 0xff, 0x2e, 0x00, 0x00, 0x00, 0x00, 0x00, 0x7e, 0xff, 0xff, 
  0xff, 0xff, 0xff, 0xff, 0x99, 0x65, 0x48, 0x78, 0x47, 0x90, 0x59, 0x00, 0x00, 0x00, 0x00, 0x00, 
  0x00, 0x00, 0xff, 0xff, 0xff, 0xff, 0xff, 0xff, 0xff, 0xf3, 0x32, 0x11, 0x7a, 0x6e, 0x00, 0x00, 
  0x00, 0x00, 0x00, 0x00, 0x00, 0x00, 0xff, 0xff, 0xff, 0xff, 0xff, 0xff, 0xff, 0x00, 0x00, 0x00, 
  0x00, 0x10, 0xff, 0xff, 0x8d, 0x00, 0x00, 0x00, 0x00, 0x00, 0x00, 0xff, 0xff, 0xff, 0xff, 0xff, 
  0xff, 0x24, 0x00, 0x00, 0x00, 0x00, 0xbf, 0xff, 0xff, 0xf7, 0x00, 0x00, 0x00, 0x00, 0x00, 0x00, 
  0x1e, 0xff, 0xff, 0xff, 0xff, 0xff, 0xff, 0xff, 0xce, 0x40, 0x25, 0x00, 0x00, 0x00, 0x00, 0x00, 
  0x00, 0x00, 0x00, 0x00, 0x98, 0xff, 0xff, 0xff, 0xff, 0xff, 0xff, 0xc5, 0x00, 0x00, 0x00, 0x00, 
  0x97, 0x3a, 0x00, 0x00, 0x00, 0x00, 0x00, 0x00, 0x1e, 0xff, 0xff, 0xff, 0xff, 0xff, 0xff, 0xf4, 
  0x00, 0x00, 0x00, 0x00, 0x27, 0xff, 0xff, 0xd4, 0x2c, 0x00, 0x00, 0x00, 0x00, 0x00, 0x81, 0xff, 
  0xff, 0xff, 0xff, 0xff, 0xff, 0x9f, 0x00, 0x00, 0x00, 0x29, 0xcf, 0xba, 0x00, 0x00, 0x00, 0x00, 
  0x00, 0x00, 0x00, 0xb9, 0xff, 0xff, 0xff, 0xff, 0xff, 0xff, 0xff, 0x37, 0x00, 0x00, 0x00, 0x00, 
  0x00, 0x00, 0x00, 0x00, 0x00, 0x00, 0x7e, 0xff, 0xff, 0xff, 0xff, 0xff, 0xff, 0x5e, 0x00, 0x00, 
  0x00, 0x00, 0x69, 0xff, 0xff, 0xff, 0x4f, 0x00, 0x00, 0x00, 0x00, 0x00, 0xff, 0xff, 0xff, 0xff, 
  0xff, 0xff, 0x11, 0x00, 0x00, 0x00, 0x00, 0x4f, 0xff, 0xff, 0xd4, 0x00, 0x00, 0x00, 0x00, 0x00, 
  0x00, 0x14, 0xff, 0xff, 0xff, 0xff, 0xff, 0xff, 0xff, 0x71, 0x7a, 0x69, 0xbc, 0x56, 0x00, 0x00, 
  0x00, 0x00, 0x00, 0x00, 0x00, 0xb6, 0xff, 0xff, 0xff, 0xff, 0xff, 0xff, 0xff, 0x80, 0x00, 0x44, 
  0x9b, 0x00, 0x00, 0x00, 0x00, 0x00, 0x00, 0x00, 0x00, 0xff, 0xff, 0xff, 0xff, 0xff, 0xff, 0xff, 
  0x0e, 0x00, 0x00, 0x00, 0x00, 0x7e, 0xff, 0xff, 0xff, 0xc2, 0x00, 0x00, 0x00, 0x00, 0x00, 0x00, 
  0xf7, 0xff, 0xff, 0xff, 0xff, 0xff, 0x95, 0x2a, 0x00, 0x00, 0x41, 0xfe, 0xff, 0x82, 0x00, 0x00, 
  0x00, 0x00, 0x00, 0x00, 0x19, 0xfa, 0xff, 0xff, 0xff, 0xff, 0xff, 0xff, 0xa2, 0x00, 0x00, 0x23, 
  0x00, 0x00, 0x00, 0x00, 0x00, 0x00, 0x00, 0x00, 0xae, 0xff, 0xff, 0xff, 0xff, 0xff, 0xff, 0x7b, 
  0x00, 0x00, 0x00, 0x2f, 0x2f, 0x00, 0x00, 0x00, 0x00, 0x00, 0x00, 0x00, 0xe4, 0xff, 0xff, 0xff, 
  0xff, 0xff, 0xd1, 0x00, 0x00, 0x00, 0x00, 0x00, 0x20, 0xff, 0xff, 0xff, 0xff, 0x00, 0x00, 0x00, 
  0x00, 0x00, 0x00, 0x5e, 0xff, 0xff, 0xff, 0xff, 0xff, 0xff, 0x9a, 0x00, 0x00, 0x00, 0x00, 0x11, 
  0x00, 0x00, 0x00, 0x00, 0x00, 0x00, 0x00, 0xe2, 0xff, 0xff, 0xff, 0xff, 0xff, 0xff, 0xff, 0x33, 
  0x00, 0x00, 0x00, 0x00, 0x00, 0x00, 0x00, 0x00, 0x00, 0x00, 0x00, 0xff, 0xff, 0xff, 0xff, 0xff, 
  0xff, 0xff, 0x3d, 0x00, 0x00, 0x00, 0x00, 0xb7, 0xe1, 0xe8, 0x13, 0x00, 0x00, 0x00, 0x00, 0x00, 
  0x3f, 0xff, 0xff, 0xff, 0xff, 0xff, 0x5d, 0x00, 0x00, 0x00, 0x00, 0x7b, 0xff, 0xff, 0xff, 0x00, 
  0x00, 0x00, 0x00, 0x00, 0x00, 0x00, 0xcb, 0xff, 0xff, 0xff, 0xff, 0xff, 0xff, 0xff, 0x00, 0x00, 
  0x00, 0x00, 0x00, 0x00, 0x00, 0x00, 0x00, 0x00, 0x00, 0x8d, 0xff, 0xff, 0xff, 0xff, 0xff, 0xff, 
  0xff, 0x3c, 0x00, 0x00, 0x00, 0x00, 0x00, 0x00, 0x00, 0x00, 0x00, 0x00, 0x00, 0x52, 0xff, 0xff, 
  0xff, 0xff, 0xff, 0xff, 0xff, 0x11, 0x00, 0x00, 0x00, 0x00, 0x00, 0xff, 0xff, 0xdc, 0x6f, 0x00, 
  0x00, 0x00, 0x00, 0x00, 0x99, 0xff, 0xff, 0xff, 0xff, 0xff, 0xff, 0x31, 0x03, 0x00, 0x3b, 0x8b, 
  0x92, 0x02, 0x00, 0x00, 0x00, 0x00, 0x00, 0x00, 0x53, 0xff, 0xff, 0xff, 0xff, 0xff, 0xff, 0xff, 
  0xd0, 0x0a, 0x00, 0x00, 0x00, 0x00, 0x00, 0x00, 0x00, 0x00, 0x02, 0x2f, 0xfc, 0xff, 0xff, 0xff, 
  0xff, 0xff, 0xff, 0xd7, 0x00, 0x00, 0x00, 0x00, 0x00, 0xdc, 0xff, 0xe4, 0x62, 0x00, 0x00, 0x00, 
  0x00, 0x14, 0xea, 0xff, 0xff, 0xff, 0xff, 0xff, 0xff, 0x00, 0x00, 0x00, 0x00, 0x00, 0x8d, 0xff, 
  0xff, 0xa3, 0x11, 0x00, 0x00, 0x00, 0x00, 0x00, 0x91, 0xff, 0xff, 0xff, 0xff, 0xff, 0xff, 0x9b, 
  0x3a, 0x00, 0x00, 0x00, 0x00, 0x00, 0x00, 0x00, 0x00, 0x00, 0x00, 0xc2, 0xff, 0xff, 0xff, 0xff, 
  0xff, 0xff, 0xff, 0xd9, 0x00, 0x00, 0x00, 0x00, 0x00, 0x00, 0x00, 0x25, 0x00, 0xce, 0xff, 0xff, 
  0xff, 0xff, 0xff, 0xff, 0xff, 0xff, 0xff, 0x00, 0x00, 0x00, 0x00, 0x00, 0xb5, 0xff, 0xff, 0xff, 
  0xa0, 0x5d, 0x11, 0x00, 0x00, 0x24, 0xb4, 0xff, 0xff, 0xff, 0xff, 0xff, 0xf0, 0x00, 0x00, 0x00, 
  0x00, 0x00, 0x00, 0x9c, 0xd5, 0xc7, 0x81, 0x41, 0x3e, 0x00, 0x00, 0xdb, 0xff, 0xff, 0xff, 0xff, 
  0xff, 0xff, 0xff, 0x00, 0x00, 0x00, 0x00, 0x00, 0x00, 0x00, 0x00, 0xa0, 0xd8, 0xd9, 0xff, 0xff, 
  0xff, 0xff, 0xff, 0xff, 0xff, 0x9c, 0x00, 0x00, 0x00, 0x00, 0x00, 0x00, 0x00, 0x80, 0xff, 0xff, 
  0xff, 0xff, 0xff, 0xff, 0xff, 0xff, 0xff, 0xff, 0xff, 0xff, 0x00, 0x00, 0x00, 0x00, 0x00, 0x41, 
  0xff, 0xff, 0xff, 0xff, 0xa5, 0x00, 0x00, 0x00, 0x00, 0x90, 0xff, 0xff, 0xff, 0xff, 0xff, 0xff, 
  0x59, 0x00, 0x00, 0x00, 0x00, 0x00, 0x00, 0x75, 0xff, 0xff, 0xc7, 0xab, 0x25, 0xe2, 0xff, 0xff, 
  0xff, 0xff, 0xff, 0xff, 0xf6, 0x00, 0x00, 0x00, 0x00, 0x00, 0x00, 0x00, 0x00, 0xb4, 0x9a, 0xf8, 
  0xff, 0xff, 0xff, 0xff, 0xff, 0xff, 0xff, 0xff, 0x25, 0x00, 0x00, 0x00, 0x00, 0x00, 0x0a, 0xff, 
  0xff, 0xff, 0xff, 0xea, 0x1d, 0x00, 0x00, 0x00, 0xed, 0xff, 0xff, 0xff, 0xff, 0xff, 0x72, 0x00, 
  0x00, 0x00, 0x00, 0x00, 0x28, 0x88, 0xa4, 0x5a, 0x5f, 0x1b, 0x00, 0x60, 0xff, 0xff, 0xff, 0xff, 
  0xff, 0xff, 0xff, 0xe7, 0x00, 0x00, 0x00, 0x00, 0x00, 0x00, 0x00, 0xea, 0xff, 0xff, 0xff, 0xff, 
  0xff, 0xff, 0xff, 0xff, 0xff, 0xff, 0xd8, 0x00, 0x00, 0x00, 0x00, 0x00, 0x00, 0x00, 0x17, 0xff, 
  0xff, 0xff, 0xff, 0xdc, 0xfc, 0xff, 0xff, 0xff, 0xff, 0xff, 0xff, 0xbc, 0x00, 0x00, 0x00, 0x00, 
  0x00, 0x00, 0xf7, 0xff, 0xff, 0xff, 0xff, 0xb7, 0x00, 0x00, 0x00, 0x90, 0xff, 0xff, 0xff, 0xff, 
  0xff, 0xda, 0x00, 0x00, 0x00, 0x00, 0x00, 0x00, 0x00, 0xff, 0xff, 0xff, 0x96, 0x60, 0xe9, 0xff, 
  0xff, 0xff, 0xff, 0xff, 0xff, 0xff, 0x00, 0x00, 0x00, 0x00, 0x00, 0x00, 0x00, 0x00, 0xff, 0xff, 
  0xff, 0xff, 0xff, 0xff, 0xff, 0xff, 0xff, 0xff, 0xff, 0xaa, 0x00, 0x00, 0x00, 0x00, 0x00, 0x00, 
  0x74, 0xff, 0xff, 0xff, 0xff, 0xd9, 0x00, 0x00, 0x3d, 0xd7, 0xff, 0xff, 0xff, 0xff, 0xff, 0x27, 
  0x00, 0x00, 0x00, 0x00, 0x00, 0x7b, 0xff, 0xff, 0xff, 0xff, 0xff, 0x00, 0x00, 0x00, 0x95, 0xff, 
  0xff, 0xff, 0xff, 0xff, 0xf7, 0x00, 0x00, 0x00, 0x00, 0x00, 0x00, 0x00, 0xf2, 0xff, 0xff, 0xff, 
  0xff, 0xff, 0xff, 0xff, 0xff, 0xff, 0xff, 0xfb, 0x00, 0x00, 0x00, 0x00, 0x00, 0x00, 0x00, 0x00, 
  0xff, 0xff, 0xff, 0xff, 0xff, 0x38, 0xce, 0xff, 0xfd, 0xff, 0xff, 0xff, 0xff, 0x2e, 0x00, 0x00, 
  0x00, 0x00, 0x00, 0x54, 0xff, 0xff, 0xff, 0xff, 0xf6, 0x2e, 0x00, 0x00, 0x8a, 0xe4, 0xff, 0xff, 
  0xff, 0xff, 0xf4, 0x00, 0x00, 0x00, 0x00, 0x00, 0x00, 0x5d, 0xff, 0xff, 0xff, 0xff, 0x74, 0x61, 
  0xb4, 0xf7, 0xff, 0xff, 0xff, 0xff, 0xff, 0x63, 0x00, 0x00, 0x00, 0x00, 0x00, 0x00, 0x00, 0xff, 
  0xff, 0xff, 0xff, 0xff, 0xff, 0xff, 0xff, 0xff, 0xff, 0xff, 0x0c, 0x00, 0x00, 0x00, 0x00, 0x00, 
  0x00, 0x00, 0xff, 0xff, 0xff, 0xff, 0xff, 0x7d, 0x00, 0x00, 0x00, 0x82, 0xff, 0xff, 0xff, 0xff, 
  0x5b, 0x00, 0x00, 0x00, 0x00, 0x00, 0x7f, 0xff, 0xff, 0xff, 0xff, 0xd0, 0x00, 0x00, 0x00, 0x3b, 
  0xf4, 0xff, 0xff, 0xff, 0xff, 0xf0, 0x00, 0x00, 0x00, 0x00, 0x00, 0x00, 0x00, 0xce, 0xff, 0xff, 
  0xff, 0xff, 0xff, 0xff, 0xff, 0xff, 0xff, 0xff, 0xff, 0x4e, 0x00, 0x00, 0x00, 0x00, 0x00, 0x00, 
  0x42, 0xff, 0xff, 0xff, 0xff, 0xff, 0xff, 0xaf, 0x9c, 0xff, 0xff, 0xff, 0xff, 0x81, 0x00, 0x00, 
  0x00, 0x00, 0x00, 0x00, 0x93, 0xff, 0xff, 0xff, 0xff, 0xff, 0x38, 0x00, 0x00, 0x00, 0x09, 0xd2, 
  0xff, 0xff, 0xff, 0xff, 0x00, 0x00, 0x00, 0x00, 0x00, 0x00, 0x56, 0xff, 0xff, 0xff, 0xff, 0x7e, 
  0x33, 0x44, 0xa4, 0xff, 0xff, 0xff, 0xff, 0xff, 0x4c, 0x00, 0x00, 0x00, 0x00, 0x00, 0x00, 0x96, 
  0xff, 0xff, 0xff, 0xff, 0xff, 0xff, 0xff, 0xff, 0xb4, 0xb3, 0xa0, 0x00, 0x00, 0x00, 0x00, 0x00, 
  0x00, 0x00, 0x00, 0xff, 0xff, 0xff, 0xff, 0xff, 0xee, 0x1e, 0x00, 0x4d, 0xe3, 0xf9, 0xff, 0xdd, 
  0x22, 0x00, 0x00, 0x00, 0x00, 0x00, 0x00, 0xff, 0xff, 0xff, 0xff, 0xff, 0xc5, 0x00, 0x00, 0x00, 
  0x00, 0x78, 0xe2, 0xff, 0xff, 0xff, 0xff, 0x00, 0x00, 0x00, 0x00, 0x00, 0x00, 0x2b, 0xff, 0xff, 
  0xff, 0xff, 0xff, 0xff, 0xff, 0xff, 0xff, 0xff, 0xff, 0x96, 0x00, 0x00, 0x00, 0x00, 0x00, 0x00, 
  0x00, 0x39, 0xff, 0xff, 0xff, 0xff, 0xff, 0xff, 0xff, 0x88, 0x5c, 0x3f, 0x65, 0x77, 0x16, 0x00, 
  0x00, 0x00, 0x00, 0x00, 0x00, 0xff, 0xff, 0xff, 0xff, 0xff, 0xff, 0x7b, 0x00, 0x00, 0x00, 0x8a, 
  0xff, 0xff, 0xff, 0x78, 0x00, 0x00, 0x00, 0x00, 0x00, 0x00, 0xcd, 0xff, 0xff, 0xff, 0xff, 0xff, 
  0x00, 0x00, 0x00, 0x00, 0x7d, 0xff, 0xff, 0xff, 0xff, 0x2a, 0x00, 0x00, 0x00, 0x00, 0x00, 0x00, 
  0x20, 0xff, 0xff, 0xff, 0xff, 0xff, 0xff, 0xff, 0xff, 0xff, 0xd2, 0x2b, 0x00, 0x00, 0x00, 0x00, 
  0x00, 0x00, 0x00, 0xff, 0xff, 0xff, 0xff, 0xff, 0xff, 0xff, 0x1e, 0x00, 0x00, 0x7d, 0xff, 0xff, 
  0xbc, 0x0c, 0x00, 0x00, 0x00, 0x00, 0x00, 0x00, 0xff, 0xff, 0xff, 0xff, 0xff, 0xff, 0x00, 0x00, 
  0x00, 0x00, 0xca, 0xff, 0xff, 0xff, 0xff, 0x1c, 0x00, 0x00, 0x00, 0x00, 0x00, 0x53, 0xff, 0xff, 
  0xff, 0xff, 0xff, 0xff, 0xf5, 0xf2, 0xda, 0xe9, 0xff, 0xff, 0x67, 0x00, 0x00, 0x00, 0x00, 0x00, 
  0x00, 0x00, 0xb6, 0xff, 0xff, 0xff, 0xff, 0xff, 0xff, 0xff, 0xff, 0xff, 0x6e, 0x56, 0x00, 0x00, 
  0x00, 0x00, 0x00, 0x00, 0x00, 0xff, 0xff, 0xff, 0xff, 0xff, 0xff, 0xe2, 0x00, 0x00, 0x00, 0x69, 
  0xc1, 0xff, 0xff, 0xff, 0x9b, 0x00, 0x00, 0x00, 0x00, 0x00, 0x45, 0xff, 0xff, 0xff, 0xff, 0xff, 
  0x53, 0x00, 0x00, 0x5f, 0xff, 0xcf, 0xcc, 0xff, 0xff, 0x32, 0x00, 0x00, 0x00, 0x00, 0x00, 0x98, 
  0x9d, 0xff, 0xff, 0xff, 0xff, 0xff, 0xff, 0xff, 0xff, 0xff, 0xb4, 0x90, 0x33, 0x00, 0x00, 0x00, 
  0x00, 0x00, 0x00, 0x0e, 0xff, 0xff, 0xff, 0xff, 0xff, 0xff, 0xe2, 0x68, 0x94, 0xff, 0xff, 0xff, 
  0xcb, 0x00, 0x00, 0x00, 0x00, 0x00, 0x00, 0x00, 0xff, 0xff, 0xff, 0xff, 0xff, 0xa9, 0x00, 0x00, 
  0x00, 0x00, 0x72, 0xd7, 0xff, 0xff, 0xff, 0xc5, 0x00, 0x00, 0x00, 0x00, 0x00, 0x00, 0x00, 0xff, 
  0xff, 0xff, 0xff, 0xff, 0xff, 0xff, 0xed, 0xff, 0x86, 0x79, 0x80, 0x00, 0x00, 0x00, 0x00, 0x00, 
  0x00, 0x00, 0x4a, 0xff, 0xff, 0xff, 0xff, 0xff, 0xff, 0xff, 0xff, 0xec, 0x57, 0xaa, 0x5c, 0x00, 
  0x00, 0x00, 0x00, 0x00, 0x00, 0x00, 0x72, 0xff, 0xff, 0xff, 0xff, 0xff, 0xff, 0x28, 0x00, 0x00, 
  0x6c, 0x81, 0xff, 0xff, 0xb3, 0x00, 0x00, 0x00, 0x00, 0x00, 0x00, 0xe7, 0xff, 0xff, 0xff, 0xff, 
  0xff, 0x7f, 0x3d, 0x1e, 0x5a, 0x6f, 0xd7, 0xff, 0xff, 0xd6, 0x00, 0x00, 0x00, 0x00, 0x00, 0x00, 
  0x00, 0x88, 0xff, 0xff, 0xff, 0xff, 0xff, 0xff, 0xff, 0xff, 0x3e, 0x00, 0x00, 0x00, 0x00, 0x00, 
  0x00, 0x00, 0x00, 0x00, 0xb2, 0xff, 0xff, 0xff, 0xff, 0xff, 0xff, 0xff, 0x71, 0x0e, 0x00, 0xa0, 
  0xd6, 0x63, 0x00, 0x00, 0x00, 0x00, 0x00, 0x00, 0x00, 0xff, 0xff, 0xff, 0xff, 0xff, 0xff, 0xff, 
  0x00, 0x00, 0x00, 0x00, 0x87, 0xff, 0xff, 0xff, 0xd2, 0x2b, 0x00, 0x00, 0x00, 0x00, 0x00, 0x00, 
  0xff, 0xff, 0xff, 0xff, 0xff, 0xff, 0xff, 0xff, 0xff, 0xff, 0xf3, 0x37, 0x00, 0x00, 0x00, 0x00, 
  0x00, 0x00, 0x00, 0xb7, 0xff, 0xff, 0xff, 0xff, 0xff, 0xff, 0xff, 0xff, 0x52, 0x2f, 0x00, 0x00, 
  0x00, 0x00, 0x00, 0x00, 0x00, 0x00, 0x00, 0xea, 0xff, 0xff, 0xff, 0xff, 0xff, 0xff, 0x46, 0x00, 
  0x00, 0x00, 0xba, 0xe7, 0xbb, 0x06, 0x00, 0x00, 0x00, 0x00, 0x00, 0x00, 0xca, 0xff, 0xff, 0xff, 
  0xff, 0xff, 0xff, 0x00, 0x00, 0x00, 0x00, 0x00, 0x52, 0xff, 0xff, 0xff, 0x49, 0x00, 0x00, 0x00, 
  0x00, 0x00, 0x00, 0x86, 0xff, 0xff, 0xff, 0xff, 0xff, 0xff, 0x89, 0xff, 0xff, 0x1d, 0x00, 0x00, 
  0x00, 0x00, 0x00, 0x00, 0x00, 0x1b, 0xff, 0xff, 0xff, 0xff, 0xff, 0xff, 0xff, 0xcc, 0x00, 0x00, 
  0x57, 0x00, 0x00, 0x00, 0x00, 0x00, 0x00, 0x00, 0x00, 0x00, 0xff, 0xff, 0xff, 0xff, 0xff, 0xff, 
  0xff, 0x01, 0x00, 0x00, 0x00, 0xaf, 0xee, 0xd2, 0x73, 0x00, 0x00, 0x00, 0x00, 0x00, 0x00, 0x2d, 
  0xff, 0xff, 0xff, 0xff, 0xff, 0xff, 0xff, 0x00, 0x00, 0x00, 0x00, 0x00, 0x3c, 0x98, 0x46, 0x1b, 
  0x00, 0x00, 0x00, 0x00, 0x00, 0x94, 0xff, 0xff, 0xff, 0xff, 0xff, 0xff, 0x5a, 0x6a, 0x77, 0x00, 
  0x00, 0x00, 0x00, 0x00, 0x00, 0x00, 0x00, 0x10, 0xff, 0xff, 0xff, 0xff, 0xff, 0xff, 0xff, 0x00, 
  0x00, 0x00, 0x00, 0x00, 0xc0, 0xfc, 0x81, 0x1c, 0x00, 0x00, 0x00, 0x00, 0x00, 0xc8, 0xff, 0xff, 
  0xff, 0xff, 0xff, 0xff, 0x00, 0x00, 0x00, 0x00, 0x00, 0xdf, 0xff, 0x88, 0x02, 0x00, 0x00, 0x00, 
  0x00, 0x00, 0x70, 0xff, 0xff, 0xff, 0xff, 0xff, 0xff, 0xd2, 0x00, 0x00, 0x00, 0x0c, 0x00, 0x00, 
  0x00, 0x00, 0x00, 0x00, 0x00, 0x00, 0x73, 0xff, 0xff, 0xff, 0xff, 0xff, 0xff, 0xff, 0x00, 0x00, 
  0x00, 0x00, 0x00, 0x00, 0x00, 0x00, 0x00, 0x00, 0x00, 0x00, 0xee, 0xff, 0xff, 0xff, 0xff, 0xff, 
  0xff, 0xff, 0x00, 0x00, 0x00, 0x00, 0x25, 0x32, 0xff, 0xc7, 0x7e, 0x00, 0x00, 0x00, 0x00, 0x00, 
  0xff, 0xff, 0xff, 0xff, 0xff, 0xff, 0xde, 0x00, 0x00, 0x00, 0xa0, 0x00, 0x00, 0x00, 0x00, 0x00, 
  0x00, 0x00, 0x00, 0x00, 0xa3, 0xff, 0xff, 0xff, 0xff, 0xff, 0xff, 0x4d, 0x00, 0x00, 0x00, 0x00, 
  0x00, 0x00, 0x00, 0x00, 0x00, 0x00, 0x00, 0x00, 0xc6, 0xff, 0xff, 0xff, 0xff, 0xff, 0xff, 0xff, 
  0x00, 0x00, 0x00, 0x00, 0xa5, 0x7e, 0x63, 0x00, 0x00, 0x00, 0x00, 0x00, 0x00, 0xa6, 0xff, 0xff, 
  0xff, 0xff, 0xff, 0xff, 0x00, 0x00, 0x00, 0x00, 0x00, 0x2e, 0xff, 0xff, 0xff, 0x9e, 0x00, 0x00, 
  0x00, 0x00, 0x00, 0xff, 0xff, 0xff, 0xff, 0xff, 0xff, 0xff, 0x04, 0x00, 0x00, 0x45, 0x00, 0x00, 
  0x00, 0x00, 0x00, 0x00, 0x00, 0x00, 0x6f, 0xff, 0xff, 0xff, 0xff, 0xff, 0xff, 0xff, 0x00, 0x00, 
  0x00, 0x00, 0x00, 0x00, 0x00, 0x00, 0x00, 0x00, 0x00, 0x00, 0xa5, 0xff, 0xff, 0xff, 0xff, 0xff, 
  0xff, 0xff, 0x00, 0x00, 0x00, 0x00, 0x00, 0x24, 0xbd, 0xb3, 0x00, 0x65, 0x3f, 0x00, 0x00, 0x00, 
  0xfa, 0xff, 0xff, 0xff, 0xff, 0xff, 0xff, 0x00, 0x00, 0x00, 0x00, 0x00, 0x00, 0xbe, 0xfd, 0xdd, 
  0xff, 0x7c, 0x0b, 0x00, 0x00, 0x24, 0xe3, 0xff, 0xff, 0xff, 0xff, 0xff, 0x4d, 0x00, 0x23, 0x8d, 
  0x11, 0x00, 0x00, 0x00, 0x00, 0x00, 0x00, 0x00, 0x7e, 0xff, 0xff, 0xff, 0xff, 0xff, 0xff, 0xff, 
  0x2f, 0x00, 0x00, 0x00, 0x00, 0x00, 0x00, 0x00, 0x00, 0x00, 0x00, 0x00, 0x7f, 0xeb, 0xff, 0xff, 
  0xff, 0xff, 0xff, 0xff, 0x58, 0x00, 0x00, 0x00, 0x00, 0x07, 0x00, 0x7c, 0x8d, 0xa3, 0xff, 0x9f, 
  0x37, 0x03, 0x5f, 0xff, 0xff, 0xff, 0xff, 0xff, 0xff, 0xea, 0x02, 0x00, 0x00, 0x00, 0x00, 0x00, 
  0x00, 0x00, 0x00, 0x00, 0x00, 0x00, 0x49, 0xff, 0xff, 0xff, 0xff, 0xff, 0xff, 0xff, 0x00, 0x00, 
  0x00, 0x00, 0x00, 0x00, 0x00, 0x00, 0x00, 0x00, 0x00, 0x00, 0x00, 0xff, 0xff, 0xff, 0xff, 0xff, 
  0xff, 0xff, 0xff, 0x03, 0x00, 0x00, 0x00, 0x00, 0x00, 0x1f, 0xff, 0xfd, 0xec, 0xc9, 0x94, 0x4b, 
  0x84, 0xff, 0xff, 0xff, 0xff, 0xff, 0xff, 0x2a, 0x00, 0x00, 0x00, 0x00, 0x00, 0x3e, 0x44, 0x4a, 
  0xc1, 0xd9, 0xf7, 0x55, 0x13, 0xff, 0xff, 0xff, 0xff, 0xff, 0xff, 0x6a, 0x00, 0x00, 0x00, 0x00, 
  0x00, 0x00, 0x00, 0x00, 0x00, 0x00, 0x00, 0x00, 0x36, 0xff, 0xff, 0xff, 0xff, 0xff, 0xff, 0xff, 
  0xc3, 0x07, 0x00, 0x00, 0x00, 0x00, 0x00, 0x00, 0x00, 0x00, 0x00, 0x00, 0x00, 0xc0, 0xff, 0xff, 
  0xff, 0xff, 0xff, 0xff, 0xff, 0x8f, 0x00, 0x00, 0x00, 0x00, 0x00, 0x00, 0x42, 0xff, 0xff, 0xff, 
  0xff, 0x27, 0x00, 0x5f, 0xff, 0xff, 0xff, 0xff, 0xff, 0xf2, 0xb8, 0x00, 0x00, 0x00, 0x00, 0x14, 
  0x00, 0xb0, 0xfc, 0x6a, 0xf1, 0x0d, 0x21, 0x9e, 0xff, 0xff, 0xff, 0xff, 0xff, 0xff, 0xbd, 0x00, 
  0x00, 0x00, 0x00, 0x00, 0x00, 0x00, 0x80, 0x79, 0x8c, 0x7f, 0x00, 0xa2, 0xff, 0xff, 0xff, 0xff, 
  0xff, 0xff, 0xff, 0xb6, 0x00, 0x00, 0x00, 0x00, 0x00, 0x00, 0x00, 0x54, 0xe5, 0x9e, 0xff, 0xc8, 
  0xff, 0xff, 0xff, 0xff, 0xff, 0xff, 0xff, 0xff, 0x32, 0x00, 0x00, 0x00, 0x00, 0x00, 0x00, 0x9d, 
  0xff, 0xff, 0xff, 0xff, 0xff, 0x00, 0x78, 0x69, 0xff, 0xff, 0xff, 0xff, 0xcf, 0xb2, 0x00, 0x00, 
  0x00, 0x00, 0x00, 0x00, 0x00, 0x43, 0xcc, 0xff, 0xc8, 0xff, 0xff, 0xff, 0xff, 0xff, 0xff, 0xff, 
  0xba, 0xa0, 0x00, 0x00, 0x00, 0x00, 0x00, 0x00, 0x6e, 0xde, 0xc4, 0xf8, 0xa5, 0x2f, 0xe2, 0xff, 
  0xff, 0xff, 0xff, 0xff, 0xff, 0xff, 0x6d, 0x00, 0x00, 0x00, 0x00, 0x00, 0x00, 0x00, 0xb9, 0xff, 
  0xff, 0xff, 0xff, 0xee, 0xff, 0xff, 0xff, 0xff, 0xff, 0xff, 0xf8, 0x00, 0x00, 0x00, 0x00, 0x00, 
  0x00, 0x57, 0xff, 0xff, 0xff, 0xff, 0xff, 0xc5, 0x76, 0xa5, 0xff, 0xff, 0xff, 0xff, 0xe9, 0x48, 
  0x00, 0x00, 0x00, 0x00, 0x00, 0x00, 0x00, 0x3d, 0x9d, 0xea, 0x99, 0xac, 0xff, 0xff, 0xff, 0xff, 
  0xff, 0xff, 0xff, 0xdd, 0x00, 0x00, 0x00, 0x00, 0x00, 0x00, 0x00, 0xc4, 0xff, 0xff, 0xff, 0xff, 
  0x8d, 0x47, 0xf0, 0xff, 0xff, 0xff, 0xff, 0xff, 0xff, 0x39, 0x00, 0x00, 0x00, 0x00, 0x00, 0x00, 
  0x2f, 0xff, 0xff, 0xff, 0xff, 0xff, 0xd4, 0xff, 0x6a, 0xff, 0xe9, 0xb6, 0xff, 0x00, 0x00, 0x00, 
  0x00, 0x00, 0x00, 0x00, 0xc0, 0xff, 0xff, 0xff, 0xff, 0xff, 0xaf, 0xff, 0xff, 0xff, 0xff, 0xff, 
  0xff, 0xff, 0x00, 0x00, 0x00, 0x00, 0x00, 0x00, 0x0a, 0xb7, 0x88, 0xff, 0xff, 0xea, 0xff, 0xff, 
  0xff, 0xff, 0xff, 0xff, 0xff, 0xff, 0x30, 0x00, 0x00, 0x00, 0x00, 0x00, 0x00, 0x00, 0x5d, 0xff, 
  0xff, 0xff, 0xff, 0xff, 0x00, 0x00, 0x00, 0x11, 0x76, 0xff, 0xff, 0xff, 0xec, 0x00, 0x00, 0x00, 
  0x00, 0x00, 0x00, 0x03, 0xff, 0xff, 0xff, 0xff, 0xff, 0xff, 0xc9, 0xb4, 0xff, 0x98, 0x5c, 0xe9, 
  0x13, 0x00, 0x00, 0x00, 0x00, 0x00, 0x00, 0x1b, 0xff, 0xff, 0xff, 0xff, 0xff, 0xff, 0xe9, 0xd2, 
  0xf5, 0xff, 0x8f, 0xff, 0x8d, 0x00, 0x00, 0x00, 0x00, 0x00, 0x00, 0x00, 0x70, 0xff, 0xff, 0xff, 
  0xff, 0xff, 0xff, 0xff, 0xff, 0xff, 0xff, 0xff, 0x9c, 0x00, 0x00, 0x00, 0x00, 0x00, 0x00, 0x00, 
  0x2b, 0xff, 0xff, 0xff, 0xff, 0xff, 0xff, 0x30, 0x00, 0x00, 0x00, 0x00, 0xff, 0xff, 0xff, 0xff, 
  0x81, 0x00, 0x00, 0x00, 0x00, 0x00, 0x00, 0xe1, 0xff, 0xff, 0xff, 0xff, 0xff, 0xff, 0xdf, 0xfb, 
  0xff, 0xc2, 0x61, 0x00, 0x00, 0x00, 0x00, 0x00, 0x00, 0x00, 0xff, 0xff, 0xff, 0xff, 0xff, 0xff, 
  0xff, 0xff, 0xe7, 0x91, 0x88, 0xb3, 0xd2, 0x21, 0x00, 0x00, 0x00, 0x00, 0x00, 0x00, 0x00, 0xdf, 
  0xff, 0xff, 0xff, 0xff, 0xff, 0xff, 0x09, 0x00, 0x00, 0x2d, 0x43, 0xa2, 0x04, 0x00, 0x00, 0x00, 
  0x00, 0x00, 0x00, 0x83, 0xff, 0xff, 0xff, 0xff, 0xff, 0xff, 0x5c, 0x00, 0x00, 0x00, 0x00, 0x4a, 
  0xef, 0xff, 0xc7, 0x29, 0x00, 0x00, 0x00, 0x00, 0x00, 0xc3, 0xff, 0xff, 0xff, 0xff, 0xff, 0xff, 
  0xff, 0xd6, 0xe3, 0xff, 0x18, 0x00, 0x00, 0x00, 0x00, 0x00, 0x00, 0x00, 0x1f, 0xff, 0xff, 0xff, 
  0xff, 0xff, 0xff, 0xff, 0x61, 0x00, 0x00, 0x1a, 0xa9, 0xff, 0xce, 0x00, 0x00, 0x00, 0x00, 0x00, 
  0x00, 0x00, 0xe1, 0xff, 0xff, 0xff, 0xff, 0xff, 0xd9, 0x00, 0x00, 0x00, 0x00, 0x00, 0x1b, 0xf5, 
  0x3a, 0x0f, 0x00, 0x00, 0x00, 0x00, 0x00, 0xc3, 0xff, 0xff, 0xff, 0xff, 0xff, 0xff, 0xff, 0x46, 
  0x00, 0x00, 0x1f, 0x65, 0x8f, 0x00, 0x00, 0x00, 0x00, 0x00, 0x00, 0x00, 0x88, 0xff, 0xff, 0xff, 
  0xff, 0xff, 0xff, 0xff, 0x5f, 0x00, 0x61, 0x00, 0x00, 0x00, 0x00, 0x00, 0x00, 0x00, 0x00, 0x00, 
  0xff, 0xff, 0xff, 0xff, 0xff, 0xff, 0x98, 0x00, 0x00, 0x00, 0x00, 0xb6, 0xff, 0xff, 0xbc, 0x31, 
  0x00, 0x00, 0x00, 0x00, 0x00, 0x49, 0xff, 0xff, 0xff, 0xff, 0xff, 0xff, 0xa2, 0x00, 0x00, 0x00, 
  0x00, 0x00, 0x77, 0xff, 0xb6, 0x70, 0x00, 0x00, 0x00, 0x00, 0x0a, 0x8e, 0xff, 0xff, 0xff, 0xff, 
  0xff, 0xff, 0xed, 0xad, 0x4f, 0xf6, 0xaa, 0x00, 0x00, 0x00, 0x00, 0x00, 0x00, 0x00, 0x00, 0xd8, 
  0xff, 0xff, 0xff, 0xff, 0xff, 0xff, 0xb7, 0x00, 0x00, 0x00, 0x00, 0x00, 0x00, 0x00, 0x00, 0x00, 
  0x00, 0x00, 0x00, 0xa9, 0xff, 0xff, 0xff, 0xff, 0xff, 0xff, 0x00, 0x00, 0x00, 0x00, 0x92, 0xff, 
  0xff, 0xe0, 0x00, 0x00, 0x00, 0x00, 0x00, 0x00, 0x00, 0xff, 0xff, 0xff, 0xff, 0xff, 0xff, 0xff, 
  0x00, 0x00, 0x00, 0x00, 0x00, 0x1d, 0xf2, 0x58, 0x1d, 0x00, 0x00, 0x00, 0x00, 0x00, 0x7d, 0xff, 
  0xff, 0xff, 0xff, 0xff, 0xff, 0xff, 0xad, 0x0b, 0x96, 0x5a, 0x00, 0x00, 0x00, 0x00, 0x00, 0x00, 
  0x00, 0x00, 0xff, 0xff, 0xff, 0xff, 0xff, 0xff, 0xff, 0x66, 0x00, 0x00, 0x00, 0x00, 0x0b, 0xf3, 
  0x9c, 0x28, 0x00, 0x00, 0x00, 0x00, 0x00, 0xff, 0xff, 0xff, 0xff, 0xff, 0xff, 0xf0, 0x00, 0x00, 
  0x00, 0x00, 0xaf, 0xff, 0xf1, 0x62, 0x00, 0x00, 0x00, 0x00, 0x00, 0x00, 0x58, 0xff, 0xff, 0xff, 
  0xff, 0xff, 0xff, 0x68, 0x00, 0x00, 0x00, 0x00, 0x00, 0x00, 0x00, 0x00, 0x00, 0x00, 0x00, 0x00, 
  0x00, 0xd6, 0xff, 0xff, 0xff, 0xff, 0xff, 0xff, 0x0e, 0x00, 0x00, 0xa0, 0x29, 0x00, 0x00, 0x00, 
  0x00, 0x00, 0x00, 0x00, 0x8d, 0xff, 0xff, 0xff, 0xff, 0xff, 0xff, 0xff, 0x00, 0x00, 0x00, 0x00, 
  0x39, 0x4e, 0xff, 0xff, 0xbf, 0x45, 0x00, 0x00, 0x00, 0x00, 0x78, 0xff, 0xff, 0xff, 0xff, 0xff, 
  0xff, 0x14, 0x00, 0x00, 0x00, 0x9c, 0x2c, 0x6d, 0x00, 0x00, 0x00, 0x00, 0x00, 0x00, 0x00, 0xde, 
  0xff, 0xff, 0xff, 0xff, 0xff, 0xff, 0xe7, 0x00, 0x00, 0x00, 0x00, 0x00, 0x00, 0x00, 0x00, 0x00, 
  0x00, 0x00, 0x31, 0xc3, 0xff, 0xff, 0xff, 0xff, 0xff, 0xff, 0x86, 0x00, 0x00, 0x00, 0x31, 0x85, 
  0x04, 0x00, 0x00, 0x00, 0x00, 0x00, 0x00, 0x1d, 0xff, 0xff, 0xff, 0xff, 0xff, 0xff, 0xff, 0x00, 
  0x00, 0x00, 0x00, 0x00, 0x00, 0xb7, 0xff, 0xb5, 0xbd, 0x03, 0x00, 0x00, 0x00, 0x00, 0x46, 0xff, 
  0xff, 0xff, 0xff, 0xff, 0xff, 0x00, 0x1a, 0x00, 0x00, 0x00, 0x00, 0x00, 0x00, 0x00, 0x00, 0x00, 
  0x00, 0xb8, 0xff, 0xff, 0xff, 0xff, 0xff, 0xff, 0xff, 0x00, 0x00, 0x00, 0x00, 0x00, 0x00, 0x00, 
  0x0f, 0x0a, 0x3b, 0x66, 0x00, 0x00, 0x92, 0xff, 0xff, 0xff, 0xff, 0xff, 0xff, 0x91, 0x00, 0x00, 
  0x00, 0x39, 0xbf, 0x35, 0x00, 0x00, 0x00, 0x00, 0x00, 0x00, 0x00, 0xff, 0xff, 0xff, 0xff, 0xff, 
  0xff, 0xff, 0x00, 0x00, 0x00, 0x00, 0x00, 0xdb, 0xff, 0xff, 0x00, 0x16, 0x00, 0x00, 0x00, 0x00, 
  0x00, 0xc4, 0xff, 0xff, 0xff, 0xff, 0xff, 0xff, 0x09, 0x00, 0x00, 0x00, 0x00, 0x00, 0x00, 0x00, 
  0x00, 0x6e, 0x00, 0x00, 0xff, 0xff, 0xff, 0xff, 0xff, 0xff, 0xff, 0xdf, 0x00, 0x00, 0x00, 0x00, 
  0x00, 0x48, 0x6b, 0xa3, 0x40, 0x38, 0x00, 0x00, 0x2d, 0xe1, 0xff, 0xff, 0xff, 0xff, 0xff, 0xff, 
  0x00, 0x00, 0x00, 0x00, 0x00, 0xff, 0x7d, 0xa9, 0x37, 0x00, 0x00, 0x00, 0x00, 0x00, 0x40, 0xff, 
  0xff, 0xff, 0xff, 0xff, 0xff, 0xee, 0x00, 0x00, 0x00, 0x00, 0x00, 0x8d, 0xa4, 0x41, 0x31, 0x07, 
  0x00, 0x00, 0x00, 0x3b, 0xff, 0xff, 0xff, 0xff, 0xff, 0xff, 0xd3, 0x00, 0x00, 0x00, 0x00, 0x00, 
  0x00, 0x00, 0x00, 0x00, 0x34, 0x57, 0xad, 0xff, 0xff, 0xff, 0xff, 0xff, 0xff, 0xff, 0x00, 0x00, 
  0x00, 0x00, 0x00, 0xcd, 0xff, 0xff, 0xff, 0xde, 0x2f, 0x00, 0x00, 0x00, 0x00, 0xff, 0xff, 0xff, 
  0xff, 0xff, 0xff, 0x00, 0x00, 0x00, 0x00, 0x00, 0x86, 0x3f, 0x95, 0x20, 0x00, 0x00, 0x00, 0x00, 
  0x00, 0x7c, 0xff, 0xff, 0xff, 0xff, 0xff, 0xff, 0x57, 0x00, 0x00, 0x00, 0x00, 0x00, 0x00, 0xd4, 
  0xe2, 0xa4, 0xff, 0x00, 0x00, 0x00, 0xa9, 0xff, 0xff, 0xff, 0xff, 0xff, 0xbb, 0x60, 0x00, 0x00, 
  0x00, 0x00, 0x00, 0x00, 0x00, 0x00, 0x00, 0x00, 0x00, 0xbe, 0xff, 0xff, 0xff, 0xff, 0xff, 0xff, 
  0x00, 0x00, 0x00, 0x00, 0x00, 0x00, 0xe8, 0xff, 0xff, 0xff, 0xaa, 0x29, 0x00, 0x00, 0x00, 0x00, 
  0xff, 0xff, 0xff, 0xff, 0xff, 0xff, 0xff, 0x24, 0x00, 0x00, 0x00, 0x00, 0x00, 0x00, 0x00, 0x00, 
  0x86, 0x29, 0x7c, 0xff, 0xff, 0xff, 0xff, 0xff, 0xff, 0xff, 0x8f, 0x00, 0x00, 0x00, 0x00, 0x00, 
  0x00, 0x72, 0x7e, 0x86, 0x58, 0x3a, 0x68, 0xc3, 0xff, 0xff, 0xff, 0xff, 0xff, 0xff, 0x83, 0x00, 
  0x00, 0x00, 0x00, 0x00, 0x00, 0x00, 0x00, 0x5f, 0x2d, 0x74, 0x00, 0x43, 0xff, 0xff, 0xff, 0xff, 
  0xff, 0xff, 0xff, 0x41, 0x00, 0x00, 0x00, 0x00, 0x00, 0xff, 0xff, 0xff, 0xff, 0xff, 0x43, 0x00, 
  0x00, 0x00, 0x94, 0xff, 0xff, 0xff, 0xff, 0xff, 0xff, 0x9d, 0x00, 0x00, 0x00, 0x00, 0x00, 0x00, 
  0x00, 0x00, 0xff, 0xe1, 0xff, 0xff, 0xff, 0xff, 0xff, 0xff, 0xff, 0xb4, 0x7b, 0x00, 0x00, 0x00, 
  0x00, 0x00, 0x4e, 0xff, 0xff, 0xfe, 0xff, 0x8f, 0x00, 0x75, 0xe5, 0xff, 0xff, 0xff, 0xff, 0xff, 
  0xff, 0x00, 0x00, 0x00, 0x00, 0x00, 0x00, 0x28, 0xff, 0xff, 0xe6, 0xff, 0x9e, 0x0a, 0x00, 0xb8, 
  0xff, 0xff, 0xff, 0xff, 0xff, 0xff, 0x27, 0x00, 0x00, 0x00, 0x00, 0x00, 0x47, 0xff, 0xff, 0xff, 
  0xff, 0x74, 0x00, 0x00, 0x91, 0xff, 0xff, 0xff, 0xff, 0xff, 0xff, 0x5f, 0x00, 0x00, 0x00, 0x00, 
  0x00, 0x00, 0x00, 0xf5, 0xff, 0xff, 0xff, 0xff, 0xff, 0xff, 0xff, 0xff, 0xff, 0xff, 0x00, 0x00, 
  0x00, 0x00, 0x00, 0x00, 0x4b, 0xff, 0xff, 0xff, 0xff, 0xff, 0xea, 0x00, 0x40, 0x00, 0xff, 0xff, 
  0xff, 0xff, 0xff, 0xff, 0x21, 0x00, 0x00, 0x00, 0x00, 0x7a, 0x92, 0xff, 0xff, 0xff, 0xff, 0x3a, 
  0x00, 0x17, 0xbc, 0xff, 0xff, 0xff, 0xff, 0xff, 0xff, 0x42, 0x00, 0x00, 0x00, 0x00, 0x00, 0x00, 
  0xc1, 0xff, 0xff, 0xff, 0xff, 0xff, 0xa4, 0xff, 0xff, 0xff, 0xff, 0xff, 0xff, 0xf3, 0x00, 0x00, 
  0x00, 0x00, 0x00, 0x00, 0x00, 0x00, 0xf3, 0xff, 0xff, 0xff, 0xff, 0xff, 0xff, 0xff, 0xff, 0x90, 
  0x00, 0x00, 0x00, 0x00, 0x00, 0x00, 0x00, 0x42, 0xff, 0xff, 0xff, 0xff, 0xff, 0xc5, 0x00, 0x00, 
  0x00, 0x00, 0x84, 0xff, 0xff, 0xff, 0xff, 0x98, 0x00, 0x00, 0x00, 0x00, 0x00, 0x00, 0x9b, 0xff, 
  0xff, 0xff, 0xff, 0xff, 0x00, 0x00, 0x1a, 0xff, 0xff, 0xff, 0xff, 0xd9, 0x00, 0x00, 0x00, 0x00, 
  0x00, 0x00, 0x00, 0xd3, 0xff, 0xff, 0xff, 0xff, 0xff, 0xff, 0xff, 0xff, 0xff, 0x8a, 0x5b, 0x02, 
  0x00, 0x00, 0x00, 0x00, 0x00, 0x00, 0x00, 0xb1, 0xff, 0xff, 0xff, 0xff, 0xff, 0xff, 0xff, 0x47, 
  0x64, 0xf1, 0x98, 0x00, 0x00, 0x00, 0x00, 0x00, 0x00, 0x00, 0x00, 0xff, 0xff, 0xff, 0xff, 0xff, 
  0xff, 0x00, 0x00, 0x00, 0x00, 0x37, 0xad, 0xff, 0xff, 0xff, 0xf0, 0x2e, 0x00, 0x00, 0x00, 0x00, 
  0x00, 0x60, 0xff, 0xff, 0xff, 0xff, 0xff, 0xff, 0xbc, 0x00, 0x00, 0x8e, 0x77, 0xb2, 0x67, 0x00, 
  0x00, 0x00, 0x00, 0x00, 0x00, 0x00, 0xff, 0xff, 0xff, 0xff, 0xff, 0xff, 0xff, 0x81, 0x00, 0x00, 
  0xa8, 0x24, 0x00, 0x00, 0x00, 0x00, 0x00, 0x00, 0x00, 0x00, 0xff, 0xff, 0xff, 0xff, 0xff, 0xff, 
  0xff, 0x00, 0x00, 0x00, 0x00, 0x51, 0x00, 0x53, 0x00, 0x00, 0x00, 0x00, 0x00, 0x00, 0xff, 0xff, 
  0xff, 0xff, 0xff, 0xff, 0xff, 0x00, 0x00, 0x00, 0x00, 0xb8, 0xb6, 0xff, 0xff, 0x6e, 0x00, 0x00, 
  0x00, 0x00, 0x00, 0x00, 0x1d, 0xff, 0xff, 0xff, 0xff, 0xff, 0xff, 0x72, 0x00, 0x00, 0x00, 0x00, 
  0x00, 0x00, 0x00, 0x00, 0x00, 0x00, 0x00, 0x00, 0x00, 0xff, 0xff, 0xff, 0xff, 0xff, 0xff, 0xff, 
  0x00, 0x00, 0x00, 0x0f, 0x2b, 0x00, 0x00, 0x00, 0x00, 0x00, 0x00, 0x00, 0x00, 0xce, 0xff, 0xff, 
  0xff, 0xff, 0xff, 0xff, 0x2b, 0x00, 0x00, 0x00, 0x00, 0x00, 0x8c, 0xde, 0x45, 0x5a, 0x00, 0x00, 
  0x00, 0x00, 0x58, 0xff, 0xff, 0xff, 0xff, 0xff, 0xff, 0x10, 0x00, 0x00, 0x00, 0xff, 0xee, 0x4c, 
  0x00, 0x00, 0x00, 0x00, 0x00, 0x00, 0x00, 0x81, 0xff, 0xff, 0xff, 0xff, 0xff, 0xff, 0xff, 0x00, 
  0x00, 0x00, 0x00, 0x00, 0x00, 0xb3, 0x43, 0x3e, 0xc3, 0x00, 0x03, 0x5e, 0x2f, 0xff, 0xff, 0xff, 
  0xff, 0xff, 0xff, 0x53, 0x00, 0x00, 0x36, 0xbf, 0x4b, 0x00, 0x00, 0x00, 0x00, 0x00, 0x00, 0x00, 
  0x91, 0xff, 0xff, 0xff, 0xff, 0xff, 0xff, 0xa5, 0x00, 0x00, 0x00, 0x00, 0x00, 0x8f, 0xff, 0xff, 
  0xec, 0x41, 0x00, 0x00, 0x00, 0x00, 0x00, 0xea, 0xff, 0xff, 0xff, 0xff, 0xff, 0xff, 0x34, 0x00, 
  0x6a, 0x00, 0x00, 0x00, 0x00, 0x00, 0x00, 0x00, 0x00, 0x00, 0xe3, 0xff, 0xff, 0xff, 0xff, 0xff, 
  0xff, 0xff, 0x00, 0x00, 0x00, 0x00, 0x00, 0x00, 0x00, 0x43, 0x00, 0xdd, 0xff, 0x00, 0x73, 0xdc, 
  0xff, 0xff, 0xff, 0xff, 0xff, 0xff, 0xb5, 0x00, 0x00, 0x00, 0x00, 0x4a, 0x00, 0x00, 0x00, 0x00, 
  0x00, 0x00, 0x00, 0x00, 0xcc, 0xff, 0xff, 0xff, 0xff, 0xff, 0xff, 0x00, 0x00, 0x00, 0x00, 0x00, 
  0xdb, 0x9f, 0xff, 0x91, 0x21, 0x09, 0x00, 0x00, 0x00, 0x15, 0xff, 0xff, 0xff, 0xff, 0xff, 0xff, 
  0xff, 0xea, 0x56, 0x00, 0x00, 0x00, 0x00, 0x00, 0x00, 0x00, 0x8b, 0x91, 0x97, 0xff, 0xff, 0xff, 
  0xff, 0xff, 0xff, 0xff, 0x9a, 0x00, 0x00, 0x00, 0x00, 0x00, 0x4e, 0xcc, 0xff, 0xff, 0xdf, 0x70, 
  0x00, 0x00, 0x00, 0xb7, 0xff, 0xff, 0xff, 0xff, 0xff, 0xff, 0x00, 0x00, 0x00, 0x00, 0x00, 0x00, 
  0x00, 0x00, 0x00, 0x00, 0x29, 0x00, 0x00, 0xff, 0xff, 0xff, 0xff, 0xff, 0xff, 0xff, 0xff, 0x26, 
  0x00, 0x00, 0x00, 0x00, 0x00, 0x50, 0xff, 0xff, 0xff, 0xff, 0x00, 0x00, 0x74, 0xff, 0xff, 0xff, 
  0xff, 0xff, 0xff, 0xff, 0x29, 0x00, 0x00, 0x00, 0x00, 0x00, 0x00, 0x00, 0x5d, 0xff, 0xff, 0xff, 
  0xff, 0xff, 0xff, 0xff, 0xff, 0xff, 0xff, 0x00, 0x00, 0x00, 0x00, 0x00, 0x00, 0xff, 0xff, 0xff, 
  0xff, 0xff, 0xf0, 0x00, 0x00, 0x00, 0x48, 0xff, 0xff, 0xff, 0xff, 0xff, 0xff, 0x36, 0x00, 0x00, 
  0x00, 0x00, 0x00, 0x00, 0x4d, 0x77, 0x61, 0xce, 0x00, 0x48, 0xff, 0xff, 0xff, 0xff, 0xff, 0xff, 
  0xff, 0xfe, 0x00, 0x00, 0x00, 0x00, 0x00, 0x00, 0x00, 0xff, 0xff, 0xff, 0xff, 0xa8, 0x85, 0xff, 
  0xff, 0xff, 0xff, 0xff, 0xff, 0xff, 0xff, 0x00, 0x00, 0x00, 0x00, 0x00, 0x00, 0x00, 0xff, 0xd8, 
  0xff, 0xff, 0xdf, 0xff, 0xff, 0xff, 0xff, 0xff, 0xff, 0xe5, 0x1a, 0x00, 0x00, 0x00, 0x00, 0x00, 
  0xff, 0xff, 0xff, 0xff, 0xf9, 0xd0, 0x00, 0x00, 0x00, 0x54, 0xff, 0xff, 0xff, 0xff, 0xff, 0xff, 
  0xc8, 0x00, 0x00, 0x00, 0x00, 0x00, 0x00, 0x91, 0xa3, 0xff, 0xff, 0x49, 0x9b, 0xff, 0xff, 0xff, 
  0xff, 0xff, 0xff, 0xff, 0x78, 0x00, 0x00, 0x00, 0x00, 0x00, 0x00, 0x00, 0xff, 0xff, 0xff, 0xff, 
  0x80, 0x1e, 0x59, 0xff, 0xff, 0xff, 0xff, 0xff, 0xff, 0x6b, 0x00, 0x00, 0x00, 0x00, 0x00, 0x00, 
  0xe8, 0xff, 0xff, 0xff, 0x49, 0x28, 0xc7, 0xb3, 0xff, 0xff, 0xff, 0xff, 0xd8, 0xc2, 0x00, 0x00, 
  0x00, 0x00, 0x00, 0xff, 0xff, 0xff, 0xff, 0xff, 0xff, 0x00, 0x00, 0x00, 0xa4, 0xff, 0xff, 0xff, 
  0xff, 0xff, 0xff, 0x70, 0x00, 0x00, 0x00, 0x00, 0x00, 0x00, 0x30, 0xff, 0xff, 0xff, 0xff, 0xff, 
  0xff, 0xff, 0xff, 0xff, 0xff, 0xff, 0x91, 0x04, 0x00, 0x00, 0x00, 0x00, 0x00, 0xa0, 0xff, 0xff, 
  0xff, 0xff, 0xff, 0x00, 0x53, 0x9e, 0xff, 0xff, 0xff, 0xff, 0xff, 0xff, 0x00, 0x00, 0x00, 0x00, 
  0x00, 0x00, 0x18, 0xff, 0xc5, 0xff, 0xff, 0x11, 0x54, 0xd3, 0xff, 0xff, 0xff, 0xff, 0xff, 0xff, 
  0xc0, 0x00, 0x00, 0x00, 0x00, 0x00, 0x00, 0x77, 0xff, 0xff, 0xff, 0xff, 0x19, 0x00, 0x6c, 0xf5, 
  0xff, 0xff, 0xff, 0xff, 0xff, 0xff, 0x00, 0x00, 0x00, 0x00, 0x00, 0x00, 0x00, 0x31, 0xff, 0xff, 
  0xff, 0xff, 0xff, 0xff, 0xff, 0xff, 0xff, 0xff, 0xbf, 0x31, 0x00, 0x00, 0x00, 0x00, 0x00, 0xff, 
  0xff, 0xff, 0xff, 0xff, 0xff, 0x7b, 0x00, 0x17, 0xc1, 0xff, 0xff, 0xff, 0xff, 0xff, 0xff, 0x00, 
  0x00, 0x00, 0x00, 0x00, 0x00, 0x00, 0xff, 0xe1, 0xff, 0xff, 0x5a, 0xac, 0xff, 0xff, 0xff, 0xff, 
  0xff, 0xff, 0xff, 0x9e, 0x00, 0x00, 0x00, 0x00, 0x00, 0x00, 0x00, 0xce, 0xf8, 0xff, 0xff, 0xff, 
  0xff, 0xff, 0xff, 0xff, 0xff, 0xff, 0xff, 0xb4, 0x00, 0x00, 0x00, 0x00, 0x00, 0x00, 0x00, 0x04, 
  0xff, 0xff, 0xff, 0xff, 0xff, 0xff, 0xff, 0xff, 0xff, 0xff, 0xff, 0x28, 0x00, 0x00, 0x00, 0x00, 
  0x00, 0x00, 0xff, 0xff, 0xff, 0xff, 0xff, 0xff, 0x36, 0x00, 0x00, 0x00, 0x7d, 0xff, 0xff, 0xff, 
  0xff, 0xff, 0x6a, 0x00, 0x00, 0x00, 0x00, 0x00, 0x00, 0xff, 0xff, 0xff, 0xff, 0xff, 0xd2, 0xff, 
  0xf7, 0xff, 0xff, 0xff, 0xff, 0xff, 0x00, 0x00, 0x00, 0x00, 0x00, 0x00, 0x00, 0x21, 0xff, 0xff, 
  0xff, 0xff, 0xff, 0xff, 0xff, 0xff, 0xff, 0xff, 0xff, 0xff, 0x0f, 0x00, 0x00, 0x00, 0x00, 0x00, 
  0x00, 0xd3, 0xff, 0xff, 0xff, 0xff, 0xff, 0xff, 0xff, 0xf0, 0xff, 0xff, 0xff, 0xff, 0x5d, 0x00, 
  0x00, 0x00, 0x00, 0x00, 0x00, 0xff, 0xff, 0xff, 0xff, 0xff, 0xff, 0x67, 0x00, 0x00, 0x00, 0x6a, 
  0xff, 0xff, 0xff, 0xff, 0xff, 0x00, 0x00, 0x00, 0x00, 0x00, 0x00, 0x00, 0xd7, 0xff, 0xff, 0xff, 
  0xff, 0xff, 0xff, 0xf7, 0xdd, 0xff, 0xff, 0xff, 0x56, 0x00, 0x00, 0x00, 0x00, 0x00, 0x00, 0x69, 
  0xc7, 0xff, 0xff, 0xff, 0xff, 0xff, 0xff, 0xeb, 0x55, 0xff, 0xff, 0xe4, 0x52, 0x00, 0x00, 0x00, 
  0x00, 0x00, 0x00, 0xfa, 0xff, 0xff, 0xff, 0xff, 0xff, 0xff, 0x00, 0x00, 0x00, 0x7a, 0xff, 0xff, 
  0xff, 0xe1, 0x00, 0x00, 0x00, 0x00, 0x00, 0x00, 0xe8, 0xff, 0xff, 0xff, 0xff, 0xff, 0xf9, 0x3b, 
  0x00, 0x00, 0x00, 0x07, 0xff, 0xff, 0xff, 0xff, 0x00, 0x00, 0x00, 0x00, 0x00, 0x00, 0x00, 0x70, 
  0xff, 0xff, 0xff, 0xff, 0xff, 0xff, 0xff, 0xff, 0xff, 0xe1, 0x02, 0x00, 0x00, 0x00, 0x00, 0x00, 
  0x00, 0x00, 0xe4, 0xff, 0xff, 0xff, 0xff, 0xff, 0xde, 0x00, 0x00, 0x15, 0x79, 0xff, 0xff, 0x89, 
  0x00, 0x00, 0x00, 0x00, 0x00, 0x00, 0x00, 0xff, 0xff, 0xff, 0xff, 0xff, 0xff, 0x00, 0x00, 0x00, 
  0x00, 0xab, 0xff, 0xff, 0xff, 0x2d, 0x00, 0x00, 0x00, 0x00, 0x00, 0x81, 0xff, 0xff, 0xff, 0xff, 
  0xff, 0xbd, 0x0f, 0x00, 0x00, 0x7b, 0x56, 0xff, 0xff, 0x8f, 0x00, 0x00, 0x00, 0x00, 0x00, 0x00, 
  0x8b, 0xff, 0xff, 0xff, 0xff, 0xff, 0xff, 0xff, 0xff, 0xff, 0xff, 0xff, 0x70, 0x00, 0x00, 0x00, 
  0x00, 0x00, 0x00, 0x00, 0xa3, 0xff, 0xff, 0xff, 0xff, 0xff, 0xff, 0x00, 0x00, 0x00, 0x00, 0x1e, 
  0xff, 0xff, 0xff, 0x81, 0x00, 0x00, 0x00, 0x00, 0x00, 0x00, 0xff, 0xff, 0xff, 0xff, 0xff, 0xff, 
  0x33, 0x00, 0x00, 0x3a, 0xbd, 0xff, 0xff, 0xf1, 0x35, 0x00, 0x00, 0x00, 0x00, 0x00, 0x3c, 0xdb, 
  0xff, 0xff, 0xff, 0xff, 0xff, 0xff, 0xff, 0xff, 0xff, 0xff, 0xff, 0x1c, 0x00, 0x00, 0x00, 0x00, 
  0x00, 0x00, 0x00, 0xff, 0xff, 0xff, 0xff, 0xff, 0xff, 0xff, 0xff, 0xb2, 0x6c, 0xff, 0xff, 0xbb, 
  0x00, 0x00, 0x00, 0x00, 0x00, 0x00, 0x00, 0x0f, 0xff, 0xff, 0xff, 0xff, 0xff, 0xff, 0xd4, 0x00, 
  0x00, 0x00, 0x00, 0x31, 0xff, 0xff, 0xe3, 0x7c, 0x00, 0x00, 0x00, 0x00, 0x00, 0x80, 0xff, 0xff, 
  0xff, 0xff, 0xff, 0xff, 0x95, 0x29, 0x2e, 0xf8, 0xb1, 0xc7, 0x4e, 0x00, 0x00, 0x00, 0x00, 0x00, 
  0x00, 0x00, 0xff, 0xff, 0xff, 0xff, 0xff, 0xff, 0xff, 0x23, 0x00, 0x00, 0xfc, 0x4e, 0x00, 0x00, 
  0x00, 0x00, 0x00, 0x00, 0x00, 0x00, 0x9d, 0xff, 0xff, 0xff, 0xff, 0xff, 0xff, 0x00, 0x00, 0x00, 
  0x00, 0xc6, 0xff, 0xa5, 0x00, 0x00, 0x00, 0x00, 0x00, 0x00, 0x00, 0xff, 0xff, 0xff, 0xff, 0xff, 
  0xff, 0xff, 0x00, 0x00, 0x00, 0x00, 0x00, 0x17, 0xff, 0xff, 0x2a, 0x4f, 0x00, 0x00, 0x00, 0x00, 
  0x04, 0xff, 0xff, 0xff, 0xff, 0xff, 0xff, 0xff, 0x8b, 0x12, 0xc5, 0x88, 0x00, 0x00, 0x00, 0x00, 
  0x00, 0x00, 0x00, 0x00, 0xb1, 0xff, 0xff, 0xff, 0xff, 0xff, 0xff, 0xff, 0x00, 0x00, 0x00, 0x00, 
  0x9a, 0x12, 0x00, 0x00, 0x00, 0x00, 0x00, 0x00, 0x00, 0xd8, 0xff, 0xff, 0xff, 0xff, 0xff, 0xff, 
  0x6e, 0x00, 0x00, 0x00, 0x42, 0xe1, 0x03, 0x3b, 0x00, 0x00, 0x00, 0x00, 0x00, 0x00, 0x74, 0xff, 
  0xff, 0xff, 0xff, 0xff, 0xff, 0xff, 0x00, 0x00, 0x00, 0x00, 0x00, 0x00, 0x00, 0x39, 0x00, 0x00, 
  0x1b, 0x00, 0x00, 0x71, 0xff, 0xff, 0xff, 0xff, 0xff, 0xff, 0x30, 0x00, 0x00, 0x00, 0x00, 0x00, 
  0x00, 0x00, 0x00, 0x00, 0x00, 0x00, 0x06, 0xe4, 0xff, 0xff, 0xff, 0xff, 0xff, 0xff, 0xff, 0x00, 
  0x00, 0x00, 0x00, 0x00, 0x00, 0x46, 0x4e, 0x09, 0x2f, 0x98, 0x00, 0x00, 0x5d, 0xff, 0xff, 0xff, 
  0xff, 0xff, 0xff, 0xff, 0x00, 0x00, 0x00, 0x00, 0x00, 0x00, 0x79, 0x71, 0x44, 0x7e, 0x53, 0x11, 
  0x00, 0x92, 0xff, 0xff, 0xff, 0xff, 0xff, 0xff, 0xff, 0x4c, 0x00, 0x00, 0x00, 0x00, 0x00, 0x00, 
  0x17, 0x32, 0xde, 0x84, 0x0b, 0xb2, 0xff, 0xff, 0xff, 0xff, 0xff, 0xff, 0xff, 0x00, 0x00, 0x00, 
  0x00, 0x00, 0x00, 0x00, 0x00, 0x00, 0x00, 0x47, 0x00, 0x9c, 0xff, 0xff, 0xff, 0xff, 0xff, 0xff, 
  0xff, 0xe8, 0x00, 0x00, 0x00, 0x00, 0x00, 0x00, 0xff, 0xff, 0xff, 0xff, 0xff, 0x08, 0x00, 0x00, 
  0x5c, 0xff, 0xff, 0xff, 0xff, 0xff, 0xff, 0xff, 0x00, 0x00, 0x00, 0x00, 0x00, 0x00, 0xff, 0xd0, 
  0xff, 0xff, 0xa3, 0x6e, 0xfe, 0xff, 0xff, 0xff, 0xff, 0xff, 0xff, 0xff, 0x57, 0x00, 0x00, 0x00, 
  0x00, 0x00, 0x00, 0xff, 0xff, 0xff, 0xff, 0x64, 0xfe, 0xff, 0xff, 0xff, 0xff, 0xff, 0xff, 0xff, 
  0x86, 0x00, 0x00, 0x00, 0x00, 0x00, 0x4a, 0xbc, 0x97, 0xe8, 0xff, 0x33, 0x2c, 0xdd, 0xff, 0xff, 
  0xff, 0xff, 0xff, 0xff, 0xff, 0x00, 0x00, 0x00, 0x00, 0x00, 0x00, 0xb2, 0xff, 0xff, 0xff, 0xff, 
  0xff, 0x00, 0x00, 0x00, 0xc4, 0xff, 0xff, 0xff, 0xff, 0xff, 0xff, 0x00, 0x00, 0x00, 0x00, 0x00, 
  0x00, 0x6c, 0x8f, 0xff, 0xff, 0xc2, 0xff, 0xff, 0xff, 0xff, 0xff, 0xff, 0xff, 0xff, 0x24, 0x00, 
  0x00, 0x00, 0x00, 0x00, 0x2d, 0xff, 0xff, 0xff, 0xff, 0xe7, 0xdd, 0xb6, 0xff, 0xff, 0xff, 0xff, 
  0xff, 0xff, 0xe8, 0x00, 0x00, 0x00, 0x00, 0x00, 0x00, 0xff, 0xff, 0xff, 0xff, 0xff, 0xe7, 0x06, 
  0x81, 0xc5, 0xff, 0xff, 0xff, 0xff, 0xff, 0x5a, 0x00, 0x00, 0x00, 0x00, 0x00, 0x00, 0xcc, 0xff, 
  0xff, 0xff, 0xff, 0xa0, 0x00, 0x02, 0x11, 0xff, 0xcf, 0xff, 0xff, 0xff, 0xff, 0x00, 0x00, 0x00, 
  0x00, 0x00, 0x00, 0x00, 0x54, 0x5c, 0xff, 0xff, 0xff, 0xff, 0xff, 0xff, 0xff, 0xff, 0xff, 0x80, 
  0x00, 0x00, 0x00, 0x00, 0x00, 0x00, 0xd4, 0xff, 0xff, 0xff, 0xff, 0xff, 0x13, 0x00, 0x01, 0x8c, 
  0xff, 0xff, 0xff, 0xff, 0xff, 0x49, 0x00, 0x00, 0x00, 0x00, 0x00, 0x95, 0xff, 0xff, 0xff, 0xff, 
  0xff, 0xff, 0x61, 0x47, 0x9e, 0xbb, 0xff, 0xff, 0xff, 0x87, 0x27, 0x00, 0x00, 0x00, 0x00, 0x00, 
  0x00, 0xff, 0xff, 0xff, 0xff, 0xff, 0x90, 0x00, 0x00, 0x55, 0xff, 0xac, 0xff, 0xff, 0xf1, 0x33, 
  0x00, 0x00, 0x00, 0x00, 0x00, 0x00, 0x24, 0xca, 0xab, 0xff, 0xff, 0xff, 0xff, 0xff, 0xff, 0xff, 
  0xff, 0xb8, 0x00, 0x00, 0x00, 0x00, 0x00, 0x00, 0x3b, 0xbd, 0xff, 0xff, 0xff, 0xff, 0xff, 0x94, 
  0x00, 0x00, 0x0f, 0x63, 0xbf, 0xff, 0xff, 0xff, 0x33, 0x00, 0x00, 0x00, 0x00, 0x00, 0x00, 0xff, 
  0xff, 0xff, 0xff, 0xff, 0xff, 0xba, 0x9a, 0xff, 0xff, 0xff, 0x9b, 0x15, 0x00, 0x00, 0x00, 0x00, 
  0x00, 0x00, 0x76, 0xff, 0xff, 0xff, 0xff, 0xff, 0xff, 0xff, 0xff, 0xff, 0xff, 0xe2, 0xff, 0xaa, 
  0x00, 0x00, 0x00, 0x00, 0x00, 0x00, 0x00, 0x3d, 0xff, 0xff, 0xff, 0xff, 0xff, 0xff, 0xff, 0xff, 
  0xff, 0xff, 0xff, 0xe8, 0x00, 0x00, 0x00, 0x00, 0x00, 0x00, 0x00, 0x30, 0xff, 0xff, 0xff, 0xff, 
  0xff, 0xff, 0x31, 0x00, 0x00, 0x00, 0x00, 0x8a, 0xff, 0xff, 0xf0, 0x74, 0x00, 0x00, 0x00, 0x00, 
  0x00, 0x33, 0xc1, 0xff, 0xff, 0xff, 0xff, 0xec, 0xe1, 0xff, 0xff, 0xff, 0xff, 0xd5, 0x00, 0x00, 
  0x00, 0x00, 0x00, 0x00, 0x08, 0xff, 0xff, 0xff, 0xff, 0xff, 0xeb, 0x53, 0xa7, 0x63, 0xff, 0xff, 
  0xff, 0xff, 0xc8, 0x00, 0x00, 0x00, 0x00, 0x00, 0x00, 0x2a, 0x89, 0xff, 0xff, 0xff, 0xff, 0xff, 
  0xff, 0xa5, 0x3b, 0xa6, 0xff, 0xe3, 0x87, 0x00, 0x00, 0x00, 0x00, 0x00, 0x00, 0x00, 0x80, 0xff, 
  0xff, 0xff, 0xff, 0xff, 0xff, 0x00, 0x00, 0x00, 0x00, 0x3c, 0x7d, 0xff, 0xff, 0xc8, 0x1a, 0x00, 
  0x00, 0x00, 0x00, 0x42, 0xf4, 0xff, 0xff, 0xff, 0xff, 0xff, 0xff, 0xff, 0xff, 0xff, 0xff, 0xf5, 
  0x0b, 0x00, 0x00, 0x00, 0x00, 0x00, 0x00, 0x00, 0xff, 0xff, 0xff, 0xff, 0xff, 0xff, 0x0a, 0x00, 
  0x00, 0x00, 0x69, 0xff, 0xff, 0xff, 0x60, 0x00, 0x00, 0x00, 0x00, 0x00, 0x00, 0xff, 0xff, 0xff, 
  0xff, 0xff, 0xff, 0x3a, 0x00, 0x00, 0x00, 0xe5, 0xff, 0xff, 0x8d, 0x00, 0x00, 0x00, 0x00, 0x00, 
  0x00, 0xe3, 0xff, 0xff, 0xff, 0xff, 0xff, 0xad, 0x87, 0x26, 0x41, 0x82, 0xb7, 0xff, 0xff, 0x3b, 
  0x00, 0x00, 0x00, 0x00, 0x00, 0x00, 0xc1, 0xff, 0xff, 0xff, 0xff, 0xff, 0xff, 0xff, 0xff, 0xff, 
  0xff, 0xff, 0x3b, 0x00, 0x00, 0x00, 0x00, 0x00, 0x00, 0x00, 0xf0, 0xff, 0xff, 0xff, 0xff, 0xff, 
  0xff, 0x01, 0x00, 0x00, 0x00, 0x0f, 0xf9, 0xff, 0xff, 0xff, 0x00, 0x00, 0x00, 0x00, 0x00, 0x00, 
  0x00, 0xff, 0xff, 0xff, 0xff, 0xff, 0xff, 0x5d, 0x6d, 0xdc, 0x87, 0x2f, 0x76, 0x00, 0x00, 0x00, 
  0x00, 0x00, 0x00, 0x00, 0xff, 0xff, 0xff, 0xff, 0xff, 0xff, 0xff, 0xff, 0xff, 0xe8, 0xeb, 0xfd, 
  0xff, 0xa8, 0x04, 0x00, 0x00, 0x00, 0x00, 0x00, 0x00, 0xff, 0xff, 0xff, 0xff, 0xff, 0xff, 0xff, 
  0xff, 0xa2, 0xff, 0xff, 0xd8, 0x9e, 0x00, 0x00, 0x00, 0x00, 0x00, 0x00, 0x00, 0x77, 0xff, 0xff, 
  0xff, 0xff, 0xff, 0xff, 0x73, 0x00, 0x00, 0x00, 0x00, 0x45, 0xff, 0xff, 0xff, 0x40, 0x00, 0x00, 
  0x00, 0x00, 0x00, 0x00, 0xb3, 0xff, 0xff, 0xff, 0xff, 0xff, 0xff, 0xf7, 0xc3, 0x6a, 0x00, 0x00, 
  0x00, 0x00, 0x00, 0x00, 0x00, 0x00, 0x00, 0xff, 0xff, 0xff, 0xff, 0xff, 0xff, 0xda, 0x99, 0x9c, 
  0x46, 0x8f, 0xde, 0xff, 0xff, 0x7e, 0x00, 0x00, 0x00, 0x00, 0x00, 0x00, 0x34, 0xff, 0xff, 0xff, 
  0xff, 0xff, 0xff, 0x7c, 0x00, 0x00, 0x79, 0xb7, 0xc7, 0xff, 0x31, 0x00, 0x00, 0x00, 0x00, 0x00, 
  0x00, 0x9a, 0xff, 0xff, 0xff, 0xff, 0xff, 0xff, 0x82, 0x00, 0x00, 0x1c, 0x33, 0xff, 0xff, 0xff, 
  0x54, 0x00, 0x00, 0x00, 0x00, 0x00, 0x00, 0x87, 0xff, 0xff, 0xff, 0xff, 0xff, 0xff, 0xff, 0xff, 
  0xff, 0xc8, 0x8e, 0x00, 0x00, 0x00, 0x00, 0x00, 0x00, 0x00, 0xcd, 0xff, 0xff, 0xff, 0xff, 0xff, 
  0xff, 0xd4, 0xce, 0xb3, 0x70, 0xa3, 0xff, 0xff, 0x94, 0x00, 0x00, 0x00, 0x00, 0x00, 0x00, 0x00, 
  0xff, 0xff, 0xff, 0xff, 0xff, 0xff, 0xff, 0x00, 0x00, 0x00, 0x00, 0xe9, 0xff, 0xff, 0x9d, 0x00, 
  0x00, 0x00, 0x00, 0x00, 0xbc, 0xff, 0xff, 0xff, 0xff, 0xff, 0xff, 0xdd, 0xff, 0xd0, 0xd8, 0xbb, 
  0xff, 0xff, 0x96, 0x00, 0x00, 0x00, 0x00, 0x00, 0x00, 0x3e, 0xf5, 0xff, 0xff, 0xff, 0xff, 0xff, 
  0xff, 0xff, 0xff, 0xff, 0xc5, 0xb2, 0x00, 0x00, 0x00, 0x00, 0x00, 0x00, 0x00, 0x59, 0xff, 0xff, 
  0xff, 0xff, 0xff, 0xff, 0xff, 0x00, 0x00, 0x00, 0x00, 0xff, 0xff, 0xff, 0xa5, 0x00, 0x00, 0x00, 
  0x00, 0x00, 0x00, 0x69, 0xff, 0xff, 0xff, 0xff, 0xff, 0xff, 0x00, 0x00, 0x00, 0x00, 0x13, 0xb7, 
  0xff, 0x9e, 0x00, 0x00, 0x00, 0x00, 0x00, 0x00, 0xc5, 0xff, 0xff, 0xff, 0xff, 0xff, 0xff, 0xff, 
  0xf2, 0xe1, 0xc3, 0xff, 0xff, 0x27, 0x00, 0x00, 0x00, 0x00, 0x00, 0x00, 0xff, 0xff, 0xff, 0xff, 
  0xff, 0xff, 0xff, 0xdd, 0x5f, 0x00, 0x89, 0xad, 0xed, 0xa4, 0x00, 0x00, 0x00, 0x00, 0x00, 0x00, 
  0x00, 0xff, 0xff, 0xff, 0xff, 0xff, 0xff, 0xf6, 0x00, 0x00, 0x00, 0x00, 0x19, 0xff, 0xff, 0xff, 
  0xff, 0x00, 0x00, 0x00, 0x00, 0x00, 0x00, 0xff, 0xff, 0xff, 0xff, 0xff, 0xff, 0xfa, 0x1c, 0x00, 
  0x00, 0x40, 0xb7, 0x7b, 0xb2, 0x00, 0x00, 0x00, 0x00, 0x00, 0x00, 0x46, 0xff, 0xff, 0xff, 0xff, 
  0xff, 0xff, 0xff, 0xed, 0x54, 0x45, 0xc2, 0x9b, 0x00, 0x00, 0x00, 0x00, 0x00, 0x00, 0x00, 0x00, 
  0xff, 0xff, 0xff, 0xff, 0xff, 0xff, 0xff, 0x00, 0x00, 0x00, 0x00, 0x46, 0xff, 0xff, 0x8c, 0x05, 
  0x00, 0x00, 0x00, 0x00, 0x72, 0xff, 0xff, 0xff, 0xff, 0xff, 0xff, 0x5f, 0x00, 0x00, 0x00, 0x4a, 
  0xb5, 0xff, 0xff, 0xec, 0x0b, 0x00, 0x00, 0x00, 0x00, 0x00, 0x9e, 0xfd, 0xff, 0xff, 0xff, 0xff, 
  0xff, 0xff, 0x72, 0xd7, 0x00, 0x00, 0x2d, 0x00, 0x00, 0x00, 0x00, 0x00, 0x00, 0x00, 0xf3, 0xff, 
  0xff, 0xff, 0xff, 0xff, 0xff, 0xff, 0x8e, 0x5c, 0x64, 0xe4, 0xff, 0x7e, 0x00, 0x00, 0x00, 0x00, 
  0x00, 0x00, 0x00, 0xff, 0xff, 0xff, 0xff, 0xff, 0xff, 0xff, 0x00, 0x00, 0x00, 0x00, 0x44, 0xf6, 
  0xff, 0xff, 0x94, 0x05, 0x00, 0x00, 0x00, 0x00, 0x00, 0xa1, 0xff, 0xff, 0xff, 0xff, 0xff, 0xff, 
  0xd5, 0x8f, 0xef, 0xff, 0xff, 0xd9, 0x00, 0x00, 0x00, 0x00, 0x00, 0x00, 0x00, 0xd5, 0xff, 0xff, 
  0xff, 0xff, 0xff, 0xff, 0x88, 0x00, 0x00, 0x1d, 0x49, 0x8f, 0x0e, 0x00, 0x00, 0x00, 0x00, 0x00, 
  0x00, 0xff, 0xff, 0xff, 0xff, 0xff, 0xff, 0xff, 0xaa, 0x3f, 0x5c, 0x87, 0xff, 0xff, 0xff, 0x0e, 
  0x00, 0x00, 0x00, 0x00, 0x00, 0x00, 0xff, 0xff, 0xff, 0xff, 0xff, 0xff, 0xff, 0x00, 0x00, 0x00, 
  0x00, 0x31, 0xed, 0xff, 0xff, 0xed, 0x57, 0x00, 0x00, 0x00, 0x00, 0x00, 0x00, 0x86, 0xff, 0xff, 
  0xff, 0xff, 0xff, 0xff, 0xff, 0xff, 0xff, 0xff, 0x00, 0x00, 0x00, 0x00, 0x00, 0x00, 0x00, 0x00, 
  0xff, 0xff, 0xff, 0xff, 0xff, 0xff, 0xd3, 0x00, 0x00, 0x00, 0x5c, 0xd6, 0xff, 0xf2, 0x00, 0x00, 
  0x00, 0x00, 0x00, 0x00, 0xb4, 0xff, 0xff, 0xff, 0xff, 0xff, 0xff, 0xe0, 0x82, 0x54, 0x9e, 0xff, 
  0xff, 0xff, 0x3a, 0x00, 0x00, 0x00, 0x00, 0x00, 0x00, 0x60, 0xff, 0xff, 0xff, 0xff, 0xff, 0xff, 
  0x8b, 0x00, 0x00, 0x42, 0x00, 0x33, 0xff, 0x9e, 0x00, 0x00, 0x00, 0x00, 0x00, 0x00, 0x1e, 0xf9, 
  0xff, 0xff, 0xff, 0xff, 0xff, 0xff, 0xff, 0xf3, 0xff, 0xff, 0x4b, 0x00, 0x00, 0x00, 0x00, 0x00, 
  0x00, 0x00, 0x90, 0xff, 0xff, 0xff, 0xff, 0xff, 0xff, 0x00, 0x00, 0x00, 0x00, 0xcc, 0xff, 0xff, 
  0xff, 0xff, 0x5f, 0x00, 0x00, 0x00, 0x00, 0x00, 0x7d, 0xff, 0xff, 0xff, 0xff, 0xff, 0xf7, 0x1f, 
  0x00, 0x00, 0xe0, 0xdc, 0xfb, 0xad, 0x00, 0x00, 0x00, 0x00, 0x00, 0x00, 0x00, 0xff, 0xff, 0xff, 
  0xff, 0xff, 0xff, 0xf1, 0x00, 0x00, 0x00, 0x00, 0xac, 0xff, 0x6a, 0x00, 0x00, 0x00, 0x00, 0x00, 
  0x00, 0xff, 0xff, 0xff, 0xff, 0xff, 0xff, 0xff, 0xd8, 0x00, 0x00, 0xc0, 0x83, 0x5e, 0x00, 0x00, 
  0x00, 0x00, 0x00, 0x00, 0x00, 0x6e, 0xff, 0xff, 0xff, 0xff, 0xff, 0xff, 0x41, 0x00, 0x00, 0x00, 
  0x00, 0x2a, 0xff, 0xff, 0xff, 0x84, 0x00, 0x00, 0x00, 0x00, 0x00, 0x1f, 0xda, 0xff, 0xff, 0xff, 
  0xff, 0xff, 0xe6, 0x00, 0x00, 0x50, 0x51, 0x00, 0x00, 0x00, 0x00, 0x00, 0x00, 0x00, 0x00, 0x32, 
  0xff, 0xff, 0xff, 0xff, 0xff, 0xff, 0xff, 0x00, 0x00, 0x00, 0x00, 0x00, 0x00, 0x04, 0x00, 0x00, 
  0x00, 0x00, 0x00, 0x00, 0x4a, 0xff, 0xff, 0xff, 0xff, 0xff, 0xff, 0x95, 0x00, 0x00, 0x00, 0x97, 
  0xa5, 0x2e, 0x00, 0x00, 0x00, 0x00, 0x00, 0x00, 0x00, 0xff, 0xff, 0xff, 0xff, 0xff, 0xff, 0xff, 
  0x00, 0x00, 0x00, 0x00, 0x00, 0xa3, 0xff, 0xff, 0x82, 0x00, 0x00, 0x00, 0x00, 0x00, 0x00, 0xaf, 
  0xff, 0xff, 0xff, 0xff, 0xff, 0xff, 0x8c, 0x00, 0x00, 0x00, 0x00, 0x00, 0x00, 0x00, 0x00, 0x00, 
  0x15, 0x00, 0xd0, 0xff, 0xff, 0xff, 0xff, 0xff, 0xff, 0xf3, 0x00, 0x00, 0x00, 0x00, 0x00, 0x00, 
  0x00, 0x61, 0x67, 0x31, 0x1c, 0x00, 0x00, 0x45, 0xff, 0xff, 0xff, 0xff, 0xff, 0xff, 0xff, 0x0c, 
  0x00, 0x00, 0x00, 0x00, 0x00, 0x00, 0x00, 0x00, 0x00, 0x00, 0x00, 0x00, 0x61, 0xff, 0xff, 0xff, 
  0xff, 0xff, 0xff, 0xff, 0x00, 0x00, 0x00, 0x00, 0x00, 0x00, 0x05, 0x76, 0x81, 0x12, 0x53, 0x11, 
  0x00, 0x00, 0xbd, 0xff, 0xff, 0xff, 0xff, 0xff, 0xff, 0xff, 0x00, 0x00, 0x00, 0x00, 0x00, 0x00, 
  0x0c, 0xc6, 0xcc, 0xff, 0xff, 0xff, 0xff, 0xff, 0xff, 0xff, 0xff, 0xff, 0x00, 0x00, 0x00, 0x00, 
  0x00, 0x00, 0x55, 0xff, 0xff, 0xff, 0xf0, 0x11, 0x00, 0x00, 0x00, 0x55, 0xff, 0xff, 0xff, 0xff, 
  0xff, 0xff, 0xff, 0x00, 0x00, 0x00, 0x00, 0x00, 0x00, 0x67, 0xff, 0xff, 0xb2, 0xde, 0x00, 0x8d, 
  0xea, 0xff, 0xff, 0xff, 0xff, 0xff, 0xff, 0x71, 0x00, 0x00, 0x00, 0x00, 0x00, 0x66, 0xff, 0xff, 
  0xff, 0xff, 0x85, 0x51, 0xb3, 0xea, 0xff, 0xff, 0xff, 0xff, 0xff, 0xff, 0x13, 0x00, 0x00, 0x00, 
  0x00, 0x00, 0x00, 0xda, 0xff, 0xff, 0xff, 0xff, 0xff, 0xff, 0xff, 0xff, 0xff, 0xff, 0xff, 0xff, 
  0x02, 0x00, 0x00, 0x00, 0x00, 0x00, 0xff, 0xff, 0xff, 0xff, 0xb3, 0x23, 0x00, 0x1d, 0xf5, 0xff, 
  0xff, 0xff, 0xff, 0xff, 0xff, 0xa4, 0x00, 0x00, 0x00, 0x00, 0x00, 0x00, 0x7b, 0xff, 0xff, 0xff, 
  0xff, 0xf4, 0xfb, 0xff, 0xff, 0xff, 0xff, 0xff, 0xff, 0xdb, 0x00, 0x00, 0x00, 0x00, 0x00, 0x00, 
  0x6f, 0xff, 0xff, 0xff, 0xff, 0xff, 0xc1, 0xe8, 0xba, 0xff, 0xff, 0xf8, 0xff, 0xff, 0xb6, 0x00, 
  0x00, 0x00, 0x00, 0x00, 0x00, 0x6c, 0xff, 0xff, 0xff, 0xff, 0xff, 0xff, 0xff, 0xff, 0xff, 0xff, 
  0xff, 0xf9, 0x62, 0x00, 0x00, 0x00, 0x00, 0x00, 0x35, 0xff, 0xff, 0xff, 0xff, 0x51, 0x33, 0x00, 
  0xac, 0xff, 0xff, 0xff, 0xff, 0xff, 0xff, 0xf1, 0x00, 0x00, 0x00, 0x00, 0x00, 0x00, 0x00, 0xff, 
  0xff, 0xff, 0xff, 0xff, 0xff, 0x92, 0x00, 0x00, 0x89, 0xb4, 0xff, 0xff, 0x7a, 0x0f, 0x00, 0x00, 
  0x00, 0x00, 0x00, 0xe7, 0xac, 0xff, 0xff, 0xff, 0xff, 0xff, 0xb9, 0xc5, 0x9e, 0xa7, 0xff, 0xff, 
  0xdc, 0x04, 0x00, 0x00, 0x00, 0x00, 0x00, 0x00, 0xff, 0xff, 0xff, 0xff, 0xff, 0xff, 0xac, 0x59, 
  0x29, 0xed, 0xe6, 0xff, 0xff, 0x4f, 0x00, 0x00, 0x00, 0x00, 0x00, 0x07, 0xfc, 0xff, 0xff, 0xff, 
  0xff, 0x7e, 0x9e, 0xfd, 0xe9, 0xff, 0xff, 0xff, 0xff, 0xff, 0x91, 0x00, 0x00, 0x00, 0x00, 0x00, 
  0x00, 0x00, 0xef, 0xff, 0xff, 0xff, 0xff, 0xff, 0xbe, 0x00, 0x00, 0x00, 0x00, 0x9b, 0xff, 0xff, 
  0xb9, 0x4d, 0x00, 0x00, 0x00, 0x00, 0x00, 0x00, 0x89, 0xff, 0xff, 0xff, 0xff, 0xff, 0xab, 0x90, 
  0xff, 0xff, 0xff, 0xb1, 0x00, 0x00, 0x00, 0x00, 0x00, 0x00, 0x00, 0xcb, 0xff, 0xff, 0xff, 0xff, 
  0xff, 0xb7, 0x00, 0x00, 0x00, 0x00, 0xff, 0xb5, 0xff, 0x9c, 0x00, 0x00, 0x00, 0x00, 0x00, 0x00, 
  0xfb, 0xff, 0xff, 0xff, 0xff, 0xff, 0xff, 0xff, 0x4b, 0x0f, 0x42, 0xff, 0xff, 0xc9, 0x00, 0x00, 
  0x00, 0x00, 0x00, 0x00, 0x00, 0xb6, 0xff, 0xff, 0xff, 0xff, 0xff, 0xff, 0x00, 0x00, 0x00, 0x00, 
  0x65, 0xb7, 0xff, 0xff, 0xff, 0xc3, 0x39, 0x00, 0x00, 0x00, 0x00, 0xa3, 0x75, 0xff, 0xff, 0xff, 
  0xff, 0xff, 0xff, 0xff, 0xff, 0xff, 0xff, 0x47, 0x00, 0x00, 0x00, 0x00, 0x00, 0x00, 0x00, 0xff, 
  0xff, 0xff, 0xff, 0xff, 0xff, 0x2f, 0x00, 0x00, 0x00, 0x00, 0xff, 0xff, 0xfc, 0x54, 0x00, 0x00, 
  0x00, 0x00, 0x00, 0x00, 0xc4, 0xff, 0xff, 0xff, 0xff, 0xff, 0xff, 0x96, 0x00, 0x00, 0x0a, 0xaf, 
  0x5a, 0x00, 0x00, 0x00, 0x00, 0x00, 0x00, 0x00, 0xa0, 0xff, 0xff, 0xff, 0xff, 0xff, 0xff, 0x40, 
  0x00, 0x00, 0x00, 0x00, 0x2c, 0xd5, 0xff, 0xff, 0xff, 0x67, 0x00, 0x00, 0x00, 0x00, 0x0a, 0x63, 
  0xff, 0xff, 0xff, 0xff, 0xff, 0xff, 0x9e, 0xfd, 0xff, 0xc1, 0x00, 0x00, 0x00, 0x00, 0x00, 0x00, 
  0x00, 0x00, 0xff, 0xff, 0xff, 0xff, 0xff, 0xff, 0xff, 0x00, 0x00, 0x00, 0x00, 0x8f, 0xff, 0xff, 
  0xff, 0x53, 0x00, 0x00, 0x00, 0x00, 0x00, 0x00, 0xff, 0xff, 0xff, 0xff, 0xff, 0xff, 0xff, 0x00, 
  0x00, 0x00, 0x00, 0x00, 0x00, 0x00, 0x00, 0x00, 0x0f, 0x00, 0x00, 0x8b, 0xff, 0xff, 0xff, 0xff, 
  0xff, 0x00, 0x00, 0x00, 0x00, 0x00, 0x4e, 0xff, 0xff, 0xff, 0x49, 0x00, 0x00, 0x00, 0x00, 0x00, 
  0x00, 0xff, 0xff, 0xff, 0xff, 0xff, 0xff, 0xff, 0xcd, 0x00, 0x00, 0x2e, 0x00, 0x00, 0x00, 0x00, 
  0x00, 0x00, 0x00, 0x00, 0x35, 0xff, 0xff, 0xff, 0xff, 0xff, 0xff, 0xff, 0x00, 0x00, 0x00, 0x00, 
  0x4d, 0xff, 0xff, 0xff, 0x97, 0x00, 0x00, 0x00, 0x00, 0x00, 0x02, 0xff, 0xff, 0xff, 0xff, 0xff, 
  0xff, 0xff, 0x00, 0x00, 0x00, 0x00, 0x00, 0x17, 0x9b, 0x43, 0x13, 0x07, 0x00, 0x00, 0x6c, 0xff, 
  0xff, 0xff, 0xff, 0xff, 0xff, 0xff, 0xea, 0x77, 0x56, 0xd3, 0xff, 0xb5, 0x30, 0x00, 0x00, 0x00, 
  0x00, 0x00, 0x00, 0x00, 0xfb, 0xff, 0xff, 0xff, 0xff, 0xff, 0xff, 0x00, 0x00, 0x00, 0x00, 0x25, 
  0x00, 0x00, 0x00, 0x00, 0x00, 0x00, 0x00, 0x00, 0x3c, 0xff, 0xff, 0xff, 0xff, 0xff, 0xff, 0xcb, 
  0x00, 0x00, 0x00, 0x15, 0xff, 0xff, 0xff, 0x69, 0x00, 0x00, 0x00, 0x00, 0x00, 0x00, 0xff, 0xff, 
  0xff, 0xff, 0xff, 0xff, 0xff, 0x00, 0x00, 0x00, 0x00, 0x00, 0x00, 0x2d, 0x37, 0x00, 0x00, 0x00, 
  0x00, 0x00, 0x80, 0xff, 0xff, 0xff, 0xff, 0xff, 0xff, 0xff, 0xa0, 0x00, 0x00, 0xe0, 0x8e, 0x09, 
  0x00, 0x00, 0x00, 0x00, 0x00, 0x00, 0x00, 0xff, 0xff, 0xff, 0xff, 0xff, 0xff, 0xff, 0xc4, 0x00, 
  0x00, 0x00, 0x00, 0x4e, 0x9a, 0xbf, 0x3c, 0x00, 0x00, 0x00, 0x00, 0x00, 0x59, 0xff, 0xff, 0xff, 
  0xff, 0xff, 0xff, 0x3f, 0x00, 0x00, 0x00, 0xa4, 0xff, 0xff, 0xd8, 0x34, 0x00, 0x00, 0x00, 0x00, 
  0x00, 0x43, 0xff, 0xff, 0xff, 0xff, 0xff, 0xff, 0x9c, 0x00, 0x00, 0x00, 0x00, 0x00, 0x00, 0x00, 
  0x00, 0x00, 0x00, 0x00, 0x00, 0xbe, 0xff, 0xff, 0xff, 0xff, 0xff, 0xff, 0xff, 0x00, 0x00, 0x00, 
  0x00, 0xff, 0x35, 0x00, 0x00, 0x00, 0x00, 0x00, 0x00, 0x00, 0xce, 0xff, 0xff, 0xff, 0xff, 0xff, 
  0xff, 0xf9, 0x00, 0x00, 0x00, 0x00, 0x00, 0x00, 0xff, 0xff, 0xdf, 0xff, 0xc5, 0x06, 0x00, 0x00, 
  0x00, 0xff, 0xff, 0xff, 0xff, 0xff, 0xff, 0xa5, 0x00, 0x00, 0xaa, 0x51, 0x00, 0x00, 0x00, 0x00, 
  0x00, 0x00, 0x00, 0x4c, 0xff, 0xff, 0xff, 0xff, 0xff, 0xff, 0xff, 0x00, 0x00, 0x00, 0x00, 0x00, 
  0x00, 0x00, 0x00, 0x00, 0x00, 0x00, 0x00, 0x00, 0x90, 0xff, 0xff, 0xff, 0xff, 0xff, 0xff, 0xe3, 
  0x00, 0x00, 0x00, 0x00, 0x56, 0xa4, 0x79, 0x37, 0x00, 0x00, 0x0b, 0x00, 0x00, 0xc7, 0xff, 0xff, 
  0xff, 0xff, 0xff, 0xff, 0xff, 0x48, 0x00, 0x00, 0x00, 0x00, 0x00, 0x44, 0xff, 0xff, 0xff, 0xff, 
  0x9e, 0x00, 0x00, 0x00, 0xff, 0xff, 0xff, 0xff, 0xff, 0xff, 0xff, 0x1a, 0x00, 0x00, 0x00, 0x00, 
  0x00, 0x00, 0x00, 0x00, 0x00, 0x00, 0x9d, 0xff, 0xff, 0xff, 0xff, 0xff, 0xff, 0xff, 0x56, 0x00, 
  0x00, 0x00, 0x00, 0x00, 0x00, 0x00, 0x4e, 0x38, 0x70, 0x7c, 0x5a, 0xff, 0xff, 0xff, 0xff, 0xff, 
  0xff, 0xff, 0xff, 0x83, 0x00, 0x00, 0x00, 0x00, 0x00, 0x92, 0xcd, 0xff, 0xff, 0xff, 0xd6, 0x32, 
  0x60, 0xca, 0xff, 0xff, 0xff, 0xff, 0xff, 0xff, 0x8f, 0x00, 0x00, 0x00, 0x00, 0x00, 0x00, 0xba, 
  0xff, 0xff, 0xff, 0xff, 0x61, 0x64, 0xf3, 0xff, 0xff, 0xff, 0xff, 0xff, 0xff, 0xff, 0x72, 0x00, 
  0x00, 0x00, 0x00, 0x00, 0x00, 0x00, 0xaf, 0xfa, 0xdb, 0xff, 0xff, 0xff, 0xff, 0xff, 0xff, 0xff, 
  0xff, 0x41, 0x00, 0x00, 0x00, 0x00, 0x00, 0x00, 0x00, 0xff, 0xff, 0xff, 0xff, 0xe3, 0x3f, 0xa3, 
  0xff, 0xff, 0xff, 0xff, 0xff, 0xff, 0xf5, 0x36, 0x00, 0x00, 0x00, 0x00, 0x00, 0x46, 0x8e, 0xff, 
  0xff, 0xff, 0xff, 0xed, 0xff, 0xff, 0xff, 0xff, 0xff, 0xff, 0xff, 0x48, 0x00, 0x00, 0x00, 0x00, 
  0x00, 0x00, 0x0e, 0xff, 0xff, 0xff, 0xff, 0xff, 0xff, 0xff, 0xff, 0xf4, 0x99, 0xa1, 0x6d, 0xac, 
  0x2c, 0x00, 0x00, 0x00, 0x00, 0x00, 0x00, 0x00, 0xf6, 0xff, 0xff, 0xff, 0xff, 0xff, 0xff, 0xff, 
  0xff, 0xff, 0xff, 0x88, 0x00, 0x00, 0x00, 0x00, 0x00, 0x00, 0x00, 0x54, 0xff, 0xff, 0xff, 0xff, 
  0xff, 0xff, 0x00, 0x00, 0x00, 0x36, 0xf7, 0xff, 0xff, 0xff, 0x8c, 0x00, 0x00, 0x00, 0x00, 0x00, 
  0x00, 0xcf, 0xff, 0xff, 0xff, 0xff, 0xff, 0xff, 0x9d, 0x00, 0x30, 0xff, 0x92, 0x63, 0x00, 0x00, 
  0x00, 0x00, 0x00, 0x00, 0x00, 0x1c, 0xff, 0xff, 0xff, 0xff, 0xff, 0xff, 0xff, 0x00, 0x00, 0x00, 
  0x00, 0x00, 0x00, 0x00, 0x00, 0x00, 0x00, 0x00, 0x00, 0x0d, 0xb8, 0xff, 0xff, 0xff, 0xff, 0xff, 
  0xff, 0xff, 0x00, 0x00, 0x00, 0x15, 0x00, 0x00, 0x00, 0x00, 0x00, 0x00, 0x00, 0x00, 0x56, 0xff, 
  0xff, 0xff, 0xff, 0xff, 0xff, 0xe6, 0x00, 0x00, 0x00, 0x00, 0x9e, 0xff, 0xac, 0x28, 0x00, 0x00, 
  0x00, 0x00, 0x00, 0x00, 0x8f, 0xff, 0xff, 0xff, 0xff, 0xff, 0xff, 0xd1, 0x00, 0x00, 0x00, 0x00, 
  0x00, 0x00, 0x00, 0x00, 0x00, 0x00, 0x00, 0x00, 0xa6, 0xff, 0xff, 0xff, 0xff, 0xff, 0xff, 0xff, 
  0x00, 0x00, 0x00, 0x00, 0x00, 0x00, 0x00, 0x00, 0x00, 0x29, 0xab, 0x00, 0x74, 0xa7, 0xff, 0xff, 
  0xff, 0xff, 0xff, 0xbf, 0x00, 0x00, 0x00, 0x00, 0x48, 0x00, 0x00, 0x00, 0x00, 0x00, 0x00, 0x00, 
  0x00, 0xde, 0xff, 0xff, 0xff, 0xff, 0xff, 0xff, 0xff, 0x00, 0x00, 0x00, 0x00, 0x00, 0xd4, 0xff, 
  0xe6, 0x6a, 0x1f, 0x00, 0x00, 0x00, 0x00, 0xf0, 0xff, 0xff, 0xff, 0xff, 0xff, 0xff, 0xff, 0x00, 
  0x00, 0x00, 0x00, 0x00, 0x00, 0x00, 0x11, 0x7e, 0xff, 0x49, 0x9b, 0xff, 0xff, 0xff, 0xff, 0xff, 
  0xff, 0xff, 0xb4, 0x00, 0x00, 0x00, 0x00, 0x00, 0x00, 0x79, 0xff, 0xff, 0xff, 0xff, 0x58, 0x00, 
  0x9b, 0xff, 0xff, 0xff, 0xff, 0xff, 0xd8, 0xff, 0x00, 0x00, 0x00, 0x00, 0x00, 0x00, 0x00, 0x00, 
  0x00, 0x23, 0x37, 0x00, 0x85, 0xff, 0xff, 0xff, 0xff, 0xff, 0xff, 0xc7, 0x53, 0x00, 0x00, 0x00, 
  0x00, 0x22, 0xff, 0xff, 0xff, 0xf7, 0x48, 0x31, 0x00, 0x00, 0x78, 0xff, 0xff, 0xff, 0xff, 0xff, 
  0xff, 0xff, 0x6d, 0x00, 0x00, 0x00, 0x00, 0x00, 0x10, 0x4d, 0xad, 0xff, 0xff, 0xff, 0xff, 0xff, 
  0xff, 0xff, 0xff, 0xff, 0x77, 0x00, 0x00, 0x00, 0x00, 0x00, 0x00, 0xa8, 0xff, 0xff, 0xff, 0xec, 
  0x92, 0x8b, 0x1a, 0x53, 0xdd, 0xff, 0xff, 0xff, 0xff, 0xff, 0xff, 0x00, 0x00, 0x00, 0x00, 0x00, 
  0x09, 0x55, 0xff, 0xff, 0xff, 0xff, 0x00, 0x4c, 0xf1, 0xff, 0xff, 0xff, 0xff, 0xff, 0xff, 0xa5, 
  0x00, 0x00, 0x00, 0x00, 0x00, 0x47, 0xe1, 0xff, 0xff, 0x5d, 0xff, 0xef, 0xb8, 0xff, 0xff, 0xff, 
  0xff, 0xff, 0xff, 0xff, 0xbc, 0x00, 0x00, 0x00, 0x00, 0x00, 0x00, 0x00, 0xc1, 0xff, 0xff, 0xff, 
  0xff, 0xff, 0xff, 0xff, 0xff, 0xff, 0xff, 0xc2, 0x00, 0x00, 0x00, 0x00, 0x00, 0x00, 0xff, 0xff, 
  0xff, 0xff, 0xff, 0x70, 0x00, 0x00, 0x19, 0xe0, 0xff, 0xff, 0xff, 0xff, 0xff, 0xff, 0x00, 0x00, 
  0x00, 0x00, 0x00, 0x00, 0x00, 0xb4, 0xff, 0xff, 0xff, 0xff, 0xff, 0xff, 0xff, 0xff, 0xff, 0xff, 
  0xff, 0xff, 0x5b, 0x00, 0x00, 0x00, 0x00, 0x00, 0x33, 0x7d, 0xff, 0xff, 0xff, 0xff, 0xff, 0xff, 
  0xff, 0xd6, 0xff, 0xff, 0xff, 0xff, 0x9c, 0x00, 0x00, 0x00, 0x00, 0x00, 0x00, 0x09, 0x5d, 0xff, 
  0xff, 0xff, 0xff, 0xff, 0xff, 0xff, 0xff, 0xff, 0xff, 0xff, 0x66, 0x00, 0x00, 0x00, 0x00, 0x00, 
  0x00, 0xfc, 0xff, 0xff, 0xff, 0xff, 0xa1, 0x9e, 0x5f, 0xbc, 0xff, 0xff, 0xff, 0xff, 0xff, 0xff, 
  0x76, 0x00, 0x00, 0x00, 0x00, 0x00, 0x00, 0x00, 0xff, 0xff, 0xff, 0xff, 0xff, 0xff, 0xff, 0x46, 
  0x39, 0x00, 0xf1, 0xff, 0x39, 0x00, 0x00, 0x00, 0x00, 0x00, 0x00, 0xa5, 0xff, 0xff, 0xff, 0xff, 
  0xff, 0xff, 0xff, 0xce, 0xaf, 0x69, 0x76, 0xff, 0xde, 0x2d, 0x00, 0x00, 0x00, 0x00, 0x00, 0x00, 
  0x98, 0xff, 0xff, 0xff, 0xff, 0xff, 0xec, 0xda, 0x89, 0xff, 0xff, 0xff, 0xff, 0x81, 0x00, 0x00, 
  0x00, 0x00, 0x00, 0x00, 0x1b, 0xff, 0xff, 0xff, 0xff, 0xff, 0xdb, 0xc4, 0xd0, 0x8a, 0xff, 0xcd, 
  0xff, 0xff, 0xff, 0x38, 0x00, 0x00, 0x00, 0x00, 0x00, 0x00, 0x00, 0xff, 0xff, 0xff, 0xff, 0xff, 
  0xff, 0xff, 0xff, 0xac, 0x27, 0x3c, 0x00, 0x00, 0x00, 0x00, 0x00, 0x00, 0x00, 0xff, 0xff, 0xff, 
  0xff, 0xff, 0xff, 0xf3, 0x78, 0x7d, 0xb1, 0xaf, 0xe7, 0xff, 0xff, 0xda, 0x44, 0x00, 0x00, 0x00, 
  0x00, 0x00, 0x00, 0xff, 0xff, 0xff, 0xff, 0xff, 0xff, 0xf7, 0x79, 0x4b, 0xbc, 0xf5, 0xff, 0xff, 
  0x4e, 0x00, 0x00, 0x00, 0x00, 0x00, 0x00, 0xff, 0xff, 0xff, 0xff, 0xff, 0xff, 0xff, 0x9b, 0x80, 
  0x6e, 0x44, 0x55, 0xef, 0xff, 0x54, 0x00, 0x00, 0x00, 0x00, 0x00, 0x00, 0x00, 0xb9, 0xff, 0xff, 
  0xff, 0xff, 0xff, 0xff, 0x72, 0x2b, 0x4c, 0xd5, 0x60, 0x00, 0x00, 0x00, 0x00, 0x00, 0x00, 0x00, 
  0xff, 0xff, 0xff, 0xff, 0xff, 0x92, 0x2b, 0x00, 0x40, 0xa4, 0xff, 0xff, 0xff, 0xff, 0xff, 0x83, 
  0x00, 0x00, 0x00, 0x00, 0x00, 0x00, 0x7a, 0xff, 0xff, 0xff, 0xff, 0xff, 0xff, 0x00, 0x00, 0x00, 
  0x46, 0xff, 0xff, 0xfb, 0x00, 0x00, 0x00, 0x00, 0x00, 0x00, 0x65, 0xac, 0xff, 0xff, 0xff, 0xff, 
  0xff, 0xff, 0x50, 0x00, 0x33, 0xd7, 0xf5, 0x69, 0x00, 0x00, 0x00, 0x00, 0x00, 0x00, 0x00, 0xe9, 
  0xff, 0xff, 0xff, 0xff, 0xff, 0xff, 0x56, 0x00, 0x00, 0x53, 0xff, 0x84, 0x3b, 0x00, 0x00, 0x00, 
  0x00, 0x00, 0x00, 0xff, 0xff, 0xff, 0xff, 0xff, 0xff, 0xab, 0x05, 0x00, 0x07, 0x00, 0x86, 0xff, 
  0xff, 0xff, 0x62, 0x00, 0x00, 0x00, 0x00, 0x00, 0x00, 0x83, 0xff, 0xff, 0xff, 0xff, 0xff, 0xff, 
  0x00, 0x00, 0x00, 0x00, 0x20, 0xff, 0xe9, 0x00, 0x00, 0x00, 0x00, 0x00, 0x00, 0x00, 0xff, 0xff, 
  0xff, 0xff, 0xff, 0xff, 0xff, 0x6d, 0x00, 0x00, 0xc8, 0xf9, 0x7b, 0x00, 0x00, 0x00, 0x00, 0x00, 
  0x00, 0x00, 0xed, 0xff, 0xff, 0xff, 0xff, 0xff, 0xff, 0x00, 0x00, 0x00, 0x00, 0xad, 0xff, 0xff, 
  0x8e, 0x00, 0x00, 0x00, 0x00, 0x00, 0x00, 0xbe, 0xff, 0xff, 0xff, 0xff, 0xff, 0xff, 0xff, 0x47, 
  0x00, 0x78, 0xd3, 0xff, 0x8e, 0x00, 0x00, 0x00, 0x00, 0x00, 0x00, 0x00, 0xf7, 0xff, 0xff, 0xff, 
  0xff, 0xff, 0xff, 0x6e, 0x00, 0x00, 0x00, 0x00, 0x00, 0x4e, 0x00, 0x00, 0x00, 0x00, 0x00, 0x00, 
  0x99, 0xff, 0xff, 0xff, 0xff, 0xff, 0xff, 0xdb, 0x6d, 0x00, 0x84, 0xff, 0xba, 0x0a, 0x00, 0x00, 
  0x00, 0x00, 0x00, 0x00, 0x0d, 0xff, 0xff, 0xff, 0xff, 0xff, 0xff, 0xc7, 0x00, 0x00, 0x00, 0x00, 
  0x23, 0xe3, 0xff, 0xff, 0xdc, 0x00, 0x00, 0x00, 0x00, 0x00, 0x00, 0x92, 0xff, 0xff, 0xff, 0xff, 
  0xff, 0xff, 0xc6, 0x00, 0x00, 0x47, 0x00, 0x00, 0x00, 0x00, 0x00, 0x00, 0x00, 0x00, 0x2f, 0xff, 
  0xff, 0xff, 0xff, 0xff, 0xff, 0xff, 0x00, 0x00, 0x00, 0x00, 0x00, 0x87, 0x89, 0x00, 0x00, 0x00, 
  0x00, 0x00, 0x00, 0x0a, 0xff, 0xff, 0xff, 0xff, 0xff, 0xff, 0xf2, 0x6b, 0x00, 0x78, 0xff, 0x77, 
  0x00, 0x00, 0x00, 0x00, 0x00, 0x00, 0x00, 0x00, 0xff, 0xff, 0xff, 0xff, 0xff, 0xff, 0xff, 0x0f, 
  0x00, 0x00, 0x00, 0x00, 0xb0, 0xff, 0xe1, 0x4e, 0x00, 0x00, 0x00, 0x00, 0x00, 0x00, 0xff, 0xff, 
  0xff, 0xff, 0xff, 0xff, 0xff, 0x00, 0x00, 0x00, 0x00, 0x00, 0x00, 0x00, 0x00, 0x00, 0x00, 0x00, 
  0x00, 0x55, 0xff, 0xff, 0xff, 0xff, 0xff, 0xff, 0x00, 0x00, 0x00, 0x00, 0x00, 0xc6, 0xff, 0xe9, 
  0x7a, 0x00, 0x00, 0x00, 0x00, 0x00, 0x6f, 0xff, 0xff, 0xff, 0xff, 0xff, 0xff, 0x9d, 0x00, 0x00, 
  0x00, 0xc8, 0xa3, 0x00, 0x00, 0x00, 0x00, 0x00, 0x00, 0x00, 0x00, 0xfd, 0xff, 0xff, 0xff, 0xff, 
  0xff, 0xff, 0x2a, 0x00, 0x00, 0x00, 0x00, 0x00, 0x8b, 0xf9, 0x9c, 0x6c, 0x11, 0x00, 0x00, 0x00, 
  0x2c, 0xff, 0xff, 0xff, 0xff, 0xff, 0xff, 0xfe, 0x00, 0x00, 0x00, 0x00, 0x00, 0x00, 0x00, 0x00, 
  0x00, 0x00, 0x18, 0x8c, 0xff, 0xff, 0xff, 0xff, 0xff, 0xff, 0x78, 0xb6, 0x00, 0x00, 0x00, 0x00, 
  0x9d, 0xe3, 0xff, 0x88, 0x41, 0x00, 0x00, 0x00, 0x00, 0x1a, 0xff, 0xff, 0xff, 0xff, 0xff, 0xff, 
  0xe2, 0x00, 0x00, 0x00, 0x00, 0x00, 0x00, 0x00, 0x00, 0x00, 0x00, 0x00, 0x00, 0x98, 0xff, 0xff, 
  0xff, 0xff, 0xff, 0xff, 0xff, 0x7b, 0x00, 0x00, 0x00, 0x00, 0x00, 0xfa, 0xff, 0xff, 0xff, 0xc0, 
  0x43, 0x00, 0x00, 0xa0, 0xff, 0xff, 0xff, 0xff, 0xff, 0xff, 0xff, 0x00, 0x00, 0x00, 0x00, 0x00, 
  0x00, 0x00, 0x00, 0x8f, 0xa1, 0x8b, 0xff, 0xff, 0xff, 0xff, 0xff, 0xff, 0xff, 0x00, 0x00, 0x00, 
  0x00, 0x00, 0x00, 0xf4, 0xff, 0xff, 0xf0, 0xa1, 0x70, 0x00, 0x00, 0x15, 0xf7, 0xff, 0xff, 0xff, 
  0xff, 0xff, 0xff, 0xcb, 0x00, 0x00, 0x00, 0x00, 0x00, 0x00, 0x24, 0xbf, 0xdb, 0xff, 0xaf, 0xce, 
  0xff, 0xff, 0xff, 0xff, 0xff, 0xff, 0xff, 0xcd, 0x00, 0x00, 0x00, 0x00, 0x00, 0x49, 0xff, 0xff, 
  0xff, 0xff, 0xff, 0x7a, 0x50, 0xd2, 0xff, 0xff, 0xff, 0xff, 0xff, 0xff, 0x39, 0x00, 0x00, 0x00, 
  0x00, 0x00, 0x00, 0x00, 0x40, 0x75, 0xff, 0xf4, 0xff, 0xff, 0xff, 0xff, 0xff, 0xff, 0xff, 0xff, 
  0xc0, 0x00, 0x00, 0x00, 0x00, 0x00, 0xa4, 0xff, 0xff, 0xff, 0xff, 0xe8, 0x19, 0x00, 0x0c, 0xde, 
  0xff, 0xff, 0xff, 0xff, 0xff, 0xff, 0x92, 0x00, 0x00, 0x00, 0x00, 0x00, 0x00, 0x00, 0xba, 0xff, 
  0xff, 0xff, 0xff, 0xff, 0xff, 0xff, 0xff, 0xbe, 0xff, 0x50, 0x1c, 0x00, 0x00, 0x00, 0x00, 0x00, 
  0xff, 0xff, 0xff, 0xff, 0xff, 0xc1, 0x41, 0x58, 0xc1, 0xff, 0xff, 0xff, 0xff, 0xff, 0xff, 0x00, 
  0x00, 0x00, 0x00, 0x00, 0x00, 0x6c, 0xff, 0xff, 0xff, 0xd3, 0x60, 0xba, 0xff, 0xff, 0xff, 0xff, 
  0xff, 0xff, 0xff, 0x57, 0x00, 0x00, 0x00, 0x00, 0x00, 0x00, 0xff, 0xff, 0xff, 0xff, 0xff, 0xc9, 
  0x00, 0x07, 0x57, 0xff, 0xff, 0xff, 0xff, 0xff, 0xff, 0x04, 0x00, 0x00, 0x00, 0x00, 0x00, 0x00, 
  0xff, 0xff, 0xff, 0xff, 0xff, 0xdf, 0xff, 0xff, 0xff, 0xff, 0xff, 0xff, 0x00, 0x00, 0x00, 0x00, 
  0x00, 0x00, 0xe2, 0xff, 0xff, 0xff, 0xff, 0xa6, 0x0d, 0x00, 0x00, 0x76, 0xff, 0xff, 0xff, 0xff, 
  0xff, 0xe7, 0x00, 0x00, 0x00, 0x00, 0x00, 0x00, 0xd0, 0xff, 0xff, 0xff, 0xff, 0xff, 0xff, 0xd0, 
  0xff, 0xff, 0xff, 0xff, 0xff, 0xa8, 0x24, 0x00, 0x00, 0x00, 0x00, 0x00, 0x9a, 0xff, 0xff, 0xff, 
  0xff, 0xff, 0x44, 0x00, 0x00, 0x8d, 0xee, 0xed, 0xff, 0xff, 0xff, 0x3a, 0x00, 0x00, 0x00, 0x00, 
  0x00, 0x00, 0xf5, 0xff, 0xff, 0xff, 0xff, 0xff, 0xff, 0xff, 0xff, 0xff, 0xff, 0x4f, 0x00, 0x00, 
  0x00, 0x00, 0x00, 0x00, 0x57, 0xff, 0xff, 0xff, 0xff, 0xff, 0x4a, 0x00, 0x29, 0x80, 0xff, 0xff, 
  0xff, 0xff, 0xff, 0xff, 0x1e, 0x00, 0x00, 0x00, 0x00, 0x00, 0x00, 0xff, 0xff, 0xff, 0xff, 0xff, 
  0xff, 0xff, 0xff, 0xff, 0xff, 0xff, 0xff, 0x1a, 0x00, 0x00, 0x00, 0x00, 0x00, 0x00, 0x3f, 0xff, 
  0xff, 0xff, 0xff, 0xff, 0xe9, 0x88, 0x9e, 0xff, 0xff, 0xff, 0xf6, 0xff, 0x8d, 0x00, 0x00, 0x00, 
  0x00, 0x00, 0x00, 0xaf, 0xff, 0xff, 0xff, 0xff, 0xff, 0xff, 0xff, 0xff, 0xff, 0xff, 0xff, 0xff, 
  0x4d, 0x00, 0x00, 0x00, 0x00, 0x00, 0x00, 0xe3, 0xff, 0xff, 0xff, 0xff, 0xff, 0x00, 0x00, 0x54, 
  0x8f, 0xff, 0xff, 0xff, 0xff, 0xff, 0x57, 0x00, 0x00, 0x00, 0x00, 0x00, 0x00, 0x0d, 0xff, 0xff, 
  0xff, 0xff, 0xff, 0xff, 0xff, 0xff, 0xff, 0xcf, 0xf7, 0x37, 0x00, 0x00, 0x00, 0x00, 0x00, 0x00, 
  0xff, 0xff, 0xff, 0xff, 0xff, 0xff, 0xe5, 0x14, 0x80, 0x38, 0xc6, 0xff, 0xff, 0xff, 0xff, 0x07, 
  0x00, 0x00, 0x00, 0x00, 0x00, 0x00, 0x99, 0xff, 0xff, 0xff, 0xff, 0xff, 0xff, 0xff, 0xff, 0xff, 
  0xff, 0xff, 0xff, 0x14, 0x00, 0x00, 0x00, 0x00, 0x00, 0x00, 0x00, 0xff, 0xff, 0xff, 0xff, 0xff, 
  0xff, 0xd8, 0x94, 0xbf, 0xa5, 0xf5, 0xff, 0xff, 0x24, 0x00, 0x00, 0x00, 0x00, 0x00, 0x00, 0x00, 
  0xff, 0xff, 0xff, 0xff, 0xff, 0xff, 0xff, 0xff, 0xff, 0xff, 0xff, 0x27, 0x00, 0x00, 0x00, 0x00, 
  0x00, 0x00, 0xef, 0xff, 0xff, 0xff, 0xff, 0xff, 0x00, 0x00, 0x10, 0x35, 0xff, 0xff, 0xff, 0xff, 
  0xff, 0x85, 0x00, 0x00, 0x00, 0x00, 0x00, 0x00, 0xd6, 0xff, 0xff, 0xff, 0xff, 0xff, 0xff, 0xff, 
  0xff, 0xff, 0xff, 0xff, 0xff, 0x3b, 0x00, 0x00, 0x00, 0x00, 0x00, 0x00, 0x00, 0xff, 0xff, 0xff, 
  0xff, 0xff, 0xff, 0xd6, 0x71, 0x27, 0x2c, 0xd8, 0xff, 0xeb, 0x00, 0x00, 0x00, 0x00, 0x00, 0x00, 
  0x00, 0xd5, 0xff, 0xff, 0xff, 0xff, 0xff, 0xff, 0xf2, 0xff, 0xff, 0xff, 0xff, 0x5e, 0x00, 0x00, 
  0x00, 0x00, 0x00, 0x00, 0x00, 0xff, 0xff, 0xff, 0xff, 0xff, 0xfc, 0x00, 0x00, 0x07, 0x47, 0x87, 
  0xff, 0xff, 0xff, 0xec, 0x00, 0x00, 0x00, 0x00, 0x00, 0x00, 0x52, 0xff, 0xff, 0xff, 0xff, 0xff, 
  0xff, 0xff, 0xd9, 0xed, 0x8a, 0xf8, 0xf8, 0x00, 0x00, 0x00, 0x00, 0x00, 0x00, 0x00, 0x02, 0xff, 
  0xff, 0xff, 0xff, 0xff, 0xff, 0xff, 0xce, 0x9d, 0x39, 0x55, 0xff, 0xc8, 0x00, 0x00, 0x00, 0x00, 
  0x00, 0x00, 0x00, 0x46, 0xff, 0xff, 0xff, 0xff, 0xff, 0xff, 0xe4, 0xa4, 0xff, 0xff, 0xff, 0xff, 
  0x48, 0x00, 0x00, 0x00, 0x00, 0x00, 0x00, 0x00, 0xe2, 0xff, 0xff, 0xff, 0xff, 0xff, 0x80, 0x00, 
  0x00, 0x0f, 0x1e, 0xa5, 0xff, 0xff, 0xcd, 0x00, 0x00, 0x00, 0x00, 0x00, 0x00, 0x1a, 0xff, 0xff, 
  0xff, 0xff, 0xff, 0xff, 0xff, 0x78, 0xb9, 0x46, 0x9b, 0x9a, 0x00, 0x00, 0x00, 0x00, 0x00, 0x00, 
  0x3f, 0xff, 0xff, 0xff, 0xff, 0xff, 0xff, 0x4b, 0x00, 0x28, 0x76, 0xd8, 0xdb, 0xff, 0xff, 0x4a, 
  0x00, 0x00, 0x00, 0x00, 0x00, 0x4b, 0xff, 0xff, 0xff, 0xff, 0xff, 0xff, 0x3d, 0x6a, 0x55, 0xab, 
  0xff, 0xff, 0xff, 0x7a, 0x00, 0x00, 0x00, 0x00, 0x00, 0x00, 0xc0, 0xff, 0xff, 0xff, 0xff, 0xff, 
  0xff, 0xf1, 0x00, 0x00, 0x00, 0x00, 0xcc, 0xff, 0xff, 0x7f, 0x00, 0x00, 0x00, 0x00, 0x00, 0x00, 
  0x6d, 0xff, 0xff, 0xff, 0xff, 0xff, 0xff, 0x83, 0x61, 0xb2, 0xbc, 0xab, 0x35, 0x00, 0x00, 0x00, 
  0x00, 0x00, 0x00, 0x00, 0xff, 0xff, 0xff, 0xff, 0xff, 0x75, 0x00, 0x00, 0x00, 0x85, 0x6b, 0xc9, 
  0xff, 0xff, 0x5d, 0x00, 0x00, 0x00, 0x00, 0x00, 0x00, 0xca, 0xff, 0xff, 0xff, 0xff, 0xff, 0xff, 
  0x9d, 0x1c, 0x00, 0x94, 0xb9, 0xc3, 0x00, 0x00, 0x00, 0x00, 0x00, 0x00, 0x00, 0x57, 0xff, 0xff, 
  0xff, 0xff, 0xff, 0xff, 0xa6, 0x00, 0x00, 0x00, 0x00, 0xaa, 0xff, 0xa2, 0x00, 0x00, 0x00, 0x00, 
  0x00, 0x00, 0x00, 0xff, 0xff, 0xff, 0xff, 0xff, 0xff, 0xff, 0xcc, 0xff, 0xcb, 0x7e, 0xd4, 0x00, 
  0x00, 0x00, 0x00, 0x00, 0x00, 0x00, 0x8b, 0xff, 0xff, 0xff, 0xff, 0xff, 0xfb, 0x8a, 0x83, 0x00, 
  0x4b, 0x60, 0xba, 0xff, 0xd2, 0x1c, 0x00, 0x00, 0x00, 0x00, 0x00, 0x44, 0x9d, 0xff, 0xff, 0xff, 
  0xff, 0xff, 0xff, 0x73, 0x00, 0x43, 0x09, 0xa1, 0xc2, 0x00, 0x00, 0x00, 0x00, 0x00, 0x00, 0x00, 
  0x91, 0xff, 0xff, 0xff, 0xff, 0xff, 0xff, 0x7b, 0x00, 0x00, 0x03, 0x4f, 0xcf, 0xff, 0x0b, 0x00, 
  0x00, 0x00, 0x00, 0x00, 0x11, 0xff, 0xff, 0xff, 0xff, 0xff, 0xff, 0xee, 0xf3, 0xbc, 0x90, 0xd1, 
  0xff, 0xff, 0x65, 0x00, 0x00, 0x00, 0x00, 0x00, 0x00, 0x33, 0xff, 0xff, 0xff, 0xff, 0xff, 0xff, 
  0xa4, 0x17, 0x00, 0x00, 0x26, 0xd6, 0xff, 0xce, 0x1b, 0x00, 0x00, 0x00, 0x00, 0x00, 0x08, 0xff, 
  0xff, 0xff, 0xff, 0xff, 0xff, 0xff, 0xc1, 0x00, 0x2f, 0x7c, 0x00, 0x00, 0x00, 0x00, 0x00, 0x00, 
  0x00, 0x00, 0xde, 0xff, 0xff, 0xff, 0xff, 0xff, 0xff, 0x49, 0x00, 0x00, 0x00, 0x2d, 0xd9, 0xff, 
  0xf2, 0x00, 0x00, 0x00, 0x00, 0x00, 0x00, 0x3d, 0xff, 0xff, 0xff, 0xff, 0xff, 0xff, 0xff, 0xfb, 
  0x04, 0x72, 0xff, 0xfa, 0x72, 0x00, 0x00, 0x00, 0x00, 0x00, 0x00, 0x00, 0xff, 0xff, 0xff, 0xff, 
  0xff, 0xff, 0xff, 0xff, 0x00, 0x00, 0x00, 0x00, 0x69, 0xa8, 0x01, 0x00, 0x00, 0x00, 0x00, 0x00, 
  0x00, 0x4d, 0xff, 0xff, 0xff, 0xff, 0xff, 0xff, 0xff, 0x00, 0x00, 0x40, 0x00, 0x00, 0x00, 0x00, 
  0x00, 0x00, 0x00, 0x00, 0x00, 0xff, 0xff, 0xff, 0xff, 0xff, 0xff, 0xdb, 0x42, 0x00, 0x00, 0x00, 
  0x60, 0xff, 0xff, 0x8a, 0x00, 0x00, 0x00, 0x00, 0x00, 0x00, 0x00, 0xff, 0xff, 0xff, 0xff, 0xff, 
  0xff, 0xff, 0xb1, 0x00, 0x00, 0x00, 0x00, 0x00, 0x00, 0x00, 0x00, 0x00, 0x00, 0x00, 0x00, 0xff, 
  0xff, 0xff, 0xff, 0xff, 0xff, 0xff, 0xff, 0x00, 0x00, 0x00, 0x00, 0x00, 0x9d, 0x5f, 0x3b, 0x00, 
  0x00, 0x00, 0x00, 0x00, 0xa5, 0xff, 0xff, 0xff, 0xff, 0xff, 0xff, 0xff, 0x00, 0x00, 0x00, 0x2f, 
  0x00, 0x00, 0x00, 0x00, 0x00, 0x00, 0x00, 0x00, 0xba, 0xff, 0xff, 0xff, 0xff, 0xff, 0xff, 0xff, 
  0x00, 0x00, 0x00, 0x00, 0xdd, 0xa2, 0x00, 0x00, 0x00, 0x00, 0x00, 0x00, 0x00, 0x74, 0xff, 0xff, 
  0xff, 0xff, 0xff, 0xff, 0xff, 0x00, 0x00, 0x00, 0x00, 0x00, 0x00, 0x00, 0x00, 0x00, 0x00, 0x37, 
  0x00, 0x00, 0xc6, 0xff, 0xff, 0xff, 0xff, 0xff, 0xff, 0x8c, 0x00, 0x00, 0x00, 0x05, 0x4b, 0x00, 
  0x00, 0x00, 0x00, 0x00, 0x00, 0x00, 0x8a, 0xff, 0xff, 0xff, 0xff, 0xff, 0xff, 0xff, 0x00, 0x00, 
  0x00, 0x00, 0x45, 0x00, 0x00, 0x00, 0x00, 0x00, 0x00, 0x00, 0x00, 0x9c, 0xff, 0xff, 0xff, 0xff, 
  0xff, 0xff, 0xff, 0x00, 0x00, 0x00, 0x00, 0x00, 0x35, 0x00, 0x00, 0x00, 0x00, 0x00, 0x00, 0x00, 
  0x80, 0xff, 0xff, 0xff, 0xff, 0xff, 0xff, 0xff, 0x00, 0x00, 0x00, 0x00, 0x00, 0x00, 0x00, 0x00, 
  0x30, 0x8b, 0x1f, 0x85, 0x11, 0x7c, 0xff, 0xff, 0xff, 0xff, 0xff, 0xc9, 0x4d, 0x00, 0x00, 0x00, 
  0xd2, 0x41, 0x00, 0x00, 0x00, 0x00, 0x00, 0x00, 0x00, 0xa0, 0xff, 0xff, 0xff, 0xff, 0xff, 0xff, 
  0xb6, 0x00, 0x00, 0x00, 0x00, 0x00, 0x00, 0x00, 0x00, 0x00, 0x00, 0x00, 0x00, 0x00, 0xff, 0xff, 
  0xff, 0xff, 0xff, 0xff, 0xff, 0xaa, 0x00, 0x00, 0x00, 0x00, 0x00, 0x00, 0x00, 0x00, 0x00, 0x00, 
  0x1b, 0x00, 0x7a, 0xff, 0xff, 0xff, 0xff, 0xff, 0xff, 0xff, 0x9c, 0x00, 0x00, 0x00, 0x00, 0x00, 
  0x00, 0x00, 0x2c, 0x50, 0xe2, 0xbe, 0xc5, 0xff, 0xff, 0xff, 0xff, 0xff, 0xff, 0x40, 0x00, 0x00, 
  0x00, 0x11, 0x79, 0xe9, 0xc1, 0x00, 0x00, 0x00, 0x00, 0x00, 0x00, 0x4b, 0xff, 0xff, 0xff, 0xff, 
  0xff, 0xff, 0xff, 0xed, 0x00, 0x00, 0x00, 0x00, 0x00, 0x00, 0x2f, 0x89, 0xcf, 0xdb, 0x00, 0x1c, 
  0xc6, 0xff, 0xff, 0xff, 0xff, 0xff, 0xff, 0xff, 0x00, 0x00, 0x00, 0x00, 0x00, 0x00, 0x2a, 0x44, 
  0x47, 0xbb, 0x7b, 0x85, 0xfa, 0xff, 0xff, 0xff, 0xff, 0xff, 0xf3, 0xf4, 0x39, 0x00, 0x00, 0x00, 
  0x00, 0x00, 0x00, 0x0c, 0x27, 0x4e, 0x1b, 0x0d, 0x5c, 0xff, 0xff, 0xff, 0xff, 0xff, 0xff, 0x58, 
  0x00, 0x00, 0x00, 0x00, 0x00, 0x00, 0x89, 0x63, 0x8b, 0x63, 0x15, 0x00, 0x00, 0x00, 0xff, 0xff, 
  0xff, 0xff, 0xff, 0xff, 0xff, 0xff, 0x11, 0x00, 0x00, 0x00, 0x00, 0x00, 0x00, 0x42, 0xd8, 0xb9, 
  0xd1, 0xff, 0xff, 0xff, 0xff, 0xff, 0xff, 0xff, 0x37, 0x00, 0x00, 0x00, 0x00, 0x00, 0x00, 0x12, 
  0xcc, 0xff, 0xff, 0x9d, 0x3c, 0x30, 0xe9, 0xff, 0xff, 0xff, 0xff, 0xff, 0x3b, 0x00, 0x00, 0x00, 
  0x00, 0x00, 0x00, 0x00, 0x1b, 0xc0, 0xd2, 0xb0, 0xff, 0x35, 0x27, 0xe7, 0xff, 0xff, 0xff, 0xff, 
  0xff, 0xff, 0xbe, 0x00, 0x00, 0x00, 0x00, 0x00, 0x12, 0xf1, 0xff, 0xff, 0xff, 0x63, 0x00, 0x00, 
  0xbe, 0xff, 0xff, 0xff, 0xff, 0xff, 0xff, 0xd5, 0x07, 0x00, 0x00, 0x00, 0x00, 0x00, 0x00, 0x48, 
  0x7d, 0x9e, 0xff, 0xff, 0xff, 0xff, 0xff, 0xff, 0xff, 0xff, 0x00, 0x00, 0x00, 0x00, 0x00, 0x00, 
  0x00, 0xd4, 0xff, 0xff, 0xec, 0xbd, 0x00, 0x00, 0x98, 0xff, 0xff, 0xff, 0xff, 0xff, 0xff, 0x55, 
  0x00, 0x00, 0x00, 0x00, 0x00, 0x00, 0x00, 0x19, 0xba, 0xe4, 0xb1, 0x20, 0x47, 0xff, 0xff, 0xff, 
  0xff, 0xff, 0xff, 0xff, 0xff, 0x15, 0x00, 0x00, 0x00, 0x00, 0x00, 0x00, 0x00, 0xa4, 0xd9, 0x9a, 
  0x7a, 0xff, 0xff, 0xff, 0xff, 0xff, 0xff, 0xf1, 0x40, 0x00, 0x00, 0x00, 0x00, 0x00, 0x00, 0x00, 
  0x00, 0x00, 0x8c, 0x16, 0x99, 0xff, 0xff, 0xff, 0xff, 0xff, 0xff, 0xff, 0xb3, 0x00, 0x00, 0x00, 
  0x00, 0x00, 0x00, 0x47, 0xff, 0xff, 0xff, 0xff, 0xb1, 0x00, 0x02, 0x1e, 0xff, 0xff, 0xff, 0xff, 
  0xff, 0xff, 0xff, 0x00, 0x00, 0x00, 0x00, 0x00, 0x00, 0x00, 0x00, 0x6f, 0x9c, 0x44, 0xc9, 0xff, 
  0xff, 0xff, 0xff, 0xff, 0xff, 0xff, 0xce, 0x00, 0x00, 0x00, 0x00, 0x00, 0x00, 0x00, 0x00, 0x45, 
  0x59, 0x51, 0xf4, 0xff, 0xff, 0xff, 0xff, 0xff, 0xff, 0xf5, 0x9f, 0x00, 0x00, 0x00, 0x00, 0x00, 
  0x00, 0x00, 0x0a, 0x6c, 0x8f, 0xc2, 0x67, 0x92, 0xff, 0xff, 0xff, 0xff, 0xff, 0xff, 0xff, 0xe0, 
  0x00, 0x00, 0x00, 0x00, 0x00, 0x00, 0xab, 0xc1, 0xff, 0xff, 0xff, 0x86, 0x46, 0xe6, 0xff, 0xff, 
  0xff, 0xff, 0x9d, 0x42, 0x00, 0x00, 0x00, 0x00, 0x03, 0x00, 0x00, 0x00, 0x00, 0x00, 0x53, 0x00, 
  0x48, 0xff, 0xff, 0xff, 0xff, 0xff, 0xff, 0xff, 0xdc, 0x00, 0x00, 0x00, 0x00, 0x00, 0x00, 0x5e, 
  0xff, 0xb3, 0xc0, 0xc4, 0x61, 0xbf, 0xff, 0xff, 0xff, 0xff, 0xff, 0xff, 0xe9, 0x2b, 0x00, 0x00, 
  0x00, 0x00, 0x00, 0x2f, 0x6c, 0xe6, 0xff, 0xf4, 0xff, 0x4d, 0x6d, 0xff, 0xff, 0xff, 0xff, 0xff, 
  0xff, 0x68, 0x00, 0x00, 0x00, 0x00, 0x00, 0x00, 0x00, 0x0a, 0x71, 0xbe, 0x29, 0x49, 0xff, 0xff, 
  0xff, 0xff, 0xff, 0xff, 0xff, 0x00, 0x00, 0x00, 0x00, 0x00, 0x00, 0x34, 0x00, 0x0d, 0x32, 0x23, 
  0x32, 0x00, 0x2a, 0xff, 0xff, 0xff, 0xff, 0xff, 0xff, 0xff, 0xff, 0x00, 0x00, 0x00, 0x00, 0x00, 
  0x00, 0x00, 0x93, 0xff, 0xff, 0xff, 0x43, 0xa2, 0xff, 0xff, 0xff, 0xff, 0xff, 0xff, 0x44, 0x00, 
  0x00, 0x00, 0x00, 0x00, 0x00, 0x8f, 0xfe, 0xf5, 0x9d, 0x93, 0x34, 0x0f, 0xff, 0xff, 0xff, 0xff, 
  0xff, 0xff, 0x89, 0x00, 0x00, 0x00, 0x00, 0x00, 0x00, 0x00, 0x00, 0x00, 0x46, 0x4e, 0x00, 0x00, 
  0xbd, 0xff, 0xff, 0xff, 0xff, 0xff, 0xff, 0xf5, 0x00, 0x00, 0x00, 0x00, 0x00, 0x00, 0x72, 0xc4, 
  0xff, 0xff, 0xa5, 0x00, 0x00, 0x3a, 0xff, 0xff, 0xff, 0xff, 0xff, 0xff, 0xff, 0x81, 0x00, 0x00, 
  0x00, 0x00, 0x00, 0x00, 0x36, 0x9a, 0xff, 0xff, 0xd9, 0xff, 0xff, 0xff, 0xff, 0xff, 0xff, 0xa9, 
  0x00, 0x00, 0x00, 0x00, 0x00, 0x00, 0x86, 0x62, 0x73, 0xac, 0x53, 0x15, 0x00, 0x00, 0xff, 0xff, 
  0xff, 0xff, 0xff, 0xff, 0xff, 0x99, 0x00, 0x00, 0x00, 0x00, 0x00, 0x00, 0x00, 0x05, 0x98, 0xd8, 
  0x15, 0x00, 0xf3, 0xff, 0xff, 0xff, 0xff, 0xff, 0xff, 0xff, 0x1e, 0x00, 0x00, 0x00, 0x00, 0x00, 
  0x00, 0xff, 0xff, 0xff, 0xff, 0x8f, 0x82, 0xff, 0xff, 0xff, 0xff, 0xff, 0xff, 0xff, 0xff, 0x05, 
  0x00, 0x00, 0x00, 0x00, 0x00, 0x00, 0x33, 0x78, 0xf9, 0xb7, 0xfc, 0xff, 0xff, 0xff, 0xff, 0xff, 
  0xff, 0xff, 0x00, 0x00, 0x00, 0x00, 0x00, 0x30, 0xff, 0xff, 0xff, 0xff, 0xab, 0x9d, 0x00, 0x00, 
  0x25, 0xc0, 0xff, 0xff, 0xff, 0xff, 0xff, 0xff, 0x67, 0x00, 0x00, 0x00, 0x00, 0x00, 0x00, 0x00, 
  0x44, 0xf4, 0xff, 0xd4, 0xff, 0xff, 0xff, 0xff, 0xff, 0xff, 0xce, 0xeb, 0x00, 0x00, 0x00, 0x00, 
  0x00, 0x00, 0x1a, 0xa4, 0xd5, 0xf2, 0xff, 0x5b, 0xce, 0xff, 0xff, 0xff, 0xff, 0xff, 0xd9, 0x7c, 
  0x00, 0x00, 0x00, 0x00, 0x00, 0x00, 0x00, 0x00, 0x6e, 0xe9, 0xff, 0xa5, 0x8c, 0xff, 0xff, 0xff, 
  0xff, 0xff, 0xff, 0xff, 0x9f, 0x00, 0x00, 0x00, 0x00, 0x00, 0x00, 0xd5, 0xff, 0xff, 0xff, 0xff, 
  0x13, 0x00, 0x4b, 0xff, 0xff, 0xff, 0xff, 0xff, 0xff, 0xff, 0xab, 0x1b, 0x00, 0x00, 0x00, 0x00, 
  0x00, 0x00, 0x00, 0x00, 0xbd, 0xff, 0xff, 0xff, 0xff, 0xff, 0xff, 0xff, 0x1b, 0x00, 0x00, 0x00, 
  0x00, 0x00, 0x00, 0x3b, 0xaf, 0xff, 0xff, 0xc7, 0x00, 0x00, 0xdc, 0xff, 0xff, 0xff, 0xff, 0xff, 
  0xff, 0x35, 0x00, 0x00, 0x00, 0x00, 0x00, 0x00, 0x00, 0x00, 0xbd, 0xff, 0xcf, 0x8b, 0x9d, 0xff, 
  0xff, 0xff, 0xff, 0xff, 0xff, 0xde, 0x00, 0x00, 0x00, 0x00, 0x00, 0x00, 0x00, 0x00, 0x00, 0x2d, 
  0x00, 0x00, 0x67, 0xff, 0xff, 0xff, 0xff, 0xff, 0xff, 0xff, 0x48, 0x00, 0x6f, 0x68, 0x00, 0x00, 
  0x00, 0x00, 0x00, 0x00, 0x00, 0x00, 0x00, 0xff, 0xff, 0xff, 0xff, 0xff, 0xff, 0xff, 0xe6, 0x00, 
  0x00, 0x00, 0x00, 0x00, 0x00, 0x00, 0x81, 0xff, 0xff, 0xff, 0x59, 0x00, 0x07, 0x91, 0xff, 0xff, 
  0xff, 0xff, 0xff, 0xff, 0xd5, 0x3c, 0xb1, 0x12, 0x00, 0x00, 0x00, 0x00, 0x00, 0x00, 0x00, 0x57, 
  0xe9, 0xff, 0xff, 0xff, 0xff, 0xff, 0xff, 0x51, 0x00, 0x00, 0x00, 0x00, 0x1a, 0x00, 0x00, 0x00, 
  0x00, 0x00, 0x00, 0x00, 0x00, 0xff, 0xff, 0xff, 0xff, 0xff, 0xff, 0xff, 0x90, 0x00, 0x00, 0x00, 
  0x00, 0x00, 0x00, 0x00, 0x00, 0x00, 0x00, 0x00, 0x19, 0xbc, 0xff, 0xff, 0xff, 0xff, 0xff, 0xff, 
  0xff, 0x00, 0x00, 0x00, 0x00, 0x00, 0x00, 0x00, 0x00, 0xb7, 0xbe, 0xff, 0xf6, 0x54, 0xff, 0xff, 
  0xff, 0xff, 0xff, 0xff, 0x77, 0x00, 0x00, 0x07, 0xff, 0xff, 0x97, 0x00, 0x00, 0x00, 0x00, 0x00, 
  0x00, 0x00, 0x13, 0xf1, 0xff, 0xff, 0xff, 0xff, 0xff, 0xff, 0x00, 0x00, 0x00, 0x00, 0x00, 0x00, 
  0x38, 0x0a, 0x56, 0x00, 0x00, 0x00, 0x00, 0x4e, 0xff, 0xff, 0xff, 0xff, 0xff, 0xff, 0xe8, 0x18, 
  0x00, 0x00, 0x00, 0x00, 0x00, 0x00, 0x00, 0x00, 0x00, 0x00, 0x17, 0xff, 0xff, 0xff, 0xff, 0xff, 
  0xff, 0xff, 0x00, 0x00, 0x00, 0x00, 0x00, 0x00, 0x00, 0x57, 0x24, 0x82, 0x7c, 0x39, 0x00, 0x00, 
  0x5d, 0xe4, 0xff, 0xff, 0xff, 0xff, 0xec, 0x16, 0x00, 0x00, 0x4b, 0xb4, 0xac, 0x14, 0x00, 0x00, 
  0x00, 0x00, 0x00, 0x00, 0x00, 0xe3, 0xff, 0xff, 0xff, 0xff, 0xff, 0xff, 0xcd, 0x00, 0x00, 0x00, 
  0x00, 0x00, 0x00, 0x4a, 0x73, 0x8f, 0xa8, 0x21, 0x00, 0x52, 0xff, 0xff, 0xff, 0xff, 0xff, 0xff, 
  0xdf, 0x44, 0x00, 0x26, 0x10, 0x00, 0x00, 0x00, 0x00, 0x00, 0x00, 0x00, 0x09, 0xff, 0xff, 0xff, 
  0xff, 0xff, 0xff, 0xff, 0x00, 0x00, 0x00, 0x00, 0x00, 0x00, 0x00, 0xae, 0xff, 0xff, 0xa3, 0x37, 
  0x00, 0x00, 0x00, 0x7a, 0xff, 0xff, 0xff, 0xff, 0xff, 0xda, 0x50, 0x00, 0x00, 0x02, 0x00, 0x00, 
  0x00, 0x00, 0x00, 0x00, 0x00, 0x00, 0x58, 0xff, 0xff, 0xff, 0xff, 0xff, 0xff, 0xff, 0x85, 0x00, 
  0x00, 0x00, 0x00, 0x00, 0x00, 0x00, 0x78, 0xec, 0xe6, 0xc6, 0xff, 0xff, 0xff, 0xff, 0xff, 0xff, 
  0xff, 0x00, 0x00, 0x00, 0x00, 0xda, 0x88, 0x0f, 0x00, 0x00, 0x00, 0x00, 0x00, 0x00, 0x19, 0xff, 
  0xff, 0xff, 0xff, 0xff, 0xff, 0xff, 0x92, 0x00, 0x00, 0x00, 0x00, 0x00, 0x65, 0xff, 0xff, 0xff, 
  0xf2, 0x61, 0x00, 0x00, 0x00, 0x13, 0xff, 0xff, 0xff, 0xff, 0xff, 0xff, 0x9b, 0x00, 0x0a, 0x15, 
  0x00, 0x00, 0x00, 0x00, 0x00, 0x00, 0x00, 0x00, 0xe3, 0xff, 0xff, 0xff, 0xff, 0xff, 0xff, 0xff, 
  0x00, 0x00, 0x00, 0x00, 0x00, 0x00, 0x00, 0x00, 0x0b, 0x23, 0x61, 0x24, 0x61, 0xff, 0xff, 0xff, 
  0xff, 0xff, 0xff, 0xff, 0x00, 0x00, 0x00, 0x00, 0x12, 0x33, 0x00, 0x00, 0x00, 0x00, 0x00, 0x00, 
  0x00, 0x5f, 0xff, 0xff, 0xff, 0xff, 0xff, 0xff, 0xff, 0xa8, 0x00, 0x00, 0x00, 0x00, 0x00, 0x09, 
  0xff, 0xff, 0xff, 0xff, 0xba, 0x00, 0x00, 0x00, 0xff, 0xff, 0xff, 0xff, 0xff, 0xff, 0xae, 0x23, 
  0x00, 0x06, 0x00, 0x00, 0x00, 0x00, 0x00, 0x00, 0x00, 0x00, 0x79, 0xff, 0xff, 0xff, 0xff, 0xff, 
  0xff, 0xff, 0x00, 0x00, 0x00, 0x00, 0x00, 0x00, 0xc1, 0xff, 0xff, 0x83, 0x50, 0x00, 0x00, 0x00, 
  0x2c, 0xff, 0xff, 0xff, 0xff, 0xff, 0xff, 0x9b, 0x00, 0x00, 0x00, 0x00, 0x00, 0x12, 0x00, 0x00, 
  0x02, 0x00, 0x00, 0x00, 0x00, 0xf8, 0xff, 0xff, 0xff, 0xff, 0xff, 0xff, 0x5b, 0x00, 0x00, 0x00, 
  0x00, 0x00, 0x00, 0x00, 0x00, 0x00, 0x20, 0x00, 0x3a, 0xb5, 0xff, 0xff, 0xff, 0xff, 0xff, 0xff, 
  0x25, 0x0b, 0x00, 0x05, 0x00, 0x00, 0x00, 0x00, 0x00, 0x00, 0x00, 0x00, 0x08, 0xff, 0xff, 0xff, 
  0xff, 0xff, 0xff, 0xff, 0xea, 0x00, 0x00, 0x00, 0x00, 0x00, 0x00, 0xff, 0xff, 0xff, 0xff, 0xb4, 
  0x00, 0x00, 0x00, 0x00, 0xef, 0xff, 0xff, 0xff, 0xff, 0xff, 0x54, 0x00, 0x00, 0x19, 0x00, 0x00, 
  0x00, 0x00, 0x00, 0x00, 0x1d, 0x0d, 0xb2, 0xff, 0xff, 0xff, 0xff, 0xff, 0xff, 0xc0, 0x00, 0x00, 
  0x00, 0x00, 0x00, 0x00, 0x00, 0x00, 0x05, 0x00, 0x00, 0x00, 0x00, 0xff, 0xff, 0xff, 0xff, 0xff, 
  0xff, 0xff, 0x00, 0x00, 0x00, 0x00, 0x40, 0x9b, 0x70, 0x22, 0x00, 0x00, 0x00, 0x00, 0x00, 0x7f, 
  0xff, 0xff, 0xff, 0xff, 0xff, 0xff, 0xff, 0x15, 0x00, 0x00, 0x00, 0x00, 0x00, 0x4b, 0xff, 0xff, 
  0xff, 0xff, 0xdc, 0x00, 0x00, 0x00, 0x98, 0xff, 0xff, 0xff, 0xff, 0xff, 0x7d, 0x30, 0xff, 0xc5, 
  0x00, 0x00, 0x00, 0x00, 0x00, 0x00, 0x00, 0x04, 0xff, 0xff, 0xff, 0xff, 0xff, 0xff, 0xff, 0xea, 
  0x00, 0x00, 0x00, 0x00, 0x00, 0x00, 0x8f, 0xa2, 0x54, 0x0f, 0x00, 0x00, 0x00, 0xa8, 0xff, 0xff, 
  0xff, 0xff, 0xff, 0xff, 0xff, 0x00, 0x00, 0x00, 0x00, 0x00, 0x00, 0x93, 0x25, 0x00, 0xd6, 0xbf, 
  0x31, 0xd6, 0xff, 0xff, 0xff, 0xff, 0xff, 0xff, 0xff, 0x51, 0x00, 0x00, 0x00, 0x00, 0x00, 0x00, 
  0xff, 0xff, 0xff, 0xff, 0xff, 0x00, 0x00, 0x00, 0x84, 0xff, 0xff, 0xff, 0xff, 0xf7, 0x42, 0x00, 
  0x00, 0x71, 0x79, 0x00, 0x00, 0x00, 0x00, 0x00, 0x00, 0x00, 0x81, 0xff, 0xff, 0xff, 0xff, 0xff, 
  0xff, 0xff, 0x54, 0x00, 0x00, 0x00, 0x00, 0x00, 0xe8, 0xff, 0xff, 0xff, 0xff, 0x00, 0x00, 0x00, 
  0x98, 0xff, 0xff, 0xff, 0xff, 0xff, 0xff, 0x5f, 0x00, 0x00, 0x00, 0x00, 0x00, 0x00, 0x5e, 0x49, 
  0xcc, 0xff, 0xb9, 0xff, 0xff, 0xff, 0xff, 0xff, 0xff, 0xff, 0x98, 0x00, 0x00, 0x00, 0x00, 0x00, 
  0x00, 0xff, 0xff, 0xff, 0xff, 0xff, 0xeb, 0x00, 0x00, 0x64, 0xff, 0xff, 0xff, 0xff, 0xff, 0xff, 
  0x58, 0x00, 0x00, 0x00, 0x00, 0x00, 0x00, 0x1e, 0x00, 0x11, 0x00, 0x00, 0x74, 0xff, 0xff, 0xff, 
  0xff, 0xff, 0xff, 0xff, 0x6a, 0x00, 0x00, 0x00, 0x00, 0x00, 0x00, 0xf0, 0xff, 0xff, 0xff, 0xff, 
  0x00, 0x00, 0x00, 0x7a, 0xff, 0xff, 0xff, 0xff, 0xff, 0xff, 0x0f, 0x00, 0x00, 0x00, 0x00, 0x00, 
  0x2e, 0xff, 0xff, 0xff, 0xff, 0xff, 0xff, 0xff, 0xff, 0xff, 0xff, 0xff, 0x00, 0x00, 0x00, 0x00, 
  0x00, 0x00, 0x00, 0xff, 0xff, 0xff, 0xff, 0xff, 0xc9, 0x00, 0x00, 0x00, 0x05, 0xff, 0xff, 0xff, 
  0xff, 0xff, 0xff, 0xae, 0x00, 0x00, 0x00, 0x00, 0x00, 0x00, 0xb5, 0xbc, 0x96, 0x55, 0xfe, 0xff, 
  0xff, 0xff, 0xff, 0xff, 0xff, 0xff, 0x7c, 0x00, 0x00, 0x00, 0x00, 0x00, 0x00, 0xff, 0xff, 0xff, 
  0xff, 0xff, 0xff, 0x00, 0x07, 0x39, 0xff, 0xff, 0xff, 0xff, 0xff, 0xed, 0x00, 0x00, 0x00, 0x00, 
  0x00, 0x00, 0x00, 0x92, 0xe7, 0xff, 0xff, 0xff, 0xff, 0xff, 0xff, 0xff, 0xff, 0xff, 0xa8, 0x00, 
  0x00, 0x00, 0x00, 0x00, 0x00, 0xff, 0xff, 0xff, 0xff, 0xff, 0xe1, 0x00, 0x00, 0x00, 0x2f, 0xff, 
  0xff, 0xff, 0xff, 0xff, 0xff, 0xf3, 0x00, 0x00, 0x00, 0x00, 0x00, 0x00, 0x00, 0x12, 0xff, 0xef, 
  0xff, 0xff, 0xff, 0xff, 0xff, 0xff, 0xff, 0xff, 0x1c, 0x00, 0x00, 0x00, 0x00, 0x00, 0x00, 0xe2, 
  0xff, 0xff, 0xff, 0xff, 0xa3, 0x80, 0x92, 0xff, 0xff, 0xff, 0xff, 0xff, 0xff, 0x35, 0x00, 0x00, 
  0x00, 0x00, 0x00, 0x00, 0xeb, 0xe0, 0xff, 0xff, 0xd9, 0x57, 0x85, 0xff, 0xff, 0xff, 0xff, 0xff, 
  0xff, 0xff, 0x00, 0x00, 0x00, 0x00, 0x00, 0x00, 0x90, 0xff, 0xff, 0xff, 0xff, 0xe3, 0x00, 0x00, 
  0x6c, 0xff, 0xff, 0xff, 0xff, 0xff, 0xff, 0xff, 0x01, 0x00, 0x00, 0x00, 0x00, 0x00, 0x00, 0x00, 
  0x74, 0xff, 0xff, 0xff, 0xff, 0xff, 0xff, 0xff, 0xff, 0xd5, 0x00, 0x00, 0x00, 0x00, 0x00, 0x00, 
  0x3e, 0xff, 0xff, 0xff, 0xff, 0xaf, 0x00, 0x00, 0x00, 0xbb, 0xff, 0xff, 0xff, 0xff, 0xff, 0xff, 
  0x68, 0x00, 0x00, 0x00, 0x00, 0x00, 0x00, 0x25, 0x64, 0xff, 0xff, 0xa7, 0xc6, 0xff, 0xff, 0xff, 
  0xff, 0xff, 0xff, 0xff, 0xff, 0x00, 0x00, 0x00, 0x00, 0x00, 0x00, 0x68, 0xff, 0xf3, 0xff, 0xff, 
  0x67, 0xc9, 0xff, 0xff, 0xff, 0xff, 0xff, 0xff, 0xff, 0xbd, 0x00, 0x00, 0x00, 0x00, 0x00, 0x00, 
  0x00, 0x00, 0x63, 0xbc, 0xff, 0xff, 0xff, 0xff, 0xff, 0xff, 0xff, 0xff, 0x00, 0x00, 0x00, 0x00, 
  0x00, 0x00, 0x00, 0xff, 0xff, 0xff, 0xff, 0xb4, 0x33, 0x00, 0x00, 0x00, 0xff, 0xff, 0xff, 0xff, 
  0xff, 0xff, 0xff, 0xa8, 0x00, 0x00, 0x00, 0x00, 0x00, 0x00, 0x06, 0xd1, 0xff, 0xff, 0xd7, 0xff, 
  0xff, 0xff, 0xff, 0xff, 0xff, 0xff, 0x4c, 0x00, 0x00, 0x00, 0x00, 0x00, 0x00, 0xb8, 0xf9, 0xd4, 
  0x7f, 0x69, 0x7f, 0x83, 0xff, 0xff, 0xff, 0xff, 0xff, 0xff, 0xff, 0x39, 0x00, 0x00, 0x00, 0x00, 
  0x00, 0x00, 0x00, 0x38, 0xdb, 0xff, 0x75, 0xf7, 0xff, 0xff, 0xff, 0xff, 0xff, 0xff, 0xff, 0x82, 
  0x00, 0x00, 0x00, 0x00, 0x00, 0xb9, 0xff, 0xff, 0xff, 0xff, 0xf0, 0x00, 0x00, 0x00, 0x1b, 0xf6, 
  0xff, 0xff, 0xff, 0xff, 0xff, 0xff, 0x3d, 0x00, 0x00, 0x00, 0x00, 0x00, 0x00, 0x05, 0x4e, 0xf9, 
  0xff, 0xff, 0xff, 0xff, 0xff, 0xff, 0xff, 0x5d, 0x00, 0x00, 0x00, 0x00, 0x00, 0x00, 0xbd, 0xff, 
  0xff, 0xdf, 0x49, 0x32, 0x00, 0x00, 0xf7, 0xff, 0xff, 0xff, 0xff, 0xff, 0xff, 0xf1, 0x00, 0x00, 
  0x00, 0x00, 0x00, 0x00, 0x7f, 0xd7, 0xff, 0xff, 0xff, 0xed, 0x48, 0x8f, 0xff, 0xff, 0xff, 0xff, 
  0xff, 0xa7, 0x00, 0x00, 0x00, 0x00, 0x00, 0x34, 0xf4, 0xff, 0xec, 0x81, 0x8a, 0x33, 0x00, 0x27, 
  0x77, 0xff, 0xff, 0xff, 0xff, 0xff, 0xff, 0xff, 0x34, 0x00, 0x00, 0x00, 0x00, 0x00, 0x00, 0x00, 
  0x00, 0xd4, 0xff, 0xff, 0xff, 0xff, 0xff, 0xff, 0xff, 0xff, 0x00, 0x00, 0x00, 0x00, 0x00, 0x00, 
  0xd4, 0xff, 0xff, 0xff, 0xff, 0x8e, 0x11, 0x00, 0x00, 0x34, 0xff, 0xff, 0xff, 0xff, 0xff, 0xff, 
  0xff, 0x00, 0x00, 0x00, 0x00, 0x00, 0x00, 0x14, 0xcb, 0xff, 0xff, 0xff, 0xac, 0x00, 0x00, 0xff, 
  0xff, 0xff, 0xff, 0xbb, 0x62, 0x7a, 0x00, 0x00, 0x0b, 0x58, 0x31, 0x00, 0x00, 0x00, 0x00, 0x00, 
  0x00, 0x00, 0xff, 0xff, 0xff, 0xff, 0xff, 0xff, 0xff, 0xf5, 0x00, 0x00, 0x00, 0x00, 0x00, 0x00, 
  0x00, 0x00, 0xa9, 0x70, 0x8c, 0xee, 0xff, 0xff, 0xff, 0xff, 0xff, 0xff, 0xff, 0x55, 0x00, 0x00, 
  0x00, 0x00, 0x54, 0xef, 0xff, 0xff, 0xc0, 0x31, 0x38, 0x00, 0x00, 0x00, 0xe6, 0xff, 0xff, 0xff, 
  0xff, 0xff, 0xff, 0x00, 0x00, 0x00, 0x00, 0x00, 0x00, 0x00, 0x84, 0xff, 0xff, 0xff, 0xff, 0x55, 
  0xe8, 0xff, 0xff, 0xff, 0xff, 0xff, 0x00, 0x00, 0x00, 0x00, 0x5c, 0x39, 0x00, 0x00, 0x00, 0x00, 
  0x00, 0x00, 0x00, 0x00, 0xff, 0xff, 0xff, 0xff, 0xff, 0xff, 0xff, 0xff, 0x00, 0x00, 0x00, 0x00, 
  0x00, 0x00, 0x00, 0x85, 0xff, 0xff, 0xff, 0xc6, 0xc2, 0xff, 0xff, 0xff, 0xff, 0xff, 0xff, 0xff, 
  0x00, 0x00, 0x00, 0x00, 0x00, 0x00, 0x00, 0x00, 0x39, 0x87, 0xd1, 0x35, 0x46, 0xff, 0xff, 0xff, 
  0xff, 0xff, 0xff, 0xff, 0xcd, 0x00, 0x00, 0x00, 0x00, 0x00, 0x00, 0x00, 0x00, 0x00, 0x7a, 0xc7, 
  0xff, 0xff, 0xff, 0xff, 0xff, 0xff, 0xff, 0xff, 0x98, 0x00, 0x00, 0x00, 0x00, 0x00, 0x00, 0x00, 
  0x00, 0x00, 0x00, 0x00, 0x00, 0x4d, 0xff, 0xff, 0xff, 0xff, 0xff, 0xff, 0xff, 0xff, 0x00, 0x00, 
  0x00, 0x00, 0x00, 0x00, 0x00, 0x6a, 0xff, 0xff, 0xff, 0xff, 0xff, 0xff, 0xff, 0xff, 0xff, 0xff, 
  0x6c, 0x3f, 0x58, 0x00, 0x00, 0x00, 0x26, 0x1c, 0x0d, 0x21, 0x00, 0x5d, 0x1a, 0x00, 0x43, 0xff, 
  0xff, 0xff, 0xff, 0xff, 0xff, 0xff, 0xe2, 0x00, 0x00, 0x00, 0x00, 0x00, 0x00, 0x00, 0x34, 0xcc, 
  0xff, 0xff, 0x7c, 0xf0, 0xff, 0xff, 0xff, 0xff, 0xff, 0xff, 0xff, 0x0e, 0x00, 0x00, 0x00, 0x00, 
  0x00, 0x01, 0x26, 0x00, 0x9d, 0x5f, 0x00, 0xc0, 0xff, 0xff, 0xff, 0xff, 0xff, 0xff, 0xff, 0x95, 
  0x00, 0x00, 0x00, 0x00, 0x00, 0x00, 0x00, 0xe0, 0xff, 0xff, 0xff, 0xff, 0xd4, 0xff, 0xff, 0xff, 
  0xff, 0xd6, 0x65, 0x55, 0x00, 0x00, 0x00, 0x16, 0x42, 0x37, 0x6d, 0x1b, 0x00, 0x16, 0x00, 0x00, 
  0x3e, 0xff, 0xff, 0xff, 0xff, 0xff, 0xff, 0xff, 0xa0, 0x00, 0x00, 0x00, 0x00, 0x00, 0x00, 0xc1, 
  0xff, 0xff, 0xff, 0xff, 0xad, 0x00, 0x64, 0xfe, 0xff, 0xff, 0xff, 0xff, 0xff, 0xff, 0x00, 0x00, 
  0x00, 0x00, 0x00, 0x00, 0x14, 0x00, 0x78, 0xff, 0xff, 0xff, 0xff, 0xff, 0xff, 0xff, 0xff, 0xff, 
  0xff, 0x00, 0x00, 0x00, 0x00, 0x00, 0x00, 0x08, 0xff, 0xff, 0xff, 0xff, 0xff, 0x14, 0x00, 0xa2, 
  0xff, 0xff, 0xff, 0xff, 0xff, 0x82, 0x00, 0x00, 0x00, 0x00, 0x00, 0x00, 0x18, 0x00, 0x00, 0x00, 
  0x13, 0x00, 0x00, 0x7e, 0xff, 0xff, 0xff, 0xff, 0xff, 0xff, 0xff, 0x3b, 0x00, 0x00, 0x00, 0x00, 
  0x00, 0x00, 0xaf, 0xff, 0xff, 0xff, 0xff, 0xb8, 0xc9, 0xff, 0xff, 0xff, 0xff, 0xff, 0xe5, 0x00, 
  0x00, 0x00, 0x00, 0x00, 0x00, 0x00, 0x00, 0x27, 0x6c, 0x51, 0x3f, 0xff, 0xff, 0xff, 0xff, 0xff, 
  0xff, 0xff, 0xff, 0x00, 0x00, 0x00, 0x00, 0x00, 0x00, 0x1c, 0xff, 0xff, 0xff, 0xff, 0xff, 0x00, 
  0x00, 0x00, 0x41, 0xff, 0xff, 0xff, 0xff, 0xff, 0xff, 0x00, 0x00, 0x00, 0x00, 0x00, 0x00, 0x2b, 
  0x5f, 0x73, 0xdb, 0x8b, 0x29, 0xa5, 0xff, 0xff, 0xff, 0xff, 0xff, 0xff, 0xff, 0x09, 0x00, 0x00, 
  0x00, 0x00, 0x00, 0x00, 0xda, 0xff, 0xff, 0xff, 0xff, 0xff, 0xff, 0xff, 0xff, 0xff, 0xff, 0x99, 
  0x8c, 0x00, 0x00, 0x00, 0x00, 0x0a, 0x00, 0x26, 0xb1, 0x9f, 0x53, 0x4b, 0x00, 0x20, 0xdd, 0xff, 
  0xff, 0xff, 0xff, 0xff, 0xff, 0x9a, 0x00, 0x00, 0x00, 0x00, 0x00, 0x00, 0xff, 0xff, 0xff, 0xff, 
  0xff, 0x30, 0x00, 0x00, 0x00, 0xff, 0xff, 0xff, 0xff, 0xff, 0xff, 0xed, 0x4b, 0x00, 0x00, 0x00, 
  0x00, 0x00, 0x00, 0x00, 0x00, 0x00, 0xb9, 0xff, 0xff, 0xff, 0xff, 0xff, 0xff, 0xff, 0x89, 0x00, 
  0x00, 0x00, 0x00, 0x00, 0x00, 0x7e, 0xff, 0xff, 0xff, 0xde, 0xcb, 0xff, 0xff, 0xff, 0xff, 0xff, 
  0xff, 0xdb, 0x15, 0x00, 0x00, 0x00, 0x00, 0x00, 0x00, 0xd4, 0xdb, 0xff, 0xff, 0xff, 0x37, 0x0b, 
  0x7f, 0xff, 0xff, 0xff, 0xff, 0xff, 0xff, 0xd9, 0x00, 0x00, 0x00, 0x00, 0x00, 0x00, 0x9e, 0xff, 
  0xff, 0xff, 0xff, 0x88, 0xff, 0xff, 0xff, 0xff, 0xff, 0xff, 0x7e, 0x00, 0x00, 0x00, 0x27, 0x7b, 
  0x00, 0x00, 0x00, 0x00, 0x00, 0x00, 0x00, 0x00, 0xf6, 0xff, 0xff, 0xff, 0xff, 0xff, 0xff, 0xff, 
  0x00, 0x00, 0x00, 0x00, 0x00, 0x00, 0x00, 0xfe, 0xff, 0xff, 0xff, 0xff, 0x79, 0x6c, 0xfb, 0xbb, 
  0xff, 0xff, 0xff, 0xf4, 0x8b, 0x00, 0x00, 0x00, 0x00, 0x00, 0x00, 0x36, 0x87, 0xdb, 0xba, 0xff, 
  0xda, 0x80, 0xff, 0xff, 0xff, 0xff, 0xff, 0xff, 0x2f, 0x00, 0x00, 0x00, 0x00, 0x00, 0x00, 0x00, 
  0x00, 0x56, 0x02, 0x70, 0x9a, 0x45, 0xff, 0xff, 0xff, 0xff, 0xff, 0xff, 0xff, 0x00, 0x00, 0x00, 
  0x00, 0x00, 0x00, 0x00, 0x00, 0x00, 0x00, 0x00, 0x30, 0x1c, 0xff, 0xff, 0xff, 0xff, 0xff, 0xff, 
  0xff, 0xff, 0x54, 0x00, 0x00, 0x00, 0x00, 0x00, 0x00, 0x79, 0xff, 0xff, 0xff, 0xff, 0xb8, 0x00, 
  0x00, 0xe7, 0xf7, 0xff, 0xff, 0xc6, 0xff, 0x4e, 0x00, 0x00, 0x00, 0x00, 0x00, 0x00, 0x00, 0x00, 
  0x51, 0xea, 0x35, 0xff, 0xff, 0xff, 0xff, 0xff, 0xff, 0xff, 0x3d, 0x00, 0x00, 0x00, 0x00, 0x00, 
  0x00, 0x50, 0xdd, 0xff, 0xff, 0xf1, 0xde, 0x00, 0x00, 0xa4, 0xff, 0xff, 0xff, 0xff, 0xff, 0xff, 
  0xff, 0x09, 0x00, 0x00, 0x00, 0x00, 0x00, 0x00, 0x00, 0x85, 0xd7, 0x5a, 0xc7, 0xff, 0xff, 0xff, 
  0xff, 0xff, 0xff, 0xff, 0xd3, 0x00, 0x00, 0x00, 0x00, 0x00, 0x00, 0x00, 0xff, 0xff, 0xff, 0xff, 
  0xff, 0x00, 0x23, 0x29, 0xff, 0xff, 0xff, 0xff, 0x40, 0x5c, 0x00, 0x00, 0x00, 0x00, 0x04, 0x18, 
  0x0a, 0x0d, 0x00, 0x00, 0x00, 0x00, 0xca, 0xff, 0xff, 0xff, 0xff, 0xff, 0xff, 0xdf, 0x00, 0x00, 
  0x00, 0x00, 0x00, 0x39, 0xff, 0xff, 0xff, 0xf8, 0x7a, 0x0e, 0x00, 0x00, 0x5b, 0xff, 0xff, 0xff, 
  0xff, 0xff, 0xff, 0xff, 0x00, 0x00, 0x00, 0x00, 0x00, 0x00, 0x00, 0x17, 0x78, 0xff, 0xea, 0xd5, 
  0xff, 0xff, 0xff, 0xff, 0xff, 0xff, 0xa3, 0x00, 0x00, 0x00, 0x00, 0x00, 0x00, 0xbe, 0xff, 0xff, 
  0xff, 0xff, 0xe1, 0x00, 0x00, 0x00, 0xff, 0xff, 0xff, 0xff, 0xff, 0xc4, 0x31, 0x00, 0x00, 0x00, 
  0x00, 0x00, 0x00, 0x00, 0x00, 0x00, 0x39, 0x00, 0x00, 0xa9, 0xff, 0xff, 0xff, 0xff, 0xff, 0xff, 
  0xff, 0x00, 0x00, 0x00, 0x00, 0x00, 0x00, 0xff, 0xff, 0xff, 0xff, 0xff, 0x00, 0x00, 0x0d, 0xff, 
  0xff, 0xff, 0xff, 0xff, 0xff, 0xff, 0x95, 0x00, 0x00, 0x00, 0x00, 0x00, 0x00, 0x63, 0x97, 0xff, 
  0xf9, 0xff, 0xff, 0xff, 0xff, 0xff, 0xff, 0xff, 0x42, 0x00, 0x00, 0x00, 0x00, 0x00, 0x00, 0xff, 
  0xff, 0xff, 0xff, 0xff, 0xae, 0x00, 0x00, 0x00, 0xd0, 0xff, 0xff, 0xff, 0xff, 0xff, 0xff, 0xb8, 
  0x00, 0x00, 0x00, 0x00, 0x00, 0x1f, 0xc7, 0x93, 0x85, 0xd9, 0x23, 0x76, 0xda, 0xff, 0xff, 0xff, 
  0xff, 0xff, 0xff, 0xa8, 0x00, 0x00, 0x00, 0x00, 0x00, 0x4e, 0xfe, 0xff, 0xff, 0xff, 0xff, 0x7e, 
  0x0f, 0x95, 0xff, 0xff, 0xff, 0xff, 0xff, 0xbd, 0x8a, 0x28, 0x00, 0x00, 0x00, 0x00, 0x00, 0x00, 
  0x22, 0x68, 0xff, 0x83, 0xff, 0xff, 0xff, 0xff, 0xff, 0xff, 0xff, 0xff, 0x00, 0x00, 0x00, 0x00, 
  0x00, 0x00, 0xff, 0xff, 0xff, 0xff, 0xff, 0x09, 0x00, 0x00, 0x00, 0xdc, 0xff, 0xff, 0xff, 0xff, 
  0xff, 0xff, 0x0c, 0x00, 0x00, 0x00, 0x00, 0x00, 0x00, 0x6a, 0xff, 0xff, 0xff, 0xff, 0xff, 0xff, 
  0xff, 0xff, 0xff, 0xd2, 0xf5, 0x00, 0x00, 0x00, 0x00, 0x00, 0x00, 0x00, 0xff, 0xff, 0xff, 0xff, 
  0xff, 0xff, 0x57, 0x52, 0xbe, 0xff, 0xff, 0xff, 0xff, 0xff, 0xcc, 0x00, 0x00, 0x00, 0x00, 0x00, 
  0x00, 0x89, 0xff, 0xff, 0xff, 0xff, 0xea, 0xff, 0xff, 0xff, 0xff, 0xff, 0xff, 0xff, 0xa1, 0x00, 
  0x00, 0x00, 0x00, 0x00, 0x00, 0x76, 0xff, 0xff, 0xff, 0xff, 0xff, 0xe7, 0x49, 0x40, 0x84, 0xf0, 
  0xff, 0xff, 0xff, 0xff, 0xde, 0x00, 0x00, 0x00, 0x00, 0x00, 0x00, 0x00, 0x1a, 0xf3, 0xff, 0xff, 
  0xff, 0xff, 0xff, 0xff, 0xff, 0x90, 0x4c, 0x00, 0x00, 0x00, 0x00, 0x00, 0x00, 0x00, 0xff, 0xff, 
  0xff, 0xff, 0xff, 0xd0, 0x84, 0x31, 0x58, 0x97, 0xcc, 0xff, 0xff, 0xff, 0xff, 0x6d, 0x00, 0x00, 
  0x00, 0x00, 0x00, 0x00, 0x98, 0xff, 0xff, 0xff, 0xff, 0xff, 0xff, 0xff, 0x8e, 0xff, 0xff, 0xff, 
  0xff, 0x53, 0x00, 0x00, 0x00, 0x00, 0x00, 0x00, 0x48, 0xff, 0xff, 0xff, 0xff, 0xff, 0xff, 0xe0, 
  0x35, 0x1b, 0x38, 0x89, 0xff, 0xff, 0x64, 0x00, 0x00, 0x00, 0x00, 0x00, 0x00, 0x00, 0xff, 0xff, 
  0xff, 0xff, 0xff, 0xff, 0xff, 0x78, 0x3f, 0x00, 0xac, 0x90, 0x00, 0x00, 0x00, 0x00, 0x00, 0x00, 
  0x00, 0xff, 0xff, 0xff, 0xff, 0xff, 0xe4, 0x00, 0x00, 0x00, 0x03, 0x92, 0xff, 0xff, 0xff, 0xff, 
  0x17, 0x00, 0x00, 0x00, 0x00, 0x00, 0x00, 0xfd, 0xff, 0xff, 0xff, 0xff, 0xff, 0xff, 0x54, 0x00, 
  0x00, 0x32, 0x2b, 0xea, 0x3d, 0x00, 0x00, 0x00, 0x00, 0x00, 0x00, 0xcf, 0xe9, 0xff, 0xff, 0xff, 
  0xff, 0xff, 0xff, 0x79, 0x19, 0x15, 0xfb, 0xdd, 0x19, 0x00, 0x00, 0x00, 0x00, 0x00, 0x00, 0x15, 
  0xff, 0xff, 0xff, 0xff, 0xff, 0xff, 0xaf, 0x00, 0x00, 0x00, 0x66, 0xf2, 0xfb, 0x6f, 0x00, 0x00, 
  0x00, 0x00, 0x00, 0x00, 0xff, 0xff, 0xff, 0xff, 0xff, 0xff, 0x62, 0x00, 0x00, 0x09, 0x42, 0xff, 
  0xff, 0xff, 0x8e, 0x00, 0x00, 0x00, 0x00, 0x00, 0x00, 0x00, 0xff, 0xff, 0xff, 0xff, 0xff, 0xff, 
  0xff, 0x00, 0x00, 0x00, 0x00, 0x6e, 0x19, 0x00, 0x00, 0x00, 0x00, 0x00, 0x00, 0x00, 0xff, 0xff, 
  0xff, 0xff, 0xff, 0xff, 0xff, 0x9e, 0x00, 0x1b, 0xa2, 0xff, 0xab, 0x00, 0x00, 0x00, 0x00, 0x00, 
  0x00, 0x00, 0x99, 0xff, 0xff, 0xff, 0xff, 0xff, 0xd1, 0x00, 0x00, 0x00, 0x00, 0xa0, 0xff, 0xff, 
  0xb9, 0x43, 0x00, 0x00, 0x00, 0x00, 0x00, 0x00, 0xff, 0xff, 0xff, 0xff, 0xff, 0xff, 0xff, 0xe7, 
  0xf9, 0xf2, 0xff, 0xff, 0xad, 0x00, 0x00, 0x00, 0x00, 0x00, 0x00, 0x00, 0x9e, 0xff, 0xff, 0xff, 
  0xff, 0xff, 0xff, 0xef, 0x16, 0x00, 0x1b, 0xa9, 0x43, 0x00, 0x00, 0x00, 0x00, 0x00, 0x00, 0x00, 
  0xd3, 0xff, 0xff, 0xff, 0xff, 0xff, 0xff, 0x74, 0x2e, 0x00, 0xff, 0xff, 0xff, 0x9d, 0x00, 0x00, 
  0x00, 0x00, 0x00, 0x00, 0x00, 0xff, 0xff, 0xff, 0xff, 0xff, 0xff, 0xea, 0x00, 0x00, 0x00, 0x00, 
  0x25, 0xf9, 0xff, 0xff, 0xd5, 0x00, 0x00, 0x00, 0x00, 0x00, 0x00, 0x9b, 0xff, 0xff, 0xff, 0xff, 
  0xff, 0xff, 0xff, 0xff, 0xff, 0xff, 0x24, 0x00, 0x00, 0x00, 0x00, 0x00, 0x00, 0x00, 0xff, 0xff, 
  0xff, 0xff, 0xff, 0xff, 0xff, 0x00, 0x00, 0x00, 0x0f, 0xd5, 0xd8, 0x26, 0x00, 0x00, 0x00, 0x00, 
  0x00, 0x00, 0xad, 0xff, 0xff, 0xff, 0xff, 0xff, 0xff, 0x59, 0x00, 0x00, 0x27, 0x99, 0xff, 0xbb, 
  0x00, 0x00, 0x00, 0x00, 0x00, 0x00, 0x00, 0xeb, 0xff, 0xff, 0xff, 0xff, 0xff, 0xff, 0x00, 0x00, 
  0x00, 0x00, 0x00, 0xa0, 0xff, 0x68, 0x42, 0x00, 0x00, 0x00, 0x00, 0x00, 0xc1, 0xff, 0xff, 0xff, 
  0xff, 0xff, 0xff, 0xff, 0xff, 0xff, 0xff, 0xff, 0x0c, 0x00, 0x00, 0x00, 0x00, 0x00, 0x00, 0x00, 
  0x77, 0xff, 0xff, 0xff, 0xff, 0xff, 0xff, 0x00, 0x00, 0x00, 0x00, 0x49, 0xff, 0xff, 0xd2, 0x6d, 
  0x00, 0x00, 0x00, 0x00, 0x00, 0x97, 0xff, 0xff, 0xff, 0xff, 0xff, 0xff, 0x26, 0x00, 0x00, 0xb5, 
  0xff, 0xbe, 0x80, 0x00, 0x00, 0x00, 0x00, 0x00, 0x00, 0x00, 0xff, 0xff, 0xff, 0xff, 0xff, 0xff, 
  0xff, 0x00, 0x00, 0x00, 0x00, 0x46, 0x88, 0xff, 0x55, 0x00, 0x00, 0x00, 0x00, 0x00, 0x21, 0xda, 
  0xff, 0xff, 0xff, 0xff, 0xff, 0xff, 0xff, 0xd0, 0xff, 0xff, 0x82, 0x00, 0x00, 0x00, 0x00, 0x00, 
  0x00, 0x00, 0x2f, 0xff, 0xff, 0xff, 0xff, 0xff, 0xff, 0xff, 0x00, 0x00, 0x00, 0x00, 0x83, 0xff, 
  0xff, 0xff, 0xc4, 0x1e, 0x00, 0x00, 0x00, 0x00, 0x94, 0xff, 0xff, 0xff, 0xff, 0xff, 0xff, 0xd3, 
  0x8b, 0xff, 0xf0, 0xf2, 0x8f, 0x00, 0x00, 0x00, 0x00, 0x00, 0x00, 0x07, 0xff, 0xff, 0xff, 0xff, 
  0xff, 0xff, 0xa5, 0x39, 0x00, 0x00, 0x18, 0x89, 0xff, 0xe4, 0x00, 0x00, 0x00, 0x00, 0x00, 0x00, 
  0x00, 0xff, 0xff, 0xff, 0xff, 0xff, 0xff, 0xff, 0xff, 0x8a, 0xa2, 0xff, 0xa4, 0x00, 0x00, 0x00, 
  0x00, 0x00, 0x00, 0x00, 0x00, 0xff, 0xff, 0xff, 0xff, 0xff, 0xff, 0xff, 0x00, 0x00, 0x00, 0x00, 
  0x00, 0x81, 0xff, 0xff, 0xff, 0x82, 0x00, 0x00, 0x00, 0x00, 0x00, 0x1e, 0xff, 0xff, 0xff, 0xff, 
  0xff, 0xff, 0xff, 0xa8, 0x41, 0x4f, 0x00, 0x00, 0x00, 0x00, 0x00, 0x00, 0x00, 0x00, 0xff, 0xff, 
  0xff, 0xff, 0xff, 0xff, 0xff, 0x91, 0x00, 0x00, 0x00, 0x00, 0x59, 0xbe, 0x40, 0x00, 0x00, 0x00, 
  0x00, 0x00, 0x00, 0x00, 0xff, 0xff, 0xff, 0xff, 0xff, 0xff, 0xff, 0x48, 0x00, 0x00, 0x00, 0x00, 
  0x00, 0x00, 0x00, 0x00, 0x00, 0x00, 0x00, 0x41, 0xff, 0xff, 0xff, 0xff, 0xff, 0xff, 0xff, 0x3b, 
  0x00, 0x00, 0x00, 0x00, 0xff, 0xff, 0x5a, 0x0a, 0x00, 0x00, 0x00, 0x00, 0x00, 0x2d, 0xff, 0xff, 
  0xff, 0xff, 0xff, 0xff, 0xff, 0x53, 0x00, 0x00, 0x00, 0x00, 0x00, 0x00, 0x00, 0x00, 0x00, 0x00, 
  0xff, 0xff, 0xff, 0xff, 0xff, 0xff, 0xff, 0xff, 0x00, 0x00, 0x00, 0x00, 0x00, 0xff, 0xff, 0x84, 
  0x00, 0x00, 0x00, 0x00, 0x00, 0x00, 0xc6, 0xff, 0xff, 0xff, 0xff, 0xff, 0xff, 0xff, 0x00, 0x00, 
  0x00, 0x00, 0x00, 0x00, 0x00, 0xa4, 0x6b, 0xff, 0xf9, 0x9a, 0x0f, 0x21, 0xff, 0xff, 0xff, 0xff, 
  0xff, 0xdb, 0x00, 0x00, 0x00, 0x00, 0xd1, 0xb7, 0x74, 0x00, 0x00, 0x00, 0x00, 0x00, 0x00, 0x8e, 
  0xff, 0xff, 0xff, 0xff, 0xff, 0xff, 0xff, 0x00, 0x00, 0x00, 0x00, 0x00, 0x00, 0x00, 0x00, 0x00, 
  0x00, 0x00, 0x00, 0x51, 0xff, 0xff, 0xff, 0xff, 0xff, 0xff, 0xff, 0x99, 0x00, 0x00, 0x00, 0x00, 
  0x04, 0x66, 0x1b, 0x14, 0x00, 0x00, 0x1b, 0x00, 0x95, 0xff, 0xff, 0xff, 0xff, 0xff, 0xff, 0xff, 
  0xff, 0x00, 0x00, 0x00, 0x00, 0x00, 0x00, 0x00, 0x00, 0xff, 0xff, 0xff, 0xff, 0x6a, 0x65, 0xff, 
  0xff, 0xff, 0xff, 0xa3, 0x17, 0x6a, 0x00, 0x00, 0xc9, 0x72, 0x30, 0x00, 0x00, 0x00, 0x00, 0x04, 
  0x00, 0x13, 0xff, 0xff, 0xff, 0xff, 0xff, 0xff, 0xff, 0xff, 0x24, 0x00, 0x00, 0x00, 0x00, 0x00, 
  0x36, 0xff, 0x8b, 0xde, 0xbb, 0x00, 0x5f, 0xfe, 0xff, 0xff, 0xff, 0xff, 0xff, 0xca, 0xff, 0x00, 
  0x00, 0x00, 0x00, 0x00, 0x00, 0x00, 0x85, 0x99, 0xff, 0x8a, 0x0c, 0xff, 0xff, 0xff, 0xff, 0xff, 
  0xff, 0xff, 0xff, 0xaa, 0x00, 0x00, 0x00, 0x00, 0x00, 0x00, 0xe6, 0xff, 0xff, 0xff, 0xff, 0x50, 
  0x4b, 0xf8, 0xff, 0xff, 0xff, 0xff, 0x62, 0x34, 0x00, 0x00, 0x00, 0x5c, 0x37, 0x00, 0x00, 0x00, 
  0x00, 0x00, 0x00, 0x00, 0xa8, 0xff, 0xff, 0xff, 0xff, 0xff, 0xff, 0xff, 0x8d, 0x00, 0x00, 0x00, 
  0x00, 0x00, 0x00, 0x4b, 0xff, 0xff, 0xff, 0xff, 0x6b, 0x45, 0x7c, 0xff, 0xff, 0xff, 0xff, 0xff, 
  0xff, 0xc9, 0x00, 0x00, 0x00, 0x00, 0x00, 0x00, 0xc5, 0xb2, 0xff, 0xff, 0xff, 0xde, 0xd2, 0xff, 
  0xff, 0xff, 0xff, 0xff, 0xff, 0xbf, 0x00, 0x00, 0x00, 0x00, 0x00, 0x00, 0xae, 0xff, 0xff, 0xff, 
  0xff, 0xd6, 0x00, 0x16, 0xf8, 0xff, 0xff, 0xff, 0xff, 0xbf, 0xff, 0x00, 0x00, 0x00, 0x00, 0x00, 
  0x00, 0x00, 0x00, 0x00, 0x37, 0x90, 0x6a, 0xff, 0xff, 0xff, 0xff, 0xff, 0xff, 0xff, 0xff, 0x0a, 
  0x00, 0x00, 0x00, 0x00, 0x00, 0x00, 0x55, 0xff, 0xff, 0xff, 0xff, 0x00, 0x00, 0x00, 0xff, 0xff, 
  0xff, 0xff, 0xff, 0xff, 0xff, 0xc9, 0x00, 0x00, 0x00, 0x00, 0x00, 0x00, 0x9f, 0xaa, 0xff, 0xe9, 
  0xbb, 0xff, 0xff, 0xff, 0xff, 0xff, 0xff, 0x80, 0x55, 0x00, 0x00, 0x00, 0x00, 0x00, 0x59, 0xff, 
  0xff, 0xff, 0xff, 0xff, 0x00, 0x00, 0x36, 0xf8, 0xff, 0xff, 0xff, 0xff, 0xff, 0xf4, 0x03, 0x00, 
  0x00, 0x00, 0x00, 0x00, 0x00, 0xb5, 0xff, 0xff, 0xff, 0xff, 0xff, 0xff, 0xff, 0xff, 0xff, 0xff, 
  0xff, 0xc4, 0x00, 0x00, 0x00, 0x00, 0x00, 0x00, 0x00, 0xff, 0xff, 0xff, 0xff, 0xff, 0xe9, 0x00, 
  0x00, 0x2b, 0xff, 0xff, 0xff, 0xff, 0xff, 0x7f, 0x08, 0x00, 0x00, 0x00, 0x00, 0x00, 0x00, 0x7d, 
  0xa3, 0xff, 0xff, 0xff, 0xff, 0xff, 0xff, 0xff, 0xff, 0xff, 0xf5, 0x00, 0x00, 0x00, 0x00, 0x00, 
  0x00, 0x44, 0xff, 0xff, 0xff, 0xff, 0xff, 0x35, 0x00, 0x18, 0xdd, 0xff, 0xff, 0xff, 0xff, 0xff, 
  0xff, 0x00, 0x00, 0x00, 0x00, 0x00, 0x00, 0x00, 0x8d, 0xff, 0xff, 0xff, 0xff, 0xff, 0xff, 0xff, 
  0xff, 0xf8, 0xff, 0xb8, 0x00, 0x00, 0x00, 0x00, 0x00, 0x00, 0x00, 0xda, 0xff, 0xff, 0xff, 0xff, 
  0xff, 0x00, 0x00, 0x00, 0xff, 0xff, 0xff, 0xff, 0xc4, 0x91, 0x00, 0x00, 0x00, 0x00, 0x00, 0x00, 
  0x00, 0x2d, 0x7c, 0xff, 0xff, 0xea, 0xff, 0xff, 0xff, 0xff, 0xff, 0xff, 0xff, 0x64, 0x00, 0x00, 
  0x00, 0x00, 0x00, 0x00, 0x98, 0xff, 0xff, 0xff, 0xff, 0xff, 0x00, 0x00, 0x00, 0xd6, 0xff, 0xff, 
  0xff, 0xff, 0xff, 0xff, 0x00, 0x00, 0x00, 0x00, 0x00, 0x00, 0x00, 0x85, 0x9f, 0xff, 0xff, 0xff, 
  0xff, 0xff, 0xff, 0xff, 0xff, 0xd7, 0x00, 0x00, 0x00, 0x00, 0x00, 0x00, 0x00, 0xff, 0xff, 0xff, 
  0xff, 0xff, 0xbd, 0x00, 0x00, 0x00, 0x96, 0xff, 0xff, 0xff, 0xff, 0xff, 0xff, 0x0b, 0x00, 0x00, 
  0x00, 0x00, 0x00, 0x51, 0xc6, 0xff, 0xeb, 0xb2, 0xff, 0xff, 0xff, 0xff, 0xff, 0xff, 0xff, 0xff, 
  0x12, 0x00, 0x00, 0x00, 0x00, 0x00, 0x00, 0xff, 0xff, 0xff, 0xff, 0xf4, 0xd2, 0xff, 0xff, 0xff, 
  0xff, 0xff, 0xf7, 0xff, 0xff, 0x00, 0x00, 0x00, 0x00, 0x00, 0x00, 0x00, 0x2e, 0x49, 0xff, 0xff, 
  0xff, 0xff, 0xff, 0xff, 0xff, 0xff, 0xff, 0x00, 0x00, 0x00, 0x00, 0x00, 0x00, 0x00, 0xe0, 0xff, 
  0xff, 0xff, 0xff, 0xff, 0x15, 0x00, 0x00, 0x00, 0xa1, 0xff, 0xff, 0xff, 0xff, 0xff, 0xff, 0x0c, 
  0x00, 0x00, 0x00, 0x00, 0x00, 0x00, 0x10, 0xff, 0xff, 0xff, 0xff, 0xff, 0xff, 0xff, 0xff, 0xff, 
  0xb1, 0x5c, 0x00, 0x00, 0x00, 0x00, 0x00, 0x00, 0x29, 0xb3, 0xff, 0xff, 0xfc, 0xcb, 0xe1, 0xff, 
  0xff, 0xff, 0xff, 0xff, 0xff, 0xff, 0x00, 0x00, 0x00, 0x00, 0x00, 0x00, 0x00, 0x00, 0x00, 0x83, 
  0xf5, 0x81, 0xff, 0xff, 0xff, 0xff, 0xff, 0xff, 0xff, 0xc8, 0x84, 0x00, 0x00, 0x00, 0x00, 0x00, 
  0x00, 0xff, 0xff, 0xff, 0xff, 0xff, 0x00, 0x00, 0x00, 0x00, 0xff, 0xff, 0xff, 0xff, 0xff, 0xff, 
  0xff, 0x98, 0x00, 0x00, 0x00, 0x00, 0x00, 0x00, 0x00, 0x00, 0x4c, 0xff, 0xff, 0xff, 0xff, 0xff, 
  0xff, 0xff, 0xa7, 0x00, 0x00, 0x00, 0x00, 0x00, 0x00, 0xae, 0x9d, 0xf5, 0xff, 0xa2, 0x77, 0x08, 
  0xac, 0xff, 0xff, 0xff, 0xff, 0xff, 0xff, 0x3e, 0x2b, 0x00, 0x00, 0x00, 0x00, 0x00, 0x00, 0x00, 
  0x1d, 0xd1, 0xe6, 0x91, 0x98, 0xff, 0xff, 0xff, 0xff, 0xff, 0xff, 0x7a, 0x00, 0x00, 0x00, 0x00, 
  0x00, 0x00, 0x97, 0xed, 0xff, 0xe5, 0x7e, 0x0e, 0x1d, 0x5b, 0xff, 0xff, 0xff, 0xff, 0xff, 0xff, 
  0xde, 0xc1, 0x96, 0x72, 0x00, 0x00, 0x00, 0x00, 0x00, 0x00, 0x00, 0x00, 0x7c, 0xff, 0xff, 0xff, 
  0xff, 0xff, 0xff, 0xff, 0xaf, 0x00, 0x00, 0x00, 0x00, 0x00, 0x00, 0xb6, 0xff, 0xff, 0xff, 0xb2, 
  0x13, 0x00, 0x00, 0x37, 0xff, 0xff, 0xff, 0xff, 0xff, 0xff, 0xff, 0xb8, 0x00, 0x00, 0x00, 0x00, 
  0x00, 0x00, 0x00, 0x0b, 0x49, 0xec, 0xff, 0xff, 0xff, 0xff, 0xff, 0xff, 0xff, 0x00, 0x00, 0x00, 
  0x00, 0x00, 0x00, 0x00, 0x00, 0x06, 0x5b, 0x76, 0x00, 0x00, 0xff, 0xff, 0xff, 0xff, 0xff, 0xff, 
  0xff, 0xff, 0xb2, 0x00, 0x00, 0x00, 0x00, 0x00, 0x00, 0x00, 0x00, 0x00, 0x00, 0x00, 0x84, 0xff, 
  0xff, 0xff, 0xff, 0xff, 0xff, 0xff, 0xf0, 0x00, 0x00, 0x00, 0x00, 0x00, 0x00, 0x00, 0xff, 0xff, 
  0xff, 0xff, 0x8f, 0x11, 0x00, 0x6a, 0xff, 0xff, 0xff, 0xff, 0xff, 0xff, 0xc1, 0x95, 0xad, 0x00, 
  0x00, 0x00, 0x00, 0x00, 0x00, 0x00, 0x00, 0x28, 0xff, 0xff, 0xff, 0xff, 0xff, 0xff, 0xff, 0x77, 
  0x00, 0x00, 0x00, 0x00, 0x00, 0x00, 0xf7, 0x8a, 0xca, 0x62, 0x6a, 0x00, 0x00, 0x1e, 0xca, 0xff, 
  0xff, 0xff, 0xff, 0xff, 0xff, 0xf7, 0x00, 0x00, 0x00, 0x00, 0x00, 0x00, 0x00, 0x00, 0xe9, 0xdd, 
  0x95, 0xff, 0xff, 0xff, 0xff, 0xff, 0xff, 0xff, 0xff, 0x00, 0x00, 0x00, 0x00, 0x00, 0x00, 0xf1, 
  0xff, 0xff, 0xff, 0xfd, 0x62, 0x00, 0x00, 0xff, 0xff, 0xff, 0xff, 0xff, 0xff, 0xff, 0x57, 0x00, 
  0x00, 0x00, 0x00, 0x00, 0x00, 0x00, 0x00, 0x00, 0x00, 0x00, 0xe3, 0xff, 0xff, 0xff, 0xff, 0xff, 
  0xff, 0xff, 0x00, 0x00, 0x00, 0x00, 0x00, 0x00, 0x7a, 0xff, 0xff, 0xff, 0xff, 0x32, 0x00, 0x00, 
  0x41, 0xff, 0xff, 0xff, 0xff, 0xff, 0xff, 0xff, 0x7f, 0x00, 0x00, 0x00, 0x00, 0x00, 0x00, 0x09, 
  0xb3, 0xff, 0xf4, 0xe8, 0xff, 0xff, 0xff, 0xff, 0xff, 0xff, 0x72, 0x00, 0x00, 0x00, 0x00, 0x00, 
  0x00, 0xff, 0xff, 0xff, 0xff, 0x96, 0x00, 0x00, 0x00, 0x53, 0xff, 0xff, 0xff, 0xff, 0xff, 0xff, 
  0xe4, 0x00, 0x00, 0x00, 0x00, 0x00, 0x00, 0x08, 0x7e, 0xbe, 0x7f, 0x00, 0x66, 0xff, 0xff, 0xff, 
  0xff, 0xff, 0xff, 0xff, 0xff, 0x00, 0x00, 0x00, 0x00, 0x00, 0x00, 0xff, 0xff, 0xff, 0xff, 0xfb, 
  0x00, 0x00, 0x6d, 0xff, 0xff, 0xff, 0xff, 0xff, 0xff, 0xff, 0x00, 0x00, 0x00, 0x00, 0x00, 0x00, 
  0x00, 0x00, 0x4b, 0xbb, 0x0f, 0xb2, 0xff, 0xff, 0xff, 0xff, 0xff, 0xff, 0xff, 0x00, 0x00, 0x00, 
  0x00, 0x00, 0x00, 0xff, 0xff, 0xff, 0xff, 0xfd, 0x97, 0x00, 0x00, 0x00, 0xa5, 0xff, 0xff, 0xff, 
  0xff, 0xff, 0xff, 0xc1, 0x00, 0x00, 0x00, 0x00, 0x00, 0x00, 0x00, 0x1d, 0xff, 0xff, 0xdd, 0xff, 
  0xff, 0xff, 0xff, 0xff, 0xff, 0xf1, 0x79, 0x12, 0x00, 0x00, 0x00, 0x00, 0x10, 0xff, 0xff, 0xff, 
  0xff, 0xf0, 0x05, 0x05, 0xb3, 0xff, 0xff, 0xff, 0xff, 0xff, 0xff, 0xff, 0x00, 0x00, 0x00, 0x00, 
  0x00, 0x00, 0x00, 0xa3, 0xc1, 0xff, 0xd5, 0x38, 0xea, 0xff, 0xff, 0xff, 0xff, 0xff, 0xff, 0x98, 
  0x00, 0x00, 0x00, 0x00, 0x00, 0x00, 0xff, 0xff, 0xff, 0xff, 0xff, 0x58, 0x00, 0x00, 0x86, 0xff, 
  0xff, 0xff, 0xff, 0xff, 0xff, 0xdc, 0x00, 0x00, 0x00, 0x00, 0x00, 0x00, 0x00, 0x00, 0xb2, 0xff, 
  0xff, 0xff, 0xff, 0xff, 0xff, 0xff, 0xff, 0x32, 0x00, 0x00, 0x00, 0x00, 0x00, 0x00, 0x47, 0xff, 
  0xff, 0xff, 0xff, 0xec, 0xde, 0x00, 0x00, 0x48, 0xff, 0xff, 0xff, 0xff, 0xff, 0xff, 0xd9, 0x00, 
  0x00, 0x00, 0x00, 0x00, 0x54, 0xff, 0xff, 0xd2, 0xff, 0xff, 0x0b, 0x7f, 0xdd, 0xff, 0xff, 0xff, 
  0xff, 0xff, 0xae, 0x00, 0x00, 0x00, 0x00, 0x00, 0x00, 0xff, 0xff, 0xff, 0xf8, 0xff, 0x9b, 0x00, 
  0x1c, 0xef, 0xff, 0xff, 0xff, 0xff, 0xff, 0xff, 0x00, 0x00, 0x00, 0x00, 0x00, 0x00, 0x00, 0x54, 
  0x8c, 0xff, 0xff, 0xff, 0xff, 0xff, 0xff, 0xff, 0xff, 0xc7, 0x1e, 0x00, 0x00, 0x00, 0x00, 0x00, 
  0x00, 0xff, 0xff, 0xff, 0xff, 0xb0, 0x07, 0x00, 0x00, 0x00, 0x7c, 0xff, 0xff, 0xff, 0xff, 0xff, 
  0xff, 0x00, 0x00, 0x00, 0x00, 0x00, 0x00, 0x30, 0xff, 0xff, 0xff, 0xff, 0xff, 0x3c, 0x46, 0x9f, 
  0xff, 0xff, 0xff, 0xff, 0xff, 0xc2, 0x00, 0x00, 0x00, 0x00, 0x00, 0x00, 0x3c, 0xbd, 0xfc, 0xef, 
  0xf3, 0xbf, 0xff, 0xff, 0xff, 0xff, 0xff, 0xff, 0xff, 0xe0, 0x00, 0x00, 0x00, 0x00, 0x00, 0x00, 
  0x0f, 0xca, 0xff, 0xff, 0xff, 0xff, 0xff, 0xff, 0xbd, 0xff, 0xff, 0xff, 0xff, 0xff, 0x41, 0x00, 
  0x00, 0x00, 0x00, 0x2e, 0xff, 0xff, 0xff, 0xff, 0xd2, 0x80, 0x00, 0x00, 0x88, 0xd9, 0xff, 0xff, 
  0xff, 0xff, 0xff, 0xb1, 0x00, 0x00, 0x00, 0x00, 0x00, 0x00, 0x56, 0xff, 0xff, 0xff, 0xff, 0xff, 
  0x40, 0x2a, 0x00, 0x44, 0x1e, 0xff, 0xff, 0xff, 0xab, 0x2d, 0x00, 0x00, 0x00, 0x00, 0x00, 0x2f, 
  0x8b, 0xff, 0xff, 0xff, 0xff, 0xff, 0xff, 0xff, 0xff, 0xff, 0xff, 0xb3, 0x00, 0x00, 0x00, 0x00, 
  0x00, 0x00, 0x00, 0xff, 0xff, 0xff, 0xff, 0xff, 0xff, 0x24, 0x00, 0x00, 0x00, 0xee, 0xff, 0xff, 
  0xff, 0x9d, 0x00, 0x00, 0x00, 0x00, 0x00, 0x00, 0x33, 0xff, 0xff, 0xff, 0xff, 0xff, 0x71, 0x34, 
  0x6a, 0x67, 0xff, 0xff, 0xff, 0xff, 0xbc, 0x00, 0x00, 0x00, 0x00, 0x00, 0x00, 0xc5, 0xff, 0xff, 
  0xff, 0xff, 0xff, 0xff, 0xaa, 0x5c, 0xb5, 0xda, 0xb4, 0xff, 0x68, 0x00, 0x00, 0x00, 0x00, 0x00, 
  0x00, 0x27, 0xa8, 0xff, 0xff, 0xff, 0xff, 0xff, 0xff, 0xff, 0xff, 0xff, 0xff, 0xff, 0x69, 0x00, 
  0x00, 0x00, 0x00, 0x00, 0x00, 0x00, 0xff, 0xff, 0xff, 0xff, 0xff, 0xff, 0x93, 0x00, 0x00, 0x00, 
  0x09, 0x7d, 0xff, 0xff, 0xff, 0x8b, 0x00, 0x00, 0x00, 0x00, 0x00, 0x00, 0x6e, 0xff, 0xff, 0xff, 
  0xff, 0xff, 0xff, 0xff, 0xff, 0xff, 0xff, 0xff, 0xa3, 0x00, 0x00, 0x00, 0x00, 0x00, 0x00, 0x00, 
  0xe2, 0xff, 0xff, 0xff, 0xff, 0xff, 0xff, 0xff, 0xe7, 0xc0, 0xa8, 0xff, 0xc3, 0x00, 0x00, 0x00, 
  0x00, 0x00, 0x00, 0x00, 0xa7, 0xff, 0xff, 0xff, 0xff, 0xff, 0xff, 0xc7, 0x61, 0x65, 0xdd, 0xff, 
  0xff, 0xd2, 0x00, 0x00, 0x00, 0x00, 0x00, 0x00, 0x00, 0xff, 0xff, 0xff, 0xff, 0xff, 0xff, 0xff, 
  0x00, 0x00, 0x00, 0x00, 0x1b, 0xff, 0xff, 0xff, 0xff, 0x01, 0x00, 0x00, 0x00, 0x00, 0x00, 0x00, 
  0xde, 0xff, 0xff, 0xff, 0xff, 0xff, 0xff, 0xff, 0xff, 0xff, 0x58, 0x00, 0x00, 0x00, 0x00, 0x00, 
  0x00, 0x00, 0x4e, 0xff, 0xff, 0xff, 0xff, 0xff, 0xff, 0xff, 0x3f, 0x00, 0x50, 0x4f, 0xd7, 0xff, 
  0x33, 0x00, 0x00, 0x00, 0x00, 0x00, 0x00, 0xc9, 0xff, 0xff, 0xff, 0xff, 0xff, 0xff, 0xff, 0xce, 
  0x50, 0xaa, 0xff, 0xff, 0xd1, 0x00, 0x00, 0x00, 0x00, 0x00, 0x00, 0x00, 0x30, 0xff, 0xff, 0xff, 
  0xff, 0xff, 0xff, 0x54, 0x00, 0x00, 0x00, 0x00, 0xac, 0xff, 0xff, 0x72, 0x00, 0x00, 0x00, 0x00, 
  0x00, 0x00, 0x00, 0xff, 0xff, 0xff, 0xff, 0xff, 0xff, 0xff, 0xff, 0xff, 0xde, 0x00, 0x00, 0x00, 
  0x00, 0x00, 0x00, 0x00, 0x00, 0xfe, 0xff, 0xff, 0xff, 0xff, 0xff, 0xff, 0x00, 0x00, 0x00, 0x00, 
  0x11, 0xff, 0xff, 0xff, 0x9d, 0x00, 0x00, 0x00, 0x00, 0x00, 0x00, 0xff, 0xff, 0xff, 0xff, 0xff, 
  0xff, 0xff, 0x00, 0x39, 0x84, 0xba, 0xff, 0x84, 0x00, 0x00, 0x00, 0x00, 0x00, 0x00, 0x00, 0xc0, 
  0xff, 0xff, 0xff, 0xff, 0xff, 0xff, 0xf0, 0x11, 0x00, 0x00, 0x28, 0xb6, 0x7f, 0x00, 0x00, 0x00, 
  0x00, 0x00, 0x00, 0x7b, 0x99, 0xff, 0xff, 0xff, 0xff, 0xff, 0xff, 0xff, 0xff, 0xff, 0xff, 0xc6, 
  0x00, 0x00, 0x00, 0x00, 0x00, 0x00, 0x00, 0x00, 0xff, 0xff, 0xff, 0xff, 0xff, 0xff, 0x1a, 0x00, 
  0x00, 0x00, 0x29, 0xff, 0xff, 0xff, 0xff, 0x75, 0x00, 0x00, 0x00, 0x00, 0x00, 0x00, 0x58, 0xff, 
  0xff, 0xff, 0xff, 0xff, 0xff, 0xff, 0xff, 0xf6, 0x9c, 0x8c, 0x00, 0x00, 0x00, 0x00, 0x00, 0x00, 
  0x00, 0xbf, 0xff, 0xff, 0xff, 0xff, 0xff, 0xbf, 0xe2, 0xff, 0xff, 0xff, 0xff, 0xff, 0xff, 0x19, 
  0x00, 0x00, 0x00, 0x00, 0x00, 0x00, 0x8e, 0xff, 0xff, 0xff, 0xff, 0xff, 0xff, 0xff, 0xfe, 0xfd, 
  0x9b, 0xff, 0xff, 0xf0, 0x00, 0x00, 0x00, 0x00, 0x00, 0x00, 0x00, 0xee, 0xff, 0xff, 0xff, 0xff, 
  0xff, 0x8a, 0x5a, 0x72, 0x93, 0x8c, 0xd0, 0xff, 0xff, 0x8f, 0x00, 0x00, 0x00, 0x00, 0x00, 0x00, 
  0x00, 0xfc, 0xff, 0xff, 0xff, 0xff, 0xff, 0xff, 0xff, 0xff, 0xff, 0xea, 0x00, 0x00, 0x00, 0x00, 
  0x00, 0x00, 0x00, 0xff, 0xff, 0xff, 0xff, 0xff, 0xff, 0xa4, 0x13, 0x2b, 0x7e, 0x96, 0xff, 0xff, 
  0xff, 0xff, 0xcc, 0x00, 0x00, 0x00, 0x00, 0x00, 0x00, 0x1b, 0xff, 0xff, 0xff, 0xff, 0xff, 0xff, 
  0x26, 0x00, 0x8d, 0x4f, 0xad, 0xff, 0xff, 0x91, 0x00, 0x00, 0x00, 0x00, 0x00, 0x3d, 0x93, 0xff, 
  0xff, 0xff, 0xff, 0xff, 0xfe, 0xff, 0xff, 0xff, 0xff, 0xff, 0xff, 0xff, 0x46, 0x00, 0x00, 0x00, 
  0x00, 0x00, 0x00, 0x92, 0xff, 0xff, 0xff, 0xff, 0xff, 0xff, 0xff, 0xff, 0xff, 0xff, 0xff, 0x16, 
  0x00, 0x00, 0x00, 0x00, 0x00, 0x00, 0x7d, 0xff, 0xff, 0xff, 0xff, 0xff, 0xff, 0x5d, 0x00, 0x00, 
  0x00, 0xad, 0xff, 0xff, 0xff, 0xff, 0x26, 0x00, 0x00, 0x00, 0x00, 0x00, 0x00, 0xff, 0xff, 0xff, 
  0xff, 0xff, 0xff, 0xff, 0x00, 0x19, 0x00, 0x25, 0xff, 0xc2, 0x2c, 0x00, 0x00, 0x00, 0x00, 0x00, 
  0x1c, 0xf4, 0xff, 0xff, 0xff, 0xbe, 0xff, 0xff, 0xff, 0xff, 0xff, 0xff, 0xff, 0xff, 0x42, 0x00, 
  0x00, 0x00, 0x00, 0x00, 0x00, 0x48, 0xff, 0xff, 0xff, 0xff, 0xff, 0xff, 0xd9, 0x50, 0xb1, 0xff, 
  0xff, 0xff, 0xc7, 0x00, 0x00, 0x00, 0x00, 0x00, 0x00, 0x5e, 0xff, 0xff, 0xff, 0xff, 0xff, 0xff, 
  0x00, 0x00, 0x00, 0x00, 0x96, 0xa9, 0xff, 0xff, 0xcf, 0x14, 0x00, 0x00, 0x00, 0x00, 0x00, 0x00, 
  0xff, 0xff, 0xff, 0xff, 0xff, 0xff, 0xff, 0xb8, 0xc8, 0xba, 0xa8, 0x9d, 0x00, 0x00, 0x00, 0x00, 
  0x00, 0x00, 0x36, 0xff, 0xff, 0xff, 0xff, 0xf3, 0xd4, 0xff, 0xff, 0xff, 0xff, 0xff, 0xff, 0xff, 
  0xdb, 0x00, 0x00, 0x00, 0x00, 0x00, 0x00, 0x00, 0xce, 0xff, 0xff, 0xff, 0xff, 0xff, 0xd3, 0x00, 
  0x00, 0x00, 0x3d, 0x6b, 0xff, 0xff, 0xb5, 0xb5, 0x00, 0x00, 0x00, 0x00, 0x00, 0xb6, 0xff, 0xff, 
  0xff, 0xff, 0xff, 0x3c, 0x3c, 0x2b, 0x65, 0xe3, 0xff, 0xff, 0xdb, 0x09, 0x00, 0x00, 0x00, 0x00, 
  0x00, 0x00, 0xff, 0xff, 0xff, 0xff, 0xff, 0xff, 0xff, 0x9d, 0xda, 0xe4, 0x9b, 0xff, 0x70, 0x00, 
  0x00, 0x00, 0x00, 0x00, 0x00, 0xae, 0xff, 0xff, 0xff, 0xff, 0xff, 0xe3, 0xff, 0xca, 0xcd, 0xea, 
  0xe4, 0xff, 0xff, 0x6a, 0x00, 0x00, 0x00, 0x00, 0x00, 0x00, 0x00, 0xff, 0xff, 0xff, 0xff, 0xff, 
  0xff, 0xc9, 0x00, 0x00, 0x00, 0x00, 0x24, 0xb5, 0xff, 0xff, 0xb6, 0x63, 0x00, 0x00, 0x00, 0x00, 
  0x2f, 0x55, 0xff, 0xff, 0xff, 0xff, 0xff, 0xff, 0xff, 0xce, 0xff, 0xff, 0xff, 0xba, 0x00, 0x00, 
  0x00, 0x00, 0x00, 0x00, 0x57, 0xff, 0xff, 0xff, 0xff, 0xff, 0xff, 0xe4, 0x54, 0x03, 0x4c, 0xf9, 
  0xff, 0xb2, 0x00, 0x00, 0x00, 0x00, 0x00, 0x00, 0x00, 0xff, 0xff, 0xff, 0xff, 0xff, 0xff, 0xff, 
  0xff, 0x2d, 0x00, 0x85, 0xff, 0xda, 0x00, 0x00, 0x00, 0x00, 0x00, 0x00, 0x00, 0x00, 0xff, 0xff, 
  0xff, 0xff, 0xff, 0xff, 0xff, 0x00, 0x00, 0x00, 0x00, 0x00, 0x2f, 0xb3, 0xff, 0x8c, 0x34, 0x00, 
  0x00, 0x00, 0x00, 0x00, 0xaf, 0xff, 0xff, 0xff, 0xff, 0xff, 0xff, 0xff, 0xff, 0xff, 0xff, 0x76, 
  0x00, 0x00, 0x00, 0x00, 0x00, 0x00, 0x00, 0x04, 0xff, 0xff, 0xff, 0xff, 0xff, 0xff, 0x64, 0x00, 
  0x00, 0x00, 0x29, 0xb9, 0x9b, 0x2c, 0x00, 0x00, 0x00, 0x00, 0x00, 0x00, 0x34, 0xff, 0xff, 0xff, 
  0xff, 0xff, 0xff, 0x74, 0x00, 0x00, 0x00, 0xff, 0x11, 0x15, 0x00, 0x00, 0x00, 0x00, 0x00, 0x00, 
  0x00, 0xff, 0xff, 0xff, 0xff, 0xff, 0xff, 0xff, 0x00, 0x00, 0x00, 0x00, 0x00, 0x26, 0xff, 0xff, 
  0xcd, 0x00, 0x00, 0x00, 0x00, 0x00, 0xd1, 0xfe, 0xff, 0xff, 0xff, 0xff, 0xff, 0xff, 0xff, 0x8f, 
  0xff, 0xf1, 0x25, 0x00, 0x00, 0x00, 0x00, 0x00, 0x00, 0x00, 0x8c, 0xff, 0xff, 0xff, 0xff, 0xff, 
  0xff, 0xff, 0x00, 0x00, 0x00, 0x00, 0xad, 0xff, 0xff, 0xa7, 0x00, 0x00, 0x00, 0x00, 0x00, 0x00, 
  0xae, 0xff, 0xff, 0xff, 0xff, 0xff, 0xff, 0x3f, 0x00, 0x00, 0x00, 0x00, 0x00, 0x00, 0x00, 0x00, 
  0x00, 0x3e, 0x1b, 0x4e, 0xff, 0xff, 0xff, 0xff, 0xff, 0xff, 0xb0, 0x37, 0x00, 0x00, 0x00, 0x25, 
  0x6c, 0xef, 0x7e, 0x00, 0x00, 0x00, 0x00, 0x00, 0x00, 0x00, 0xff, 0xff, 0xff, 0xff, 0xff, 0xff, 
  0xff, 0xb6, 0x00, 0x46, 0x7b, 0x00, 0x00, 0x00, 0x00, 0x00, 0x00, 0x00, 0x00, 0x9b, 0xff, 0xff, 
  0xff, 0xff, 0xff, 0xff, 0xff, 0x00, 0x00, 0x00, 0x00, 0x2d, 0x8a, 0xff, 0xff, 0xe8, 0x6b, 0x10, 
  0x00, 0x00, 0x00, 0x10, 0xf0, 0xff, 0xff, 0xff, 0xff, 0xff, 0xff, 0x06, 0x00, 0x00, 0x00, 0x00, 
  0x00, 0x00, 0x00, 0x3b, 0xff, 0x5a, 0x81, 0xeb, 0xff, 0xff, 0xff, 0xff, 0xff, 0xff, 0x00, 0x00, 
  0x00, 0x00, 0x00, 0xe7, 0x97, 0x00, 0x00, 0x00, 0x00, 0x00, 0x00, 0x00, 0x8d, 0xff, 0xff, 0xff, 
  0xff, 0xff, 0xff, 0xf8, 0x27, 0x00, 0x00, 0x00, 0x00, 0x00, 0x00, 0x00, 0x00, 0x01, 0x00, 0x2f, 
  0xfd, 0xff, 0xff, 0xff, 0xff, 0xff, 0xff, 0x80, 0x1e, 0x00, 0x00, 0x00, 0x00, 0x29, 0x28, 0xff, 
  0xff, 0xe4, 0xd5, 0xc3, 0x00, 0x32, 0xd4, 0xff, 0xff, 0xff, 0xff, 0xff, 0xff, 0xc9, 0x00, 0x00, 
  0x00, 0x00, 0x00, 0x00, 0x00, 0x17, 0x00, 0x54, 0xd4, 0xff, 0xff, 0xff, 0xff, 0xff, 0xff, 0xff, 
  0x7c, 0x00, 0x00, 0x00, 0x00, 0x00, 0xff, 0xff, 0xcd, 0x94, 0x00, 0x11, 0x00, 0x00, 0x00, 0x80, 
  0xff, 0xff, 0xff, 0xff, 0xff, 0xff, 0xff, 0x00, 0x00, 0x00, 0x00, 0x00, 0x00, 0x21, 0xff, 0xff, 
  0xff, 0xff, 0xad, 0x24, 0x46, 0xff, 0xff, 0xff, 0xff, 0xff, 0x6f, 0xe3, 0x00, 0x00, 0x00, 0x00, 
  0x50, 0xab, 0xff, 0xda, 0x52, 0x91, 0x6b, 0x00, 0x59, 0x8e, 0xff, 0xff, 0xff, 0xff, 0xff, 0xff, 
  0xc5, 0x04, 0x00, 0x00, 0x00, 0x00, 0x00, 0x00, 0x7a, 0x31, 0xd8, 0xce, 0xfe, 0xff, 0xff, 0xff, 
  0xff, 0xff, 0xff, 0x92, 0x00, 0x00, 0x00, 0x00, 0x00, 0xa7, 0xff, 0xff, 0xff, 0xbe, 0x6d, 0x0b, 
  0x00, 0x00, 0x7f, 0xff, 0xff, 0xff, 0xff, 0xff, 0xff, 0xe8, 0x00, 0x00, 0x00, 0x00, 0x00, 0x00, 
  0x00, 0xff, 0xff, 0xff, 0xff, 0xff, 0x62, 0x40, 0x45, 0xf4, 0xff, 0xff, 0xca, 0x73, 0xe3, 0x00, 
  0x00, 0x00, 0x00, 0x02, 0x00, 0x00, 0xcc, 0x87, 0x43, 0xdd, 0x2a, 0x93, 0xff, 0xff, 0xff, 0xff, 
  0xff, 0xff, 0xff, 0x64, 0x00, 0x00, 0x00, 0x00, 0x00, 0x00, 0x81, 0xff, 0xff, 0xff, 0xff, 0xff, 
  0xff, 0xff, 0xff, 0xff, 0xff, 0xff, 0xff, 0x11, 0x00, 0x00, 0x00, 0x00, 0x00, 0xff, 0xff, 0xff, 
  0xff, 0xff, 0xff, 0x9b, 0x00, 0x4a, 0x7c, 0xff, 0xff, 0xff, 0xff, 0xff, 0xd4, 0x00, 0x00, 0x00, 
  0x00, 0x00, 0x00, 0x00, 0xff, 0xff, 0xff, 0xff, 0xff, 0xdf, 0x00, 0x5f, 0xf8, 0x8f, 0x00, 0xff, 
  0x94, 0x73, 0xff, 0x00, 0x00, 0x00, 0x00, 0x00, 0x00, 0x00, 0x45, 0xa8, 0x55, 0x73, 0xf9, 0xff, 
  0xff, 0xff, 0xff, 0xff, 0xff, 0xff, 0x00, 0x00, 0x00, 0x00, 0x00, 0x00, 0x00, 0x51, 0xff, 0xff, 
  0xff, 0xff, 0xff, 0x72, 0x57, 0x0c, 0xff, 0xff, 0xff, 0xff, 0xff, 0x1c, 0x00, 0x00, 0x00, 0x00, 
  0x00, 0x1d, 0xf9, 0xff, 0xff, 0xff, 0xff, 0xff, 0x78, 0x5b, 0x1d, 0xff, 0xcf, 0xff, 0xff, 0xb8, 
  0x00, 0x00, 0x00, 0x00, 0x00, 0x00, 0x00, 0xda, 0xff, 0xff, 0xff, 0xff, 0xff, 0x86, 0x00, 0x00, 
  0x00, 0x0e, 0x12, 0xff, 0xff, 0xe6, 0xd8, 0x00, 0x00, 0x00, 0x00, 0x00, 0x00, 0x0f, 0x3e, 0x59, 
  0xff, 0xff, 0xff, 0xff, 0xff, 0xff, 0xff, 0xff, 0x95, 0x00, 0x00, 0x00, 0x00, 0x00, 0x00, 0x00, 
  0xe4, 0xff, 0xff, 0xff, 0xff, 0xff, 0x30, 0x00, 0x00, 0x00, 0x91, 0xf0, 0xff, 0xff, 0x68, 0x00, 
  0x00, 0x00, 0x00, 0x00, 0x00, 0x3b, 0xb3, 0xff, 0xff, 0xff, 0xff, 0xff, 0xff, 0xa9, 0xe3, 0xcf, 
  0x88, 0x71, 0x00, 0x00, 0x00, 0x00, 0x00, 0x00, 0x00, 0x81, 0xff, 0xff, 0xff, 0xff, 0xff, 0xff, 
  0x5a, 0x2e, 0x14, 0x37, 0x38, 0x70, 0xff, 0xb1, 0x1f, 0x00, 0x00, 0x00, 0x00, 0x00, 0x0a, 0xcb, 
  0xff, 0xff, 0xff, 0xff, 0xff, 0xff, 0xff, 0xff, 0xf2, 0xdd, 0xe7, 0x00, 0x00, 0x00, 0x00, 0x00, 
  0x00, 0x00, 0x00, 0xf6, 0xff, 0xff, 0xff, 0xff, 0xff, 0xff, 0x00, 0x00, 0x00, 0x00, 0x00, 0xff, 
  0xff, 0xff, 0xe2, 0x21, 0x00, 0x00, 0x00, 0x00, 0x00, 0xc7, 0xff, 0xff, 0xff, 0xff, 0xff, 0xff, 
  0xff, 0x8b, 0x49, 0xa1, 0x00, 0x2a, 0x2f, 0x00, 0x00, 0x00, 0x00, 0x00, 0x00, 0xa5, 0xff, 0xff, 
  0xff, 0xff, 0xff, 0xff, 0xe6, 0x5c, 0x54, 0x00, 0xab, 0x8a, 0x51, 0x00, 0x00, 0x00, 0x00, 0x00, 
  0x00, 0x00, 0x00, 0xff, 0xff, 0xff, 0xff, 0xff, 0xff, 0xff, 0xde, 0x21, 0x8c, 0xad, 0x02, 0x00, 
  0x00, 0x00, 0x00, 0x00, 0x00, 0x00, 0x65, 0xff, 0xff, 0xff, 0xff, 0xff, 0xff, 0xff, 0x00, 0x00, 
  0x00, 0x00, 0x00, 0x61, 0xff, 0xff, 0xff, 0xcb, 0x00, 0x00, 0x00, 0x00, 0x00, 0x15, 0xff, 0xff, 
  0xff, 0xff, 0xff, 0xff, 0xff, 0xfe, 0x00, 0x00, 0x00, 0x00, 0x00, 0x00, 0x00, 0x00, 0x00, 0x00, 
  0xc8, 0xff, 0xff, 0xff, 0xff, 0xff, 0xff, 0xff, 0x32, 0x00, 0x00, 0x00, 0xab, 0xff, 0xd7, 0x3d, 
  0x00, 0x00, 0x00, 0x00, 0x00, 0x00, 0x00, 0xff, 0xff, 0xff, 0xff, 0xff, 0xff, 0xff, 0x00, 0x00, 
  0x00, 0x20, 0x41, 0x01, 0x00, 0x00, 0x00, 0x00, 0x00, 0x00, 0x00, 0xff, 0xff, 0xff, 0xff, 0xff, 
  0xff, 0x00, 0x00, 0x00, 0x00, 0x00, 0x95, 0xff, 0xff, 0xff, 0xc2, 0x2a, 0x00, 0x00, 0x00, 0x00, 
  0x00, 0xf6, 0xff, 0xff, 0xff, 0xff, 0xff, 0xff, 0xff, 0x9b, 0x00, 0x00, 0x00, 0x00, 0x00, 0x00, 
  0x00, 0x00, 0x00, 0x00, 0xff, 0xff, 0xff, 0xff, 0xff, 0xff, 0xc9, 0x90, 0x15, 0x09, 0x00, 0x7e, 
  0xff, 0xff, 0xad, 0x00, 0x00, 0x00, 0x00, 0x00, 0x00, 0x00, 0xed, 0xff, 0xff, 0xff, 0xff, 0xff, 
  0xff, 0x22, 0x00, 0x00, 0x00, 0x00, 0x65, 0xff, 0x92, 0x47, 0x17, 0x00, 0x00, 0x00, 0x0c, 0xff, 
  0xff, 0xff, 0xff, 0xff, 0xff, 0x72, 0x3d, 0x15, 0x18, 0xbb, 0xff, 0xff, 0xfc, 0x51, 0x00, 0x00, 
  0x00, 0x00, 0x00, 0x00, 0xff, 0xff, 0xff, 0xff, 0xff, 0xff, 0xff, 0xc6, 0x00, 0x2a, 0x53, 0x80, 
  0x1d, 0x00, 0x00, 0x00, 0x00, 0x00, 0x00, 0x00, 0xff, 0xff, 0xff, 0xff, 0xff, 0xff, 0xff, 0xcc, 
  0x0b, 0x00, 0x00, 0x6b, 0xff, 0x89, 0x00, 0x00, 0x00, 0x00, 0x00, 0x00, 0x00, 0xf2, 0xff, 0xff, 
  0xff, 0xff, 0xff, 0xff, 0x0a, 0x00, 0x00, 0x00, 0x00, 0x00, 0x8c, 0xff, 0xff, 0xff, 0x99, 0x00, 
  0x00, 0x00, 0x00, 0x20, 0xc3, 0xff, 0xff, 0xff, 0xff, 0xff, 0xff, 0xbe, 0xb2, 0xff, 0xff, 0x56, 
  0x00, 0x00, 0x00, 0x00, 0x00, 0x00, 0x00, 0x8a, 0xff, 0xff, 0xff, 0xff, 0xff, 0xff, 0x00, 0x00, 
  0x00, 0x00, 0x38, 0xe9, 0x84, 0x0d, 0x00, 0x00, 0x00, 0x00, 0x00, 0x00, 0xf5, 0xff, 0xff, 0xff, 
  0xff, 0xff, 0xff, 0x6b, 0x00, 0x00, 0x00, 0x6a, 0x50, 0x00, 0x00, 0x00, 0x00, 0x00, 0x00, 0x00, 
  0x35, 0xff, 0xff, 0xff, 0xff, 0xff, 0xff, 0xff, 0x00, 0x00, 0x00, 0x00, 0x00, 0x0a, 0xff, 0xff, 
  0xff, 0xac, 0x11, 0x00, 0x00, 0x00, 0x00, 0x98, 0xce, 0xff, 0xff, 0xff, 0xff, 0xff, 0xff, 0xff, 
  0xff, 0xe7, 0x07, 0x00, 0x00, 0x00, 0x00, 0x00, 0x00, 0x00, 0x64, 0xff, 0xff, 0xff, 0xff, 0xff, 
  0xff, 0xbd, 0x00, 0x00, 0x00, 0x00, 0x50, 0xf5, 0xff, 0xf4, 0x74, 0x00, 0x00, 0x00, 0x00, 0x00, 
  0x7e, 0xff, 0xff, 0xff, 0xff, 0xff, 0xff, 0x4f, 0x00, 0x00, 0x00, 0x14, 0x00, 0x00, 0x00, 0x00, 
  0x00, 0x00, 0x00, 0x1f, 0xff, 0xff, 0xff, 0xff, 0xff, 0xff, 0x67, 0x00, 0x00, 0x00, 0x00, 0x00, 
  0x78, 0xff, 0xdb, 0x61, 0x00, 0x00, 0x00, 0x00, 0x00, 0x39, 0xfe, 0xff, 0xff, 0xff, 0xff, 0xff, 
  0xff, 0xc5, 0x0b, 0x25, 0x01, 0x00, 0x00, 0x00, 0x00, 0x00, 0x00, 0x00, 0x00, 0x9d, 0xff, 0xff, 
  0xff, 0xff, 0xff, 0xff, 0xff, 0x00, 0x00, 0x00, 0x00, 0x00, 0xff, 0xff, 0xff, 0xff, 0x15, 0x00, 
  0x00, 0x00, 0x00, 0x4e, 0xff, 0xff, 0xff, 0xff, 0xff, 0xff, 0xff, 0x00, 0x00, 0x00, 0x00, 0x00, 
  0x00, 0x00, 0x00, 0x7e, 0xff, 0xff, 0xfa, 0xff, 0xff, 0xff, 0xff, 0xff, 0xff, 0xff, 0x2c, 0x00, 
  0x00, 0x00, 0x00, 0xc0, 0xa5, 0x5f, 0x00, 0x00, 0x00, 0x00, 0x00, 0x00, 0x56, 0xff, 0xff, 0xff, 
  0xff, 0xff, 0xff, 0xff, 0x3e, 0x00, 0x00, 0x00, 0x00, 0x00, 0x00, 0x00, 0x00, 0x00, 0x00, 0x00, 
  0x8d, 0xff, 0xff, 0xff, 0xff, 0xff, 0xff, 0xff, 0x10, 0x00, 0x00, 0x00, 0x00, 0x1e, 0x0c, 0xff, 
  0xff, 0xac, 0xe6, 0x9d, 0x00, 0x19, 0xb4, 0xff, 0xff, 0xff, 0xff, 0xff, 0xff, 0xff, 0x00, 0x00, 
  0x00, 0x00, 0x00, 0x00, 0x00, 0xff, 0xff, 0xff, 0xff, 0xd4, 0x7c, 0xa1, 0xff, 0xff, 0xff, 0xff, 
  0xff, 0x00, 0x00, 0x00, 0x00, 0x00, 0xff, 0xff, 0xe6, 0x40, 0x00, 0x00, 0x00, 0x00, 0x00, 0x00, 
  0xce, 0xff, 0xff, 0xff, 0xff, 0xff, 0xff, 0xec, 0x00, 0x00, 0x00, 0x00, 0x00, 0x00, 0x8e, 0x9d, 
  0xff, 0xff, 0x4a, 0x38, 0xe5, 0xff, 0xff, 0xff, 0xff, 0xff, 0xff, 0xff, 0x02, 0x00, 0x00, 0x00, 
  0x00, 0x27, 0x36, 0xb9, 0xff, 0xff, 0xff, 0x54, 0x7f, 0xff, 0xff, 0xff, 0xff, 0xff, 0xff, 0xff, 
  0x00, 0x00, 0x00, 0x00, 0x00, 0x00, 0x00, 0xff, 0xff, 0xff, 0xff, 0xff, 0x87, 0x00, 0x86, 0xff, 
  0xff, 0xff, 0xff, 0x95, 0x41, 0x00, 0x00, 0x00, 0x00, 0x7e, 0xff, 0xb1, 0xb5, 0x69, 0x5b, 0x16, 
  0x00, 0x00, 0x5c, 0xff, 0xff, 0xff, 0xff, 0xff, 0xff, 0xff, 0x07, 0x00, 0x00, 0x00, 0x00, 0x00, 
  0x00, 0xc5, 0xff, 0xff, 0xff, 0xff, 0xbb, 0x40, 0x6a, 0xff, 0xff, 0xff, 0xff, 0xff, 0x8e, 0x8c, 
  0x00, 0x00, 0x00, 0x00, 0x00, 0x00, 0xb6, 0xff, 0xff, 0xff, 0xff, 0xff, 0xff, 0xff, 0xff, 0xff, 
  0xff, 0xff, 0x75, 0x00, 0x00, 0x00, 0x00, 0x00, 0x00, 0xff, 0xff, 0xff, 0xff, 0xff, 0xff, 0x39, 
  0x00, 0x00, 0x1f, 0xff, 0xff, 0xff, 0xff, 0xff, 0xeb, 0x37, 0x00, 0x00, 0x00, 0x00, 0x00, 0x00, 
  0xfa, 0xea, 0xff, 0xdb, 0xc6, 0xff, 0xff, 0xff, 0xff, 0xff, 0xff, 0xff, 0x50, 0x00, 0x00, 0x00, 
  0x00, 0x00, 0x00, 0x00, 0x82, 0xff, 0xff, 0xff, 0xff, 0xff, 0x3a, 0x88, 0x88, 0x7e, 0x96, 0x5f, 
  0x86, 0xa7, 0x37, 0x00, 0x00, 0x00, 0x00, 0x00, 0x3d, 0xff, 0xff, 0xff, 0xff, 0xff, 0xff, 0xff, 
  0xff, 0xf3, 0xff, 0xff, 0xee, 0x49, 0x00, 0x00, 0x00, 0x00, 0x00, 0x00, 0x65, 0xff, 0xff, 0xff, 
  0xff, 0xff, 0x7c, 0x00, 0x00, 0x00, 0x03, 0xed, 0xff, 0xff, 0xff, 0xff, 0xcd, 0x00, 0x00, 0x00, 
  0x00, 0x00, 0x00, 0x00, 0xff, 0xff, 0xff, 0xff, 0xff, 0xff, 0xff, 0xff, 0xff, 0xff, 0xac, 0x19, 
  0x00, 0x00, 0x00, 0x00, 0x00, 0x00, 0x00, 0xff, 0xff, 0xff, 0xff, 0xff, 0xff, 0xff, 0x14, 0x00, 
  0x00, 0x00, 0x3b, 0x5e, 0xb4, 0x64, 0x00, 0x00, 0x00, 0x00, 0x00, 0x00, 0xe8, 0xff, 0xff, 0xff, 
  0xff, 0xff, 0xe3, 0x6e, 0xa8, 0xe8, 0xff, 0xff, 0xc9, 0x00, 0x00, 0x00, 0x00, 0x00, 0x00, 0x00, 
  0xff, 0xff, 0xff, 0xff, 0xff, 0xff, 0x00, 0x00, 0x00, 0x00, 0x2a, 0xbe, 0xff, 0xff, 0xff, 0xff, 
  0x00, 0x00, 0x00, 0x00, 0x00, 0x00, 0x00, 0x9e, 0xff, 0xff, 0xff, 0xff, 0xff, 0xff, 0xff, 0x18, 
  0x53, 0x00, 0x00, 0x00, 0x00, 0x00, 0x00, 0x00, 0x00, 0x2d, 0xff, 0xff, 0xff, 0xff, 0xff, 0xff, 
  0xff, 0x00, 0x00, 0x00, 0x00, 0x4a, 0xf7, 0xff, 0xf5, 0x15, 0x00, 0x00, 0x00, 0x00, 0x00, 0x54, 
  0xff, 0xff, 0xff, 0xff, 0xff, 0xff, 0x00, 0x00, 0x00, 0x00, 0xe8, 0xfb, 0xff, 0x78, 0x00, 0x00, 
  0x00, 0x00, 0x00, 0x00, 0xff, 0xff, 0xff, 0xff, 0xff, 0xff, 0xff, 0xe2, 0x60, 0x23, 0x23, 0x8c, 
  0xfe, 0xff, 0x52, 0x00, 0x00, 0x00, 0x00, 0x00, 0x00, 0x00, 0xd3, 0xff, 0xff, 0xff, 0xff, 0xff, 
  0xff, 0xe2, 0x0c, 0x00, 0x00, 0x00, 0x00, 0x00, 0x00, 0x00, 0x00, 0x00, 0x51, 0xff, 0xff, 0xff, 
  0xff, 0xff, 0xff, 0xff, 0x00, 0x00, 0x00, 0x00, 0x00, 0xcd, 0xff, 0xff, 0xfc, 0x37, 0x00, 0x00, 
  0x00, 0x00, 0x00, 0x0c, 0xff, 0xff, 0xff, 0xff, 0xff, 0xff, 0xb4, 0x00, 0x00, 0x00, 0x00, 0xde, 
  0x82, 0x8e, 0x00, 0x00, 0x00, 0x00, 0x00, 0x00, 0x15, 0xab, 0xff, 0xff, 0xff, 0xff, 0xff, 0xff, 
  0xb9, 0x06, 0x03, 0xa9, 0x79, 0x00, 0x00, 0x00, 0x00, 0x00, 0x00, 0x00, 0x00, 0xff, 0xff, 0xff, 
  0xff, 0xff, 0xff, 0xff, 0xff, 0x25, 0x00, 0x00, 0x00, 0x00, 0x00, 0x00, 0x00, 0x00, 0x00, 0x1e, 
  0x90, 0xff, 0xff, 0xff, 0xff, 0xff, 0xff, 0xd9, 0x00, 0x00, 0x00, 0x00, 0x00, 0xff, 0xff, 0xff, 
  0xcf, 0x20, 0x00, 0x00, 0x00, 0x00, 0x00, 0x4b, 0xff, 0xff, 0xff, 0xff, 0xff, 0xff, 0x33, 0x00, 
  0x00, 0x00, 0x00, 0x1b, 0x1a, 0x1b, 0x0f, 0x00, 0x00, 0x00, 0x00, 0x00, 0x82, 0xff, 0xff, 0xff, 
  0xff, 0xff, 0xff, 0xff, 0x71, 0x00, 0x00, 0x00, 0x00, 0x00, 0x00, 0x00, 0x00, 0x00, 0x00, 0x27, 
  0xff, 0xff, 0xff, 0xff, 0xff, 0xff, 0xff, 0xb0, 0x00, 0x00, 0x00, 0x00, 0x00, 0x22, 0x46, 0x90, 
  0xff, 0xa9, 0x4b, 0x68, 0x00, 0x00, 0x37, 0xff, 0xff, 0xff, 0xff, 0xff, 0xd6, 0x00, 0x00, 0x00, 
  0x00, 0xff, 0xff, 0xd3, 0x54, 0x00, 0x00, 0x00, 0x00, 0x00, 0x00, 0xcc, 0xff, 0xff, 0xff, 0xff, 
  0xff, 0xff, 0xec, 0x5a, 0x00, 0x00, 0x00, 0x00, 0x00, 0x00, 0x10, 0xa0, 0xcd, 0xff, 0x8d, 0x67, 
  0xff, 0xff, 0xff, 0xff, 0xff, 0xff, 0xff, 0xf0, 0x7d, 0x00, 0x00, 0x00, 0x00, 0x00, 0x00, 0x00, 
  0x00, 0x1a, 0xdb, 0xff, 0xff, 0xff, 0xff, 0xff, 0xff, 0xff, 0xff, 0x00, 0x00, 0x00, 0x00, 0x00, 
  0x00, 0x1a, 0xff, 0xff, 0xff, 0xff, 0xff, 0x9a, 0x00, 0x00, 0x00, 0x5c, 0xff, 0xff, 0xff, 0xff, 
  0xff, 0xcf, 0x00, 0x00, 0x00, 0x00, 0x00, 0x00, 0x00, 0x15, 0x57, 0xa7, 0xff, 0xc7, 0xff, 0xff, 
  0xff, 0xff, 0xff, 0xff, 0xff, 0x8f, 0xa8, 0x00, 0x00, 0x00, 0x00, 0x00, 0x00, 0x00, 0x34, 0x81, 
  0xff, 0xff, 0xff, 0xff, 0xff, 0xff, 0xff, 0xff, 0xff, 0x7a, 0x00, 0x00, 0x00, 0x00, 0x00, 0x00, 
  0x00, 0x5b, 0xab, 0xb9, 0xde, 0xe1, 0x61, 0x6d, 0xd9, 0xff, 0xff, 0xff, 0xff, 0xff, 0xe2, 0x30, 
  0x00, 0x00, 0x00, 0x00, 0x00, 0x00, 0xff, 0xff, 0xff, 0xff, 0xff, 0xff, 0x00, 0x00, 0x00, 0x4d, 
  0x91, 0xff, 0xff, 0xff, 0xff, 0xff, 0x80, 0x1d, 0x00, 0x00, 0x00, 0x00, 0x00, 0x00, 0x52, 0xe3, 
  0xac, 0xff, 0xff, 0xff, 0xff, 0xff, 0xff, 0xff, 0x92, 0x00, 0x00, 0x00, 0x00, 0x00, 0x00, 0x81, 
  0xff, 0xff, 0xff, 0xff, 0xff, 0xb9, 0x95, 0xff, 0xff, 0xff, 0xff, 0xff, 0xff, 0xff, 0x22, 0x00, 
  0x00, 0x00, 0x00, 0x00, 0x00, 0x00, 0x64, 0xff, 0xff, 0xff, 0xff, 0xff, 0xff, 0xff, 0xa5, 0xb2, 
  0x48, 0x0a, 0x00, 0x00, 0x00, 0x00, 0x00, 0x00, 0x00, 0x55, 0xff, 0xff, 0xff, 0xff, 0xff, 0xb3, 
  0x62, 0x56, 0xa3, 0xc0, 0xff, 0xff, 0xff, 0xff, 0xbf, 0x00, 0x00, 0x00, 0x00, 0x00, 0x00, 0x00, 
  0x8b, 0xca, 0xff, 0xff, 0xff, 0xff, 0xff, 0xff, 0xff, 0xff, 0xff, 0xff, 0x96, 0x00, 0x00, 0x00, 
  0x00, 0x00, 0x00, 0x00, 0x00, 0xae, 0xff, 0xff, 0xff, 0xff, 0xff, 0xff, 0xff, 0xd6, 0x95, 0x00, 
  0x00, 0x00, 0x05, 0x00, 0x00, 0x00, 0x00, 0x00, 0x00, 0x3d, 0x41, 0xef, 0xff, 0xff, 0xff, 0xff, 
  0xff, 0xff, 0xc6, 0x3a, 0x00, 0x00, 0x00, 0x00, 0x00, 0x00, 0x00, 0x00, 0x36, 0x94, 0xe6, 0xff, 
  0xff, 0xff, 0xff, 0xff, 0x9a, 0x88, 0x8f, 0xf7, 0xff, 0xff, 0xd1, 0x75, 0x6e, 0x41, 0x00, 0x00, 
  0x00, 0x00, 0x00, 0x00, 0x00, 0x39, 0xab, 0xff, 0xff, 0xff, 0xff, 0xff, 0xff, 0xff, 0xae, 0x69, 
  0x00, 0x00, 0x00, 0x00, 0x00, 0x00, 0x00, 0x30, 0x9c, 0xf1, 0xff, 0xff, 0xff, 0xff, 0xff, 0xff, 
  0xff, 0xff, 0xfe, 0x9e, 0x00, 0x00, 0x00, 0x00, 0x00, 0x00, 0x00, 0x2a, 0xff, 0xff, 0xff, 0xff, 
  0xff, 0xff, 0xff, 0xec, 0x82, 0x99, 0x00, 0x00, 0x00, 0x00, 0x00, 0x00, 0x00, 0x00, 0x00, 0x00, 
  0x6a, 0xb5, 0xff, 0xff, 0xfa, 0xff, 0xff, 0xe9, 0xff, 0xdb, 0xd1, 0xff, 0xff, 0xff, 0xff, 0x71, 
  0x00, 0x00, 0x00, 0x00, 0x00, 0x00, 0x0b, 0xbf, 0xff, 0xff, 0xff, 0xff, 0xff, 0xff, 0xf1, 0x86, 
  0x5b, 0x4a, 0x89, 0xd4, 0x83, 0x00, 0x00, 0x00, 0x00, 0x00, 0x00, 0x00, 0x14, 0xff, 0xff, 0xff, 
  0xff, 0xff, 0xff, 0xff, 0xff, 0x65, 0x00, 0x00, 0x00, 0x00, 0x00, 0x00, 0x00, 0x00, 0x61, 0xe3, 
  0xff, 0xff, 0xff, 0xff, 0xff, 0xff, 0xff, 0xb1, 0x1b, 0x00, 0x00, 0x00, 0x00, 0x00, 0x3b, 0x51, 
  0x43, 0x00, 0x04, 0x4d, 0x43, 0x7b, 0xff, 0xff, 0xff, 0xff, 0xff, 0xff, 0xff, 0x72, 0x00, 0x00, 
  0x00, 0x00, 0x00, 0x19, 0x3e, 0x4d, 0x89, 0x72, 0x6d, 0x4c, 0x2f, 0x6f, 0x69, 0xc9, 0xff, 0xff, 
  0xff, 0xff, 0xff, 0xfb, 0xaa, 0x7c, 0x2c, 0x00, 0x00, 0x00, 0x00, 0x00, 0x00, 0x00, 0x3f, 0x9e, 
  0xff, 0xff, 0xff, 0xff, 0xff, 0xff, 0xff, 0xff, 0x9f, 0x15, 0x00, 0x00, 0x00, 0x00, 0x00, 0x00, 
  0x00, 0x3d, 0xce, 0xff, 0xff, 0xff, 0xff, 0xff, 0xff, 0xff, 0xff, 0xff, 0x89, 0x00, 0x00, 0x00, 
  0x00, 0x00, 0x00, 0x00, 0x31, 0xff, 0xff, 0xff, 0xff, 0xff, 0xff, 0xff, 0xff, 0xed, 0xa2, 0x56, 
  0x00, 0x00, 0x00, 0x00, 0x00, 0x00, 0x00, 0x22, 0x4d, 0x76, 0xc7, 0xc5, 0xb5, 0xbe, 0xff, 0xff, 
  0xff, 0xfc, 0xfd, 0xd6, 0xbe, 0xaf, 0x91, 0x32, 0x00, 0x00, 0x00, 0x00, 0x00, 0x0f, 0x59, 0x70, 
  0x74, 0x89, 0x95, 0xaf, 0xf4, 0xff, 0xff, 0xff, 0xff, 0xff, 0xff, 0xdd, 0x79, 0x00, 0x00, 0x00, 
  0x00, 0x00, 0x00, 0x00, 0x26, 0x83, 0xfc, 0xff, 0xff, 0xff, 0xff, 0xff, 0xff, 0xff, 0xc3, 0x28, 
  0x00, 0x00, 0x00, 0x00, 0x00, 0x00, 0x00, 0x00, 0x5f, 0xd4, 0xff, 0xff, 0xff, 0xff, 0xff, 0xff, 
  0xff, 0xff, 0xd8, 0x85, 0x21, 0x00, 0x00, 0x00, 0x00, 0x00, 0x00, 0x00, 0xaf, 0xff, 0xff, 0xff, 
  0xff, 0xff, 0xff, 0xff, 0xff, 0x96, 0x25, 0x00, 0x00, 0x00, 0x00, 0x00, 0x00, 0x4e, 0x8e, 0xa1, 
  0xc7, 0xd2, 0xbf, 0x8c, 0x9d, 0xe9, 0xff, 0xff, 0xff, 0xff, 0xe2, 0xa1, 0x5a, 0x0a, 0x00, 0x00, 
  0x00, 0x00, 0x00, 0x2d, 0x7f, 0xee, 0xff, 0xff, 0xff, 0xdf, 0xd9, 0xa9, 0x7a, 0x80, 0x38, 0x2b, 
  0x6f, 0xae, 0xfd, 0xef, 0xc7, 0x84, 0x33, 0x00, 0x00, 0x00, 0x00, 0x00, 0x52, 0xb0, 0xd8, 0xe2, 
  0xf9, 0xff, 0xff, 0xff, 0xff, 0xff, 0xe9, 0x9f, 0x43, 0x00, 0x00, 0x00, 0x00, 0x00, 0x00, 0x00, 
  0x2c, 0xa8, 0xfb, 0xff, 0xff, 0xff, 0xff, 0xff, 0xff, 0xf4, 0xa6, 0x59, 0x00, 0x00, 0x00, 0x00, 
  0x00, 0x00, 0x00, 0x00, 0x48, 0xcc, 0xff, 0xff, 0xff, 0xff, 0xff, 0xff, 0xf5, 0xb6, 0x5d, 0x01, 
  0x00, 0x00, 0x00, 0x00, 0x00, 0x00, 0x24, 0x83, 0xa3, 0xaf, 0xcc, 0xff, 0xff, 0xff, 0xff, 0xff, 
  0xef, 0xb5, 0x70, 0x13, 0x00, 0x00, 0x00, 0x00, 0x3a, 0xa5, 0xc4, 0xec, 0xf8, 0xd4, 0xa9, 0x79, 
  0x7b, 0x34, 0x24, 0x3f, 0x4a, 0xaa, 0xe2, 0xff, 0xff, 0xff, 0xff, 0xb5, 0x6e, 0x45, 0x00, 0x00, 
  0x00, 0x00, 0x00, 0x32, 0x93, 0xcf, 0xda, 0xff, 0xff, 0xff, 0xff, 0xe9, 0xc9, 0xab, 0x7b, 0x69, 
  0x61, 0x54, 0x3e, 0x20, 0x00, 0x00, 0x00, 0x0c, 0x29, 0x5c, 0x8b, 0xb6, 0xf2, 0xff, 0xff, 0xff, 
  0xff, 0xff, 0xc3, 0x6a, 0x31, 0x00, 0x00, 0x00, 0x00, 0x00, 0x15, 0x46, 0x79, 0xa0, 0xbe, 0xe4, 
  0xea, 0xff, 0xfd, 0xd6, 0xe0, 0xdc, 0xa8, 0x81, 0x32, 0x32, 0x43, 0x27, 0x42, 0x23, 0x18, 0x3f, 
  0x4a, 0x50, 0x73, 0x82, 0xc4, 0xe4, 0xf8, 0xff, 0xe4, 0xd0, 0xc3, 0xa0, 0x5f, 0x4f, 0x3f, 0x36, 
  0x3c, 0x2d, 0x10, 0x2a, 0x4b, 0x6f, 0x74, 0x8c, 0xc2, 0xdb, 0xf5, 0xe4, 0xba, 0xa4, 0x93, 0x6a, 
  0x57, 0x2d, 0x33, 0x53, 0x6f, 0x97, 0x8f, 0x7f, 0x80, 0x72, 0x6c, 0x63, 0x61, 0x7a, 0xa4, 0xc2, 
  0xc3, 0xab, 0x92, 0x86, 0x5c, 0x43, 0x27, 0x5a, 0x9a, 0xac, 0xd2, 0xbf, 0x89, 0x71, 0x71, 0x5d, 
  0x4f, 0x43, 0x51, 0x65, 0x64, 0x7e, 0x7b, 0x71, 0x96, 0xc1, 0xbe, 0xc3, 0xdc, 0xdc, 0xc6, 0x9b, 
  0x59, 0x11, 0x00, 0x0a, 0x1d, 0x31, 0x57, 0x78, 0xa1, 0xc0, 0xdb, 0xcb, 0xbb, 0xbb, 0x9b, 0x95, 
  0x99, 0x91, 0x8e, 0x79, 0x60, 0x55, 0x20, 0x0a, 0x1d, 0x4a, 0x7b, 0xa1, 0xcb, 0xd5, 0xd3, 0xd7, 
  0xbc, 0x90, 0x75, 0x4d, 0x40, 0x4e, 0x4c, 0x63, 0x82, 0x96, 0xa2, 0x76, 0x66, 0x6e, 0x73, 0x95, 
  0x9b, 0x91, 0xa1, 0xa3, 0xa0, 0x9f, 0x7d, 0x66, 0x50, 0x51, 0x54, 0x4b, 0x63, 0x84, 0x9c, 0xa8, 
  0x9d, 0x91, 0x9a, 0x98, 0x98, 0x97, 0x7f, 0x6b, 0x5f, 0x52, 0x4a, 0x60, 0x77, 0x73, 0x92, 0xb5, 
  0xba, 0xbe, 0xae, 0x93, 0x73, 0x4b, 0x37, 0x32, 0x5d, 0x7b, 0x82, 0x9f, 0x98, 0xa0, 0x9f, 0x86, 
  0x77, 0x77, 0x79, 0x83, 0x8b, 0x81, 0x8f, 0x89, 0x85, 0x6d, 0x4e, 0x69, 0x71, 0x88, 0x9c, 0x8a, 
  0x8d, 0x84, 0x73, 0x7e, 0x7f, 0x6e, 0x75, 0x87, 0x94, 0x93, 0x93, 0x91, 0x91, 0x73, 0x58, 0x47, 
  0x46, 0x79, 0x89, 0x93, 0x94, 0xa0, 0xc0, 0xb4, 0x9f, 0x7d, 0x5d, 0x60, 0x5c, 0x57, 0x54, 0x65, 
  0x74, 0x7e, 0x8d, 0x96, 0x9a, 0x93, 0x9f, 0x9c, 0x89, 0x84, 0x76, 0x78, 0x84, 0x7d, 0x6d, 0x69, 
  0x76, 0x77, 0x7c, 0x80, 0x7f, 0x80, 0x7d, 0x84, 0x7b, 0x59, 0x69, 0x88, 0x99, 0xad, 0xa7, 0xa3, 
  0xa2, 0x97, 0x8f, 0x5b, 0x43, 0x50, 0x43, 0x44, 0x66, 0x7d, 0x91, 0xb0, 0xb0, 0xac, 0x93, 0x97, 
  0x92, 0x85, 0x7c, 0x6d, 0x6f, 0x6d, 0x76, 0x77, 0x62, 0x5a, 0x76, 0x7f, 0x85, 0x8a, 0x91, 0x95, 
  0x94, 0x98, 0x8d, 0x82, 0x87, 0x82, 0x6a, 0x6e, 0x73, 0x6e, 0x7b, 0x82, 0x80, 0x71, 0x76, 0x84, 
  0x84, 0x85, 0x91, 0x95, 0x8f, 0x83, 0x74, 0x75, 0x65, 0x76, 0x83, 0x85, 0x8f, 0x8b, 0x8b, 0x8e, 
  0x86, 0x6c, 0x69, 0x74, 0x78, 0x76, 0x7f, 0x7c, 0x7d, 0x89, 0x84, 0x7d, 0x78, 0x80, 0x84, 0x90, 
  0x95, 0x8d, 0x93, 0x91, 0x8c, 0x84, 0x62, 0x55, 0x5f, 0x66, 0x6f, 0x74, 0x7a, 0x85, 0x9e, 0xa4, 
  0x9c, 0x91, 0x8f, 0x85, 0x89, 0x81, 0x6d, 0x70, 0x79, 0x76, 0x6e, 0x70, 0x63, 0x70, 0x84, 0x8c, 
  0x8e, 0x90, 0x92, 0x91, 0x86, 0x7a, 0x78, 0x78, 0x80, 0x83, 0x89, 0x87, 0x88, 0x81, 0x76, 0x71, 
  0x6d, 0x63, 0x58, 0x79, 0x86, 0x8b, 0x9a, 0x94, 0x99, 0x9c, 0x8e, 0x73, 0x6c, 0x68, 0x73, 0x7d, 
  0x81, 0x81, 0x80, 0x89, 0x7e, 0x7a, 0x79, 0x7a, 0x7f, 0x81, 0x81, 0x8c, 0x88, 0x7f, 0x86, 0x7d, 
  0x77, 0x77, 0x76, 0x7c, 0x8b, 0x8c, 0x96, 0x92, 0x89, 0x7b, 0x60, 0x5d, 0x5e, 0x6f, 0x73, 0x80, 
  0x90, 0xa0, 0x9f, 0x9b, 0x98, 0x88, 0x7a, 0x71, 0x6f, 0x69, 0x74, 0x74, 0x7c, 0x7d, 0x7c, 0x83, 
  0x87, 0x7e, 0x81, 0x81, 0x7d, 0x8a, 0x82, 0x84, 0x83, 0x7f, 0x83, 0x76, 0x79, 0x8a, 0x83, 0x86, 
  0x8f, 0x82, 0x7a, 0x6b, 0x69, 0x6f, 0x6c, 0x7a, 0x81, 0x87, 0x90, 0x96, 0x91, 0x91, 0x89, 0x84, 
  0x7a, 0x6e, 0x70, 0x76, 0x73, 0x7c, 0x83, 0x79, 0x7a, 0x7c, 0x80, 0x7e, 0x88, 0x87, 0x8a, 0x85, 
  0x86, 0x84, 0x7f, 0x77, 0x7d, 0x76, 0x75, 0x85, 0x7d, 0x8f, 0x86, 0x86, 0x7d, 0x71, 0x75, 0x72, 
  0x73, 0x79, 0x7d, 0x89, 0x8f, 0x8f, 0x93, 0x8d, 0x89, 0x7d, 0x7d, 0x72, 0x73, 0x73, 0x70, 0x78, 
  0x75, 0x78, 0x7b, 0x80, 0x86, 0x8c, 0x90, 0x8e, 0x8b, 0x82, 0x7d, 0x7b, 0x7a, 0x7f, 0x75, 0x78, 
  0x83, 0x82, 0x89, 0x87, 0x7e, 0x7c, 0x6d, 0x72, 0x71, 0x77, 0x81, 0x80, 0x90, 0x94, 0x99, 0x92, 
  0x87, 0x7d, 0x7a, 0x70, 0x6d, 0x70, 0x79, 0x81, 0x85, 0x89, 0x7f, 0x83, 0x7a, 0x72, 0x78, 0x7b, 
  0x7f, 0x87, 0x8b, 0x8c, 0x92, 0x90, 0x80, 0x80, 0x77, 0x73, 0x71, 0x73, 0x7c, 0x7c, 0x84, 0x7e, 
  0x7e, 0x78, 0x79, 0x81, 0x82, 0x84, 0x8a, 0x8c, 0x89, 0x8c, 0x84, 0x80, 0x79, 0x79, 0x76, 0x71, 
  0x7f, 0x84, 0x7f, 0x82, 0x80, 0x73, 0x78, 0x76, 0x78, 0x89, 0x85, 0x8d, 0x90, 0x8b, 0x8e, 0x85, 
  0x7f, 0x7d, 0x76, 0x72, 0x72, 0x78, 0x7f, 0x86, 0x82, 0x7c, 0x7f, 0x76, 0x76, 0x78, 0x7b, 0x86, 
  0x92, 0x93, 0x93, 0x91, 0x8a, 0x7d, 0x72, 0x69, 0x65, 0x6c, 0x7c, 0x7f, 0x8b, 0x92, 0x83, 0x81, 
  0x7d, 0x7f, 0x7b, 0x77, 0x78, 0x7b, 0x84, 0x90, 0x8f, 0x8c, 0x8b, 0x80, 0x79, 0x74, 0x77, 0x78, 
  0x78, 0x79, 0x77, 0x78, 0x7d, 0x7f, 0x84, 0x85, 0x88, 0x8b, 0x88, 0x8c, 0x89, 0x85, 0x7f, 0x78, 
  0x72, 0x75, 0x79, 0x7f, 0x7f, 0x7f, 0x84, 0x7c, 0x7d, 0x7b, 0x77, 0x7a, 0x7d, 0x81, 0x87, 0x87, 
  0x8d, 0x90, 0x88, 0x8c, 0x81, 0x78, 0x74, 0x72, 0x7b, 0x7b, 0x79, 0x7b, 0x79, 0x7e, 0x82, 0x79, 
  0x79, 0x7e, 0x84, 0x8f, 0x90, 0x8e, 0x8f, 0x86, 0x80, 0x7e, 0x75, 0x6d, 0x6c, 0x70, 0x7a, 0x7e, 
  0x82, 0x87, 0x87, 0x8e, 0x87, 0x83, 0x80, 0x77, 0x7b, 0x7a, 0x81, 0x83, 0x85, 0x87, 0x81, 0x81, 
  0x7f, 0x7d, 0x7f, 0x81, 0x77, 0x76, 0x79, 0x79, 0x7d, 0x7c, 0x7d, 0x80, 0x85, 0x8b, 0x8c, 0x8e, 
  0x8b, 0x85, 0x7e, 0x79, 0x76, 0x75, 0x77, 0x79, 0x7e, 0x7e, 0x7f, 0x84, 0x80, 0x82, 0x7f, 0x79, 
  0x7a, 0x7e, 0x83, 0x8a, 0x8c, 0x8a, 0x8b, 0x83, 0x7c, 0x74, 0x75, 0x76, 0x77, 0x7c, 0x7c, 0x80, 
  0x82, 0x81, 0x7f, 0x80, 0x81, 0x81, 0x81, 0x83, 0x87, 0x88, 0x89, 0x86, 0x7c, 0x78, 0x76, 0x78, 
  0x74, 0x76, 0x7d, 0x7e, 0x84, 0x86, 0x8b, 0x8b, 0x80, 0x80, 0x7b, 0x78, 0x7b, 0x7e, 0x84, 0x87, 
  0x89, 0x85, 0x7f, 0x7e, 0x7c, 0x7b, 0x7b, 0x77, 0x78, 0x79, 0x7f, 0x81, 0x7e, 0x82, 0x83, 0x83, 
  0x84, 0x85, 0x86, 0x88, 0x82, 0x81, 0x7c, 0x7b, 0x77, 0x78, 0x77, 0x7b, 0x81, 0x7c, 0x81, 0x87, 
  0x88, 0x82, 0x7e, 0x7d, 0x7b, 0x7b, 0x81, 0x84, 0x8a, 0x8a, 0x85, 0x83, 0x81, 0x78, 0x71, 0x70, 
  0x74, 0x77, 0x7b, 0x84, 0x89, 0x8d, 0x8c, 0x8b, 0x83, 0x7e, 0x7a, 0x78, 0x79, 0x7d, 0x81, 0x7e, 
  0x83, 0x87, 0x83, 0x82, 0x7f, 0x7a, 0x7c, 0x78, 0x79, 0x7d, 0x7c, 0x84, 0x83, 0x81, 0x81, 0x83, 
  0x83, 0x83, 0x85, 0x7f, 0x7d, 0x7c, 0x80, 0x7f, 0x7d, 0x7c, 0x7d, 0x7e, 0x7e, 0x82, 0x7e, 0x7e, 
  0x80, 0x80, 0x7e, 0x82, 0x83, 0x84, 0x84, 0x83, 0x83, 0x81, 0x7e, 0x7c, 0x78, 0x79, 0x7c, 0x79, 
  0x7e, 0x82, 0x82, 0x83, 0x83, 0x81, 0x80, 0x81, 0x80, 0x7f, 0x83, 0x86, 0x84, 0x84, 0x7f, 0x7d, 
  0x78, 0x77, 0x76, 0x76, 0x79, 0x7e, 0x84, 0x88, 0x86, 0x88, 0x86, 0x80, 0x80, 0x7c, 0x7c, 0x7d, 
  0x7c, 0x7d, 0x81, 0x80, 0x82, 0x82, 0x7f, 0x82, 0x82, 0x7c, 0x7c, 0x7c, 0x7d, 0x7d, 0x7b, 0x7e, 
  0x7c, 0x81, 0x87, 0x86, 0x87, 0x89, 0x84, 0x82, 0x7e, 0x7a, 0x76, 0x72, 0x78, 0x7a, 0x7d, 0x82, 
  0x85, 0x86, 0x84, 0x81, 0x81, 0x80, 0x7d, 0x83, 0x80, 0x81, 0x86, 0x80, 0x84, 0x7f, 0x79, 0x7c, 
  0x79, 0x78, 0x7c, 0x7c, 0x81, 0x84, 0x86, 0x82, 0x82, 0x84, 0x7c, 0x7f, 0x80, 0x7e, 0x81, 0x84, 
  0x83, 0x81, 0x80, 0x7f, 0x7a, 0x77, 0x78, 0x76, 0x79, 0x80, 0x83, 0x86, 0x88, 0x87, 0x85, 0x80, 
  0x80, 0x7d, 0x7c, 0x7f, 0x7d, 0x7d, 0x7f, 0x7f, 0x82, 0x84, 0x82, 0x82, 0x7d, 0x7b, 0x7b, 0x7b, 
  0x7c, 0x7c, 0x7f, 0x80, 0x81, 0x84, 0x85, 0x86, 0x86, 0x86, 0x86, 0x7f, 0x7c, 0x7a, 0x78, 0x7a, 
  0x79, 0x79, 0x7b, 0x7f, 0x83, 0x85, 0x85, 0x85, 0x82, 0x80, 0x81, 0x82, 0x82, 0x7f, 0x7e, 0x7d, 
  0x7c, 0x7e, 0x7e, 0x7d, 0x7e, 0x7d, 0x7e, 0x7e, 0x81, 0x82, 0x7f, 0x81, 0x83, 0x82, 0x82, 0x81, 
  0x7e, 0x7f, 0x7e, 0x7d, 0x7e, 0x7d, 0x80, 0x7f, 0x81, 0x81, 0x7e, 0x7f, 0x7d, 0x7f, 0x80, 0x7e, 
  0x80, 0x82, 0x81, 0x82, 0x82, 0x80, 0x7f, 0x7f, 0x80, 0x7e, 0x7e, 0x80, 0x80, 0x82, 0x81, 0x7e, 
  0x7e, 0x7c, 0x7c, 0x7c, 0x7a, 0x7d, 0x7f, 0x83, 0x85, 0x86, 0x85, 0x84, 0x86, 0x84, 0x7f, 0x7b, 
  0x78, 0x77, 0x77, 0x7a, 0x7d, 0x7f, 0x81, 0x84, 0x86, 0x84, 0x84, 0x82, 0x7f, 0x80, 0x7e, 0x7c, 
  0x7b, 0x7f, 0x80, 0x80, 0x82, 0x80, 0x7f, 0x7e, 0x7d, 0x7e, 0x7d, 0x7d, 0x82, 0x80, 0x81, 0x83, 
  0x82, 0x82, 0x81, 0x81, 0x7f, 0x7e, 0x7e, 0x7d, 0x7d, 0x7f, 0x7f, 0x7e, 0x81, 0x81, 0x80, 0x80, 
  0x7f, 0x7f, 0x7d, 0x7c, 0x7e, 0x7f, 0x7f, 0x82, 0x82, 0x83, 0x84, 0x82, 0x81, 0x80, 0x81, 0x7e, 
  0x7c, 0x7d, 0x7c, 0x7b, 0x7d, 0x7c, 0x7e, 0x80, 0x81, 0x84, 0x84, 0x83, 0x83, 0x81, 0x80, 0x80, 
  0x80, 0x7e, 0x7e, 0x7e, 0x7b, 0x7b, 0x7b, 0x7c, 0x7d, 0x81, 0x84, 0x83, 0x84, 0x82, 0x82, 0x82, 
  0x80, 0x7e, 0x7d, 0x7b, 0x7d, 0x7f, 0x7f, 0x82, 0x84, 0x83, 0x80, 0x7f, 0x7d, 0x7b, 0x7d, 0x7e, 
  0x7e, 0x7f, 0x82, 0x82, 0x83, 0x84, 0x82, 0x80, 0x7e, 0x7e, 0x7d, 0x7d, 0x7f, 0x80, 0x81, 0x81, 
  0x81, 0x7f, 0x7d, 0x7d, 0x7f, 0x7d, 0x7d, 0x7e, 0x7e, 0x82, 0x83, 0x83, 0x83, 0x82, 0x82, 0x81, 
  0x80, 0x7e, 0x7c, 0x7b, 0x7b, 0x7d, 0x7d, 0x7e, 0x7f, 0x81, 0x83, 0x83, 0x82, 0x81, 0x82, 0x81, 
  0x81, 0x7f, 0x7c, 0x7e, 0x7f, 0x7f, 0x7e, 0x7e, 0x7d, 0x7d, 0x7f, 0x7f, 0x80, 0x80, 0x83, 0x83, 
  0x83, 0x83, 0x80, 0x7f, 0x7f, 0x7f, 0x7c, 0x7c, 0x7e, 0x7e, 0x81, 0x82, 0x80, 0x80, 0x80, 0x81, 
  0x7f, 0x7e, 0x7f, 0x7e, 0x7e, 0x7f, 0x7f, 0x7f, 0x80, 0x82, 0x82, 0x81, 0x81, 0x81, 0x81, 0x81, 
  0x7f, 0x7d, 0x7b, 0x7c, 0x7e, 0x7f, 0x80, 0x80, 0x80, 0x80, 0x82, 0x81, 0x80, 0x7f, 0x7f, 0x7f, 
  0x7f, 0x81, 0x82, 0x83, 0x82, 0x80, 0x7d, 0x7a, 0x7a, 0x7a, 0x7d, 0x7f, 0x82, 0x84, 0x86, 0x85, 
  0x83, 0x81, 0x7f, 0x7e, 0x7b, 0x7c, 0x7d, 0x80, 0x80, 0x80, 0x80, 0x7f, 0x7e, 0x7e, 0x80, 0x7f, 
  0x80, 0x81, 0x81, 0x82, 0x82, 0x7f, 0x7f, 0x7f, 0x7e, 0x7f, 0x7e, 0x7e, 0x81, 0x80, 0x80, 0x80, 
  0x7f, 0x80, 0x80, 0x80, 0x7f, 0x7e, 0x7f, 0x80, 0x7f, 0x80, 0x80, 0x7f, 0x7f, 0x7f, 0x7f, 0x80, 
  0x81, 0x83, 0x81, 0x81, 0x7f, 0x7e, 0x7e, 0x7d, 0x7d, 0x7d, 0x7d, 0x7f, 0x81, 0x82, 0x82, 0x81, 
  0x81, 0x81, 0x7f, 0x80, 0x80, 0x80, 0x80, 0x80, 0x7e, 0x7d, 0x7c, 0x7d, 0x7d, 0x7f, 0x7f, 0x80, 
  0x82, 0x83, 0x84, 0x84, 0x82, 0x80, 0x7e, 0x7b, 0x7d, 0x7d, 0x7e, 0x7e, 0x7e, 0x81, 0x81, 0x81, 
  0x83, 0x81, 0x80, 0x7f, 0x7d, 0x7e, 0x7f, 0x7f, 0x80, 0x80, 0x7f, 0x80, 0x80, 0x81, 0x80, 0x80, 
  0x80, 0x7e, 0x7f, 0x7e, 0x7e, 0x7f, 0x80, 0x80, 0x80, 0x80, 0x81, 0x81, 0x80, 0x7f, 0x7f, 0x7e, 
  0x7e, 0x7f, 0x80, 0x80, 0x82, 0x82, 0x81, 0x80, 0x7f, 0x7e, 0x7d, 0x7c, 0x7d, 0x7e, 0x7e, 0x80, 
  0x82, 0x83, 0x83, 0x82, 0x81, 0x80, 0x7f, 0x7f, 0x7f, 0x7e, 0x7e, 0x7e, 0x7e, 0x7e, 0x7f, 0x7f, 
  0x7f, 0x80, 0x80, 0x81, 0x81, 0x82, 0x82, 0x81, 0x7f, 0x7f, 0x7e, 0x7d, 0x7e, 0x7f, 0x7f, 0x80, 
  0x80, 0x7f, 0x80, 0x80, 0x80, 0x80, 0x7f, 0x80, 0x7f, 0x80, 0x80, 0x80, 0x7f, 0x7f, 0x7e, 0x7e, 
  0x7f, 0x80, 0x81, 0x81, 0x81, 0x80, 0x80, 0x7f, 0x7e, 0x7e, 0x7e, 0x7d, 0x7f, 0x80, 0x81, 0x82, 
  0x82, 0x81, 0x80, 0x7f, 0x7e, 0x7e, 0x7e, 0x7f, 0x81, 0x81, 0x81, 0x81, 0x7f, 0x7e, 0x7d, 0x7d, 
  0x7d, 0x7e, 0x7f, 0x81, 0x82, 0x82, 0x83, 0x82, 0x81, 0x7f, 0x7d, 0x7e, 0x7e, 0x7e, 0x7f, 0x7f, 
  0x7f, 0x80, 0x80, 0x80, 0x80, 0x7f, 0x80, 0x81, 0x81, 0x81, 0x80, 0x7f, 0x7f, 0x7f, 0x7f, 0x7f, 
  0x7f, 0x7f, 0x7f, 0x80, 0x81, 0x80, 0x80, 0x80, 0x7f, 0x7e, 0x7f, 0x7f, 0x80, 0x80, 0x81, 0x80, 
  0x7f, 0x7f, 0x7f, 0x7f, 0x7f, 0x80, 0x80, 0x80, 0x80, 0x80, 0x7f, 0x7f, 0x7f, 0x7e, 0x7e, 0x7f, 
  0x7f, 0x81, 0x82, 0x82, 0x81, 0x80, 0x7f, 0x7e, 0x7e, 0x7e, 0x7e, 0x7f, 0x7f, 0x80, 0x81, 0x80, 
  0x80, 0x7f, 0x7e, 0x7e, 0x7e, 0x7f, 0x80, 0x80, 0x81, 0x81, 0x81, 0x80, 0x80, 0x7f, 0x7f, 0x7f, 
  0x7f, 0x7e, 0x7e, 0x7f, 0x7f, 0x80, 0x80, 0x80, 0x80, 0x80, 0x81, 0x80, 0x80, 0x80, 0x7f, 0x7e, 
  0x7e, 0x7f, 0x7e, 0x80, 0x80, 0x80, 0x80, 0x80, 0x80, 0x80, 0x7f, 0x7f, 0x7e, 0x7e, 0x7f, 0x80, 
  0x80, 0x80, 0x80, 0x80, 0x80, 0x80, 0x7f, 0x7f, 0x7f, 0x7f, 0x7f, 0x80, 0x80, 0x80, 0x7f, 0x7f, 
  0x7f, 0x7f, 0x7e, 0x7f, 0x80, 0x81, 0x81, 0x80, 0x80, 0x80, 0x80, 0x7f, 0x7f, 0x7f, 0x7f, 0x7f, 
  0x7f, 0x7f, 0x7f, 0x7f, 0x7f, 0x7f, 0x7f, 0x7f, 0x80, 0x80, 0x81, 0x81, 0x80, 0x7f, 0x7f, 0x7f, 
  0x7f, 0x7f, 0x7f, 0x7f, 0x7f, 0x7f, 0x80, 0x80, 0x80, 0x80, 0x80, 0x80, 0x80, 0x80, 0x80, 0x80, 
  0x80, 0x7f, 0x7f, 0x7f, 0x7f, 0x7f, 0x7f, 0x80, 0x80, 0x80, 0x80, 0x80, 0x80, 0x80, 0x7f, 0x7f, 
  0x7e, 0x7f, 0x7f, 0x80, 0x80, 0x80, 0x80, 0x80, 0x80, 0x80, 0x7f, 0x7f, 0x7f, 0x7f, 0x7f, 0x80, 
  0x80, 0x80, 0x80, 0x7f, 0x7f, 0x7f, 0x7f, 0x80, 0x80, 0x80, 0x80, 0x80, 0x80, 0x80, 0x80, 0x7f, 
  0x7f, 0x7f, 0x7f, 0x7f, 0x7f, 0x80, 0x7f, 0x7f, 0x7f, 0x7f, 0x7f, 0x80, 0x80, 0x80, 0x80, 0x80, 
  0x80, 0x7f, 0x7f, 0x7f, 0x7f, 0x7f, 0x7f, 0x7f, 0x80, 0x80, 0x80, 0x80, 0x80, 0x80, 0x7f, 0x7f, 
  0x80, 0x80, 0x80, 0x80, 0x7f, 0x80, 0x7f, 0x7f, 0x7f, 0x7f, 0x7f, 0x7f, 0x80, 0x80, 0x80, 0x80, 
  0x80, 0x7f, 0x7f, 0x7f, 0x7f, 0x7f, 0x7f, 0x7f, 0x80, 0x80, 0x80, 0x80, 0x80, 0x80, 0x7f, 0x7f, 
  0x7f, 0x7f, 0x7f, 0x80, 0x80, 0x80, 0x7f, 0x7f, 0x80, 0x7f, 0x7f, 0x80, 0x80, 0x80, 0x80, 0x80, 
  0x7f, 0x7f, 0x80, 0x80, 0x7f, 0x7f, 0x7f, 0x7f, 0x80, 0x80, 0x7f, 0x7f, 0x7f, 0x80, 0x80, 0x80, 
  0x80, 0x80, 0x80, 0x80, 0x80, 0x7f, 0x7f, 0x7f, 0x7f, 0x7f, 0x7f, 0x80, 0x80, 0x80, 0x80, 0x7f, 
  0x7f, 0x7f, 0x7f, 0x80, 0x80, 0x80, 0x80, 0x80, 0x80, 0x80, 0x7f, 0x7f, 0x7f, 0x7f, 0x7f, 0x7f, 
  0x80, 0x80, 0x80, 0x80, 0x80, 0x7f, 0x7f, 0x7f, 0x7f, 0x7f, 0x7f, 0x7f, 0x80, 0x80, 0x80, 0x80, 
  0x80, 0x80, 0x80, 0x7f, 0x7f, 0x7f, 0x7f, 0x7f, 0x7f, 0x7f, 0x7f, 0x80, 0x80, 0x80, 0x80, 0x80, 
  0x80, 0x80, 0x80, 0x7f, 0x7f, 0x7f, 0x7f, 0x7f, 0x7f, 0x7f, 0x80, 0x80, 0x80, 0x80, 0x7f, 0x7f, 
  0x7f, 0x7f, 0x80, 0x80, 0x80, 0x80, 0x80, 0x80, 0x80, 0x7f, 0x7f, 0x7f, 0x7f, 0x7f, 0x7f, 0x80, 
  0x80, 0x80, 0x80, 0x80, 0x80, 0x7f, 0x7f, 0x7f, 0x7f, 0x7f, 0x7f, 0x80, 0x80, 0x80, 0x7f, 0x7f, 
  0x7f, 0x7f, 0x7f, 0x80, 0x80, 0x80, 0x80, 0x80, 0x7f, 0x7f, 0x7f, 0x80, 0x7f, 0x7f, 0x7f, 0x80, 
  0x80, 0x80, 0x80, 0x80, 0x7f, 0x80, 0x7f, 0x80, 0x7f, 0x80, 0x7f, 0x7f, 0x7f, 0x7f, 0x80, 0x80, 
  0x7f, 0x7f, 0x80, 0x80, 0x80, 0x80, 0x80, 0x7f, 0x7f, 0x7f, 0x7f, 0x7f, 0x7f, 0x80, 0x80, 0x80, 
  0x80, 0x80, 0x80, 0x7f, 0x7f, 0x7f, 0x7f, 0x7f, 0x7f, 0x80, 0x80, 0x80, 0x80, 0x80, 0x7f, 0x7f, 
  0x7f, 0x7f, 0x7f, 0x7f, 0x80, 0x80, 0x80, 0x80, 0x80, 0x80, 0x80, 0x80, 0x7f, 0x7f, 0x7f, 0x7f, 
  0x7f, 0x7f, 0x80, 0x7f, 0x7f, 0x7f, 0x80, 0x80, 0x80, 0x7f, 0x80, 0x80, 0x80, 0x80, 0x7f, 0x80, 
  0x80, 0x80, 0x80, 0x80, 0x80, 0x7f, 0x80, 0x7f, 0x7f, 0x7f, 0x7f, 0x7f, 0x80, 0x80, 0x80, 0x80, 
  0x80, 0x7f, 0x7f, 0x7f, 0x80, 0x80, 0x7f, 0x7f, 0x80, 0x7f, 0x80, 0x80, 0x7f, 0x7f, 0x7f, 0x80, 
  0x7f, 0x7f, 0x80, 0x7f, 0x7f, 0x7f, 0x7f, 0x7f, 0x80, 0x80, 0x80, 0x80, 0x80, 0x80, 0x80, 0x80, 
  0x7f, 0x7f, 0x7f, 0x7f, 0x7f, 0x80, 0x80, 0x80, 0x80, 0x7f, 0x7f, 0x7f, 0x80, 0x80, 0x80, 0x80, 
  0x80, 0x7f, 0x80, 0x80, 0x7f, 0x7f, 0x7f, 0x7f, 0x7f, 0x7f, 0x80, 0x80, 0x7f, 0x7f, 0x80, 0x7f, 
  0x7f, 0x80, 0x80, 0x80, 0x80, 0x80, 0x80, 0x80, 0x80, 0x80, 0x7f, 0x7f, 0x80, 0x7f, 0x80, 0x80, 
  0x80, 0x7f, 0x7f, 0x7f, 0x7f, 0x7f, 0x80, 0x80, 0x80, 0x80, 0x80, 0x7f, 0x7f, 0x7f, 0x7f, 0x80, 
  0x7f, 0x80, 0x7f, 0x7f, 0x80, 0x80, 0x7f, 0x80, 0x80, 0x80, 0x80, 0x80, 0x80, 0x80, 0x7f, 0x80, 
  0x7f, 0x80, 0x80, 0x80, 0x80, 0x80, 0x80, 0x7f, 0x80, 0x7f, 0x7f, 0x7f, 0x7f, 0x80, 0x80, 0x80, 
  0x80, 0x80, 0x80, 0x80, 0x7f, 0x80, 0x7f, 0x80, 0x80, 0x80, 0x80, 0x7f, 0x80, 0x7f, 0x80, 0x80, 
  0x7f, 0x80, 0x7f, 0x80, 0x80, 0x7f, 0x80, 0x7f, 0x80, 0x7f, 0x80, 0x7f, 0x80, 0x7f, 0x80, 0x80, 
  0x80, 0x80, 0x7f, 0x80, 0x7f, 0x7f, 0x80, 0x7f, 0x80, 0x7f, 0x80, 0x7f, 0x80, 0x7f, 0x80, 0x80, 
  0x80, 0x80, 0x80, 0x80, 0x80, 0x7f, 0x80, 0x7f, 0x80, 0x7f, 0x80, 0x80, 0x7f, 0x80, 0x7f, 0x80, 
  0x7f, 0x80, 0x7f, 0x80, 0x80, 0x80, 0x80, 0x7f, 0x80, 0x7f, 0x80, 0x80, 0x80, 0x80, 0x80, 0x7f, 
  0x80, 0x80, 0x80, 0x80, 0x80, 0x80, 0x80, 0x80, 0x80, 0x7f, 0x80, 0x80, 0x80, 0x80, 0x80, 0x7f, 
  0x80, 0x7f, 0x80, 0x80, 0x7f, 0x80, 0x7f, 0x80, 0x7f, 0x80, 0x7f, 0x80, 0x7f, 0x80, 0x7f, 0x80, 
  0x7f, 0x80, 0x80, 0x80, 0x80, 0x7f, 0x80, 0x80, 0x80, 0x80, 0x80, 0x7f, 0x80, 0x80, 0x7f, 0x80, 
  0x7f, 0x80, 0x7f, 0x80, 0x7f, 0x80, 0x80, 0x7f, 0x80, 0x80, 0x80, 0x80, 0x80, 0x80, 0x80, 0x7f, 
  0x80, 0x80, 0x80, 0x80, 0x80, 0x80, 0x80, 0x80, 0x80, 0x80, 0x80, 0x80, 0x80, 0x80, 0x80, 0x7f, 
  0x80, 0x7f, 0x80, 0x7f, 0x80, 0x7f, 0x80, 0x80, 0x7f, 0x80, 0x80, 0x80, 0x80, 0x7f, 0x80, 0x7f, 
  0x80, 0x80, 0x80, 0x80, 0x80, 0x80, 0x80, 0x80, 0x7f, 0x80, 0x7f, 0x80, 0x80, 0x80, 0x80, 0x80, 
  0x7f, 0x80, 0x7f, 0x80, 0x80, 0x80, 0x7f, 0x80, 0x80, 0x7f, 0x80, 0x7f, 0x80, 0x7f, 0x80, 0x7f, 
  0x80, 0x7f, 0x80, 0x80, 0x80, 0x80, 0x80, 0x80, 0x7f, 0x80, 0x7f, 0x80, 0x7f, 0x80, 0x80, 0x80, 
  0x7f, 0x80, 0x7f, 0x80, 0x7f, 0x80, 0x80, 0x80, 0x80, 0x80, 0x80, 0x7f, 0x80, 0x7f, 0x80, 0x80, 
  0x80, 0x7f, 0x80, 0x7f, 0x80, 0x7f, 0x80, 0x80, 0x80, 0x80, 0x80, 0x80, 0x80, 0x7f, 0x80, 0x80, 
  0x80, 0x80, 0x80, 0x80, 0x80, 0x80, 0x80, 0x80, 0x80, 0x80, 0x7f, 0x80, 0x7f, 0x80, 0x80
};

// Total length of the audio array in bytes
const uint32_t chugSoundLen = sizeof(chugSound);
const uint32_t hornSoundLen = sizeof(hornSound);
